sku,cat,brand,model,model_no,variant,color,color_hex,cost_cny,kg,moq,source_platform,source_url,supplier,cost_verified,blurb_so
GRS-PHN-10001,PHN,Xiaomi,Redmi Note 13,XIA-NOTE-13-10001,4GB · 64GB,Black,#22232A,930,0.6,1,jd,,Shenzhen Huaqiang Mobile Trading,no,"Taleefan / agab taleefan cusub, sanduuqeeda ku jira. Dammaanad iibiye."
GRS-PHN-10001,PHN,Xiaomi,Redmi Note 13,XIA-NOTE-13-10001,6GB · 128GB,Black,#22232A,1094,0.6,1,jd,,Shenzhen Huaqiang Mobile Trading,no,"Taleefan / agab taleefan cusub, sanduuqeeda ku jira. Dammaanad iibiye."
GRS-PHN-10001,PHN,Xiaomi,Redmi Note 13,XIA-NOTE-13-10001,8GB · 256GB,Black,#22232A,1367,0.6,1,jd,,Shenzhen Huaqiang Mobile Trading,no,"Taleefan / agab taleefan cusub, sanduuqeeda ku jira. Dammaanad iibiye."
GRS-PHN-10002,PHN,Xiaomi,Redmi Note 13 Pro,XIA-NOTE-13-PRO-10002,4GB · 64GB,Black,#22232A,1092,0.6,1,jd,,Shenzhen Huaqiang Mobile Trading,no,"Taleefan / agab taleefan cusub, sanduuqeeda ku jira. Dammaanad iibiye."
GRS-PHN-10002,PHN,Xiaomi,Redmi Note 13 Pro,XIA-NOTE-13-PRO-10002,6GB · 128GB,Black,#22232A,1285,0.6,1,jd,,Shenzhen Huaqiang Mobile Trading,no,"Taleefan / agab taleefan cusub, sanduuqeeda ku jira. Dammaanad iibiye."
GRS-PHN-10002,PHN,Xiaomi,Redmi Note 13 Pro,XIA-NOTE-13-PRO-10002,8GB · 256GB,Black,#22232A,1606,0.6,1,jd,,Shenzhen Huaqiang Mobile Trading,no,"Taleefan / agab taleefan cusub, sanduuqeeda ku jira. Dammaanad iibiye."
GRS-PHN-10003,PHN,Xiaomi,Redmi Note 13 Pro+,XIA-NOTE-13-PRO+-10003,4GB · 64GB,Black,#22232A,1297,0.6,1,jd,,Shenzhen Huaqiang Mobile Trading,no,"Taleefan / agab taleefan cusub, sanduuqeeda ku jira. Dammaanad iibiye."
GRS-PHN-10003,PHN,Xiaomi,Redmi Note 13 Pro+,XIA-NOTE-13-PRO+-10003,6GB · 128GB,Black,#22232A,1526,0.6,1,jd,,Shenzhen Huaqiang Mobile Trading,no,"Taleefan / agab taleefan cusub, sanduuqeeda ku jira. Dammaanad iibiye."
GRS-PHN-10003,PHN,Xiaomi,Redmi Note 13 Pro+,XIA-NOTE-13-PRO+-10003,8GB · 256GB,Black,#22232A,1907,0.6,1,jd,,Shenzhen Huaqiang Mobile Trading,no,"Taleefan / agab taleefan cusub, sanduuqeeda ku jira. Dammaanad iibiye."
GRS-PHN-10004,PHN,Xiaomi,Redmi Note 14,XIA-NOTE-14-10004,4GB · 64GB,Black,#22232A,1378,0.6,1,jd,,Shenzhen Huaqiang Mobile Trading,no,"Taleefan / agab taleefan cusub, sanduuqeeda ku jira. Dammaanad iibiye."
GRS-PHN-10004,PHN,Xiaomi,Redmi Note 14,XIA-NOTE-14-10004,6GB · 128GB,Black,#22232A,1621,0.6,1,jd,,Shenzhen Huaqiang Mobile Trading,no,"Taleefan / agab taleefan cusub, sanduuqeeda ku jira. Dammaanad iibiye."
GRS-PHN-10004,PHN,Xiaomi,Redmi Note 14,XIA-NOTE-14-10004,8GB · 256GB,Black,#22232A,2027,0.6,1,jd,,Shenzhen Huaqiang Mobile Trading,no,"Taleefan / agab taleefan cusub, sanduuqeeda ku jira. Dammaanad iibiye."
GRS-PHN-10005,PHN,Xiaomi,Redmi Note 14 Pro,XIA-NOTE-14-PRO-10005,4GB · 64GB,Black,#22232A,1535,0.6,1,jd,,Shenzhen Huaqiang Mobile Trading,no,"Taleefan / agab taleefan cusub, sanduuqeeda ku jira. Dammaanad iibiye."
GRS-PHN-10005,PHN,Xiaomi,Redmi Note 14 Pro,XIA-NOTE-14-PRO-10005,6GB · 128GB,Black,#22232A,1806,0.6,1,jd,,Shenzhen Huaqiang Mobile Trading,no,"Taleefan / agab taleefan cusub, sanduuqeeda ku jira. Dammaanad iibiye."
GRS-PHN-10005,PHN,Xiaomi,Redmi Note 14 Pro,XIA-NOTE-14-PRO-10005,8GB · 256GB,Black,#22232A,2257,0.6,1,jd,,Shenzhen Huaqiang Mobile Trading,no,"Taleefan / agab taleefan cusub, sanduuqeeda ku jira. Dammaanad iibiye."
GRS-PHN-10006,PHN,Xiaomi,Redmi Note 14 Pro+,XIA-NOTE-14-PRO+-10006,4GB · 64GB,Black,#22232A,1701,0.6,1,jd,,Shenzhen Huaqiang Mobile Trading,no,"Taleefan / agab taleefan cusub, sanduuqeeda ku jira. Dammaanad iibiye."
GRS-PHN-10006,PHN,Xiaomi,Redmi Note 14 Pro+,XIA-NOTE-14-PRO+-10006,6GB · 128GB,Black,#22232A,2001,0.6,1,jd,,Shenzhen Huaqiang Mobile Trading,no,"Taleefan / agab taleefan cusub, sanduuqeeda ku jira. Dammaanad iibiye."
GRS-PHN-10006,PHN,Xiaomi,Redmi Note 14 Pro+,XIA-NOTE-14-PRO+-10006,8GB · 256GB,Black,#22232A,2501,0.6,1,jd,,Shenzhen Huaqiang Mobile Trading,no,"Taleefan / agab taleefan cusub, sanduuqeeda ku jira. Dammaanad iibiye."
GRS-PHN-10007,PHN,Xiaomi,Redmi 13,XIA-13-10007,4GB · 64GB,Black,#22232A,1763,0.6,1,jd,,Shenzhen Huaqiang Mobile Trading,no,"Taleefan / agab taleefan cusub, sanduuqeeda ku jira. Dammaanad iibiye."
GRS-PHN-10007,PHN,Xiaomi,Redmi 13,XIA-13-10007,6GB · 128GB,Black,#22232A,2074,0.6,1,jd,,Shenzhen Huaqiang Mobile Trading,no,"Taleefan / agab taleefan cusub, sanduuqeeda ku jira. Dammaanad iibiye."
GRS-PHN-10007,PHN,Xiaomi,Redmi 13,XIA-13-10007,8GB · 256GB,Black,#22232A,2593,0.6,1,jd,,Shenzhen Huaqiang Mobile Trading,no,"Taleefan / agab taleefan cusub, sanduuqeeda ku jira. Dammaanad iibiye."
GRS-PHN-10008,PHN,Xiaomi,Redmi 13C,XIA-13C-10008,4GB · 64GB,Black,#22232A,1985,0.6,1,jd,,Shenzhen Huaqiang Mobile Trading,no,"Taleefan / agab taleefan cusub, sanduuqeeda ku jira. Dammaanad iibiye."
GRS-PHN-10008,PHN,Xiaomi,Redmi 13C,XIA-13C-10008,6GB · 128GB,Black,#22232A,2335,0.6,1,jd,,Shenzhen Huaqiang Mobile Trading,no,"Taleefan / agab taleefan cusub, sanduuqeeda ku jira. Dammaanad iibiye."
GRS-PHN-10008,PHN,Xiaomi,Redmi 13C,XIA-13C-10008,8GB · 256GB,Black,#22232A,2919,0.6,1,jd,,Shenzhen Huaqiang Mobile Trading,no,"Taleefan / agab taleefan cusub, sanduuqeeda ku jira. Dammaanad iibiye."
GRS-PHN-10009,PHN,Xiaomi,Redmi 14C,XIA-14C-10009,4GB · 64GB,Black,#22232A,2165,0.6,1,jd,,Shenzhen Huaqiang Mobile Trading,no,"Taleefan / agab taleefan cusub, sanduuqeeda ku jira. Dammaanad iibiye."
GRS-PHN-10009,PHN,Xiaomi,Redmi 14C,XIA-14C-10009,6GB · 128GB,Black,#22232A,2547,0.6,1,jd,,Shenzhen Huaqiang Mobile Trading,no,"Taleefan / agab taleefan cusub, sanduuqeeda ku jira. Dammaanad iibiye."
GRS-PHN-10009,PHN,Xiaomi,Redmi 14C,XIA-14C-10009,8GB · 256GB,Black,#22232A,3184,0.6,1,jd,,Shenzhen Huaqiang Mobile Trading,no,"Taleefan / agab taleefan cusub, sanduuqeeda ku jira. Dammaanad iibiye."
GRS-PHN-10010,PHN,Xiaomi,Redmi A3,XIA-A3-10010,4GB · 64GB,Black,#22232A,2362,0.6,1,jd,,Shenzhen Huaqiang Mobile Trading,no,"Taleefan / agab taleefan cusub, sanduuqeeda ku jira. Dammaanad iibiye."
GRS-PHN-10010,PHN,Xiaomi,Redmi A3,XIA-A3-10010,6GB · 128GB,Black,#22232A,2778,0.6,1,jd,,Shenzhen Huaqiang Mobile Trading,no,"Taleefan / agab taleefan cusub, sanduuqeeda ku jira. Dammaanad iibiye."
GRS-PHN-10010,PHN,Xiaomi,Redmi A3,XIA-A3-10010,8GB · 256GB,Black,#22232A,3473,0.6,1,jd,,Shenzhen Huaqiang Mobile Trading,no,"Taleefan / agab taleefan cusub, sanduuqeeda ku jira. Dammaanad iibiye."
GRS-PHN-10011,PHN,Xiaomi,Redmi A5,XIA-A5-10011,4GB · 64GB,Black,#22232A,2313,0.6,1,jd,,Shenzhen Huaqiang Mobile Trading,no,"Taleefan / agab taleefan cusub, sanduuqeeda ku jira. Dammaanad iibiye."
GRS-PHN-10011,PHN,Xiaomi,Redmi A5,XIA-A5-10011,6GB · 128GB,Black,#22232A,2721,0.6,1,jd,,Shenzhen Huaqiang Mobile Trading,no,"Taleefan / agab taleefan cusub, sanduuqeeda ku jira. Dammaanad iibiye."
GRS-PHN-10011,PHN,Xiaomi,Redmi A5,XIA-A5-10011,8GB · 256GB,Black,#22232A,3401,0.6,1,jd,,Shenzhen Huaqiang Mobile Trading,no,"Taleefan / agab taleefan cusub, sanduuqeeda ku jira. Dammaanad iibiye."
GRS-PHN-10012,PHN,Xiaomi,Redmi 12,XIA-12-10012,4GB · 64GB,Black,#22232A,2520,0.6,1,jd,,Shenzhen Huaqiang Mobile Trading,no,"Taleefan / agab taleefan cusub, sanduuqeeda ku jira. Dammaanad iibiye."
GRS-PHN-10012,PHN,Xiaomi,Redmi 12,XIA-12-10012,6GB · 128GB,Black,#22232A,2964,0.6,1,jd,,Shenzhen Huaqiang Mobile Trading,no,"Taleefan / agab taleefan cusub, sanduuqeeda ku jira. Dammaanad iibiye."
GRS-PHN-10012,PHN,Xiaomi,Redmi 12,XIA-12-10012,8GB · 256GB,Black,#22232A,3705,0.6,1,jd,,Shenzhen Huaqiang Mobile Trading,no,"Taleefan / agab taleefan cusub, sanduuqeeda ku jira. Dammaanad iibiye."
GRS-PHN-10013,PHN,Xiaomi,Redmi 12C,XIA-12C-10013,4GB · 64GB,Black,#22232A,2596,0.6,1,jd,,Shenzhen Huaqiang Mobile Trading,no,"Taleefan / agab taleefan cusub, sanduuqeeda ku jira. Dammaanad iibiye."
GRS-PHN-10013,PHN,Xiaomi,Redmi 12C,XIA-12C-10013,6GB · 128GB,Black,#22232A,3054,0.6,1,jd,,Shenzhen Huaqiang Mobile Trading,no,"Taleefan / agab taleefan cusub, sanduuqeeda ku jira. Dammaanad iibiye."
GRS-PHN-10013,PHN,Xiaomi,Redmi 12C,XIA-12C-10013,8GB · 256GB,Black,#22232A,3818,0.6,1,jd,,Shenzhen Huaqiang Mobile Trading,no,"Taleefan / agab taleefan cusub, sanduuqeeda ku jira. Dammaanad iibiye."
GRS-PHN-10014,PHN,Xiaomi,Poco X6,XIA-X6-10014,4GB · 64GB,Black,#22232A,1322,0.6,1,jd,,Shenzhen Huaqiang Mobile Trading,no,"Taleefan / agab taleefan cusub, sanduuqeeda ku jira. Dammaanad iibiye."
GRS-PHN-10014,PHN,Xiaomi,Poco X6,XIA-X6-10014,6GB · 128GB,Black,#22232A,1556,0.6,1,jd,,Shenzhen Huaqiang Mobile Trading,no,"Taleefan / agab taleefan cusub, sanduuqeeda ku jira. Dammaanad iibiye."
GRS-PHN-10014,PHN,Xiaomi,Poco X6,XIA-X6-10014,8GB · 256GB,Black,#22232A,1945,0.6,1,jd,,Shenzhen Huaqiang Mobile Trading,no,"Taleefan / agab taleefan cusub, sanduuqeeda ku jira. Dammaanad iibiye."
GRS-PHN-10015,PHN,Xiaomi,Poco X6 Pro,XIA-X6-PRO-10015,4GB · 64GB,Black,#22232A,1513,0.6,1,jd,,Shenzhen Huaqiang Mobile Trading,no,"Taleefan / agab taleefan cusub, sanduuqeeda ku jira. Dammaanad iibiye."
GRS-PHN-10015,PHN,Xiaomi,Poco X6 Pro,XIA-X6-PRO-10015,6GB · 128GB,Black,#22232A,1780,0.6,1,jd,,Shenzhen Huaqiang Mobile Trading,no,"Taleefan / agab taleefan cusub, sanduuqeeda ku jira. Dammaanad iibiye."
GRS-PHN-10015,PHN,Xiaomi,Poco X6 Pro,XIA-X6-PRO-10015,8GB · 256GB,Black,#22232A,2225,0.6,1,jd,,Shenzhen Huaqiang Mobile Trading,no,"Taleefan / agab taleefan cusub, sanduuqeeda ku jira. Dammaanad iibiye."
GRS-PHN-10016,PHN,Xiaomi,Poco F6,XIA-F6-10016,4GB · 64GB,Black,#22232A,1590,0.6,1,jd,,Shenzhen Huaqiang Mobile Trading,no,"Taleefan / agab taleefan cusub, sanduuqeeda ku jira. Dammaanad iibiye."
GRS-PHN-10016,PHN,Xiaomi,Poco F6,XIA-F6-10016,6GB · 128GB,Black,#22232A,1871,0.6,1,jd,,Shenzhen Huaqiang Mobile Trading,no,"Taleefan / agab taleefan cusub, sanduuqeeda ku jira. Dammaanad iibiye."
GRS-PHN-10016,PHN,Xiaomi,Poco F6,XIA-F6-10016,8GB · 256GB,Black,#22232A,2339,0.6,1,jd,,Shenzhen Huaqiang Mobile Trading,no,"Taleefan / agab taleefan cusub, sanduuqeeda ku jira. Dammaanad iibiye."
GRS-PHN-10017,PHN,Xiaomi,Poco F6 Pro,XIA-F6-PRO-10017,4GB · 64GB,Black,#22232A,1996,0.6,1,jd,,Shenzhen Huaqiang Mobile Trading,no,"Taleefan / agab taleefan cusub, sanduuqeeda ku jira. Dammaanad iibiye."
GRS-PHN-10017,PHN,Xiaomi,Poco F6 Pro,XIA-F6-PRO-10017,6GB · 128GB,Black,#22232A,2348,0.6,1,jd,,Shenzhen Huaqiang Mobile Trading,no,"Taleefan / agab taleefan cusub, sanduuqeeda ku jira. Dammaanad iibiye."
GRS-PHN-10017,PHN,Xiaomi,Poco F6 Pro,XIA-F6-PRO-10017,8GB · 256GB,Black,#22232A,2936,0.6,1,jd,,Shenzhen Huaqiang Mobile Trading,no,"Taleefan / agab taleefan cusub, sanduuqeeda ku jira. Dammaanad iibiye."
GRS-PHN-10018,PHN,Xiaomi,Poco M6,XIA-M6-10018,4GB · 64GB,Black,#22232A,2208,0.6,1,jd,,Shenzhen Huaqiang Mobile Trading,no,"Taleefan / agab taleefan cusub, sanduuqeeda ku jira. Dammaanad iibiye."
GRS-PHN-10018,PHN,Xiaomi,Poco M6,XIA-M6-10018,6GB · 128GB,Black,#22232A,2597,0.6,1,jd,,Shenzhen Huaqiang Mobile Trading,no,"Taleefan / agab taleefan cusub, sanduuqeeda ku jira. Dammaanad iibiye."
GRS-PHN-10018,PHN,Xiaomi,Poco M6,XIA-M6-10018,8GB · 256GB,Black,#22232A,3246,0.6,1,jd,,Shenzhen Huaqiang Mobile Trading,no,"Taleefan / agab taleefan cusub, sanduuqeeda ku jira. Dammaanad iibiye."
GRS-PHN-10019,PHN,Xiaomi,Poco M6 Pro,XIA-M6-PRO-10019,4GB · 64GB,Black,#22232A,2337,0.6,1,jd,,Shenzhen Huaqiang Mobile Trading,no,"Taleefan / agab taleefan cusub, sanduuqeeda ku jira. Dammaanad iibiye."
GRS-PHN-10019,PHN,Xiaomi,Poco M6 Pro,XIA-M6-PRO-10019,6GB · 128GB,Black,#22232A,2750,0.6,1,jd,,Shenzhen Huaqiang Mobile Trading,no,"Taleefan / agab taleefan cusub, sanduuqeeda ku jira. Dammaanad iibiye."
GRS-PHN-10019,PHN,Xiaomi,Poco M6 Pro,XIA-M6-PRO-10019,8GB · 256GB,Black,#22232A,3437,0.6,1,jd,,Shenzhen Huaqiang Mobile Trading,no,"Taleefan / agab taleefan cusub, sanduuqeeda ku jira. Dammaanad iibiye."
GRS-PHN-10020,PHN,Xiaomi,Poco C65,XIA-C65-10020,4GB · 64GB,Black,#22232A,2534,0.6,1,jd,,Shenzhen Huaqiang Mobile Trading,no,"Taleefan / agab taleefan cusub, sanduuqeeda ku jira. Dammaanad iibiye."
GRS-PHN-10020,PHN,Xiaomi,Poco C65,XIA-C65-10020,6GB · 128GB,Black,#22232A,2981,0.6,1,jd,,Shenzhen Huaqiang Mobile Trading,no,"Taleefan / agab taleefan cusub, sanduuqeeda ku jira. Dammaanad iibiye."
GRS-PHN-10020,PHN,Xiaomi,Poco C65,XIA-C65-10020,8GB · 256GB,Black,#22232A,3726,0.6,1,jd,,Shenzhen Huaqiang Mobile Trading,no,"Taleefan / agab taleefan cusub, sanduuqeeda ku jira. Dammaanad iibiye."
GRS-PHN-10021,PHN,Xiaomi,Poco C75,XIA-C75-10021,4GB · 64GB,Black,#22232A,2592,0.6,1,jd,,Shenzhen Huaqiang Mobile Trading,no,"Taleefan / agab taleefan cusub, sanduuqeeda ku jira. Dammaanad iibiye."
GRS-PHN-10021,PHN,Xiaomi,Poco C75,XIA-C75-10021,6GB · 128GB,Black,#22232A,3049,0.6,1,jd,,Shenzhen Huaqiang Mobile Trading,no,"Taleefan / agab taleefan cusub, sanduuqeeda ku jira. Dammaanad iibiye."
GRS-PHN-10021,PHN,Xiaomi,Poco C75,XIA-C75-10021,8GB · 256GB,Black,#22232A,3812,0.6,1,jd,,Shenzhen Huaqiang Mobile Trading,no,"Taleefan / agab taleefan cusub, sanduuqeeda ku jira. Dammaanad iibiye."
GRS-PHN-10022,PHN,Xiaomi,13T,XIA-13T-10022,4GB · 64GB,Black,#22232A,2081,0.6,1,jd,,Shenzhen Huaqiang Mobile Trading,no,"Taleefan / agab taleefan cusub, sanduuqeeda ku jira. Dammaanad iibiye."
GRS-PHN-10022,PHN,Xiaomi,13T,XIA-13T-10022,6GB · 128GB,Black,#22232A,2449,0.6,1,jd,,Shenzhen Huaqiang Mobile Trading,no,"Taleefan / agab taleefan cusub, sanduuqeeda ku jira. Dammaanad iibiye."
GRS-PHN-10022,PHN,Xiaomi,13T,XIA-13T-10022,8GB · 256GB,Black,#22232A,3061,0.6,1,jd,,Shenzhen Huaqiang Mobile Trading,no,"Taleefan / agab taleefan cusub, sanduuqeeda ku jira. Dammaanad iibiye."
GRS-PHN-10023,PHN,Xiaomi,14,XIA-14-10023,4GB · 64GB,Black,#22232A,2572,0.6,1,jd,,Shenzhen Huaqiang Mobile Trading,no,"Taleefan / agab taleefan cusub, sanduuqeeda ku jira. Dammaanad iibiye."
GRS-PHN-10023,PHN,Xiaomi,14,XIA-14-10023,6GB · 128GB,Black,#22232A,3026,0.6,1,jd,,Shenzhen Huaqiang Mobile Trading,no,"Taleefan / agab taleefan cusub, sanduuqeeda ku jira. Dammaanad iibiye."
GRS-PHN-10023,PHN,Xiaomi,14,XIA-14-10023,8GB · 256GB,Black,#22232A,3783,0.6,1,jd,,Shenzhen Huaqiang Mobile Trading,no,"Taleefan / agab taleefan cusub, sanduuqeeda ku jira. Dammaanad iibiye."
GRS-PHN-10024,PHN,Xiaomi,14T,XIA-14T-10024,4GB · 64GB,Black,#22232A,2763,0.6,1,jd,,Shenzhen Huaqiang Mobile Trading,no,"Taleefan / agab taleefan cusub, sanduuqeeda ku jira. Dammaanad iibiye."
GRS-PHN-10024,PHN,Xiaomi,14T,XIA-14T-10024,6GB · 128GB,Black,#22232A,3251,0.6,1,jd,,Shenzhen Huaqiang Mobile Trading,no,"Taleefan / agab taleefan cusub, sanduuqeeda ku jira. Dammaanad iibiye."
GRS-PHN-10024,PHN,Xiaomi,14T,XIA-14T-10024,8GB · 256GB,Black,#22232A,4063,0.6,1,jd,,Shenzhen Huaqiang Mobile Trading,no,"Taleefan / agab taleefan cusub, sanduuqeeda ku jira. Dammaanad iibiye."
GRS-PHN-10025,PHN,Xiaomi,14T Pro,XIA-14T-PRO-10025,4GB · 64GB,Black,#22232A,3149,0.6,1,jd,,Shenzhen Huaqiang Mobile Trading,no,"Taleefan / agab taleefan cusub, sanduuqeeda ku jira. Dammaanad iibiye."
GRS-PHN-10025,PHN,Xiaomi,14T Pro,XIA-14T-PRO-10025,6GB · 128GB,Black,#22232A,3705,0.6,1,jd,,Shenzhen Huaqiang Mobile Trading,no,"Taleefan / agab taleefan cusub, sanduuqeeda ku jira. Dammaanad iibiye."
GRS-PHN-10025,PHN,Xiaomi,14T Pro,XIA-14T-PRO-10025,8GB · 256GB,Black,#22232A,4631,0.6,1,jd,,Shenzhen Huaqiang Mobile Trading,no,"Taleefan / agab taleefan cusub, sanduuqeeda ku jira. Dammaanad iibiye."
GRS-PHN-10026,PHN,Xiaomi,15,XIA-15-10026,4GB · 64GB,Black,#22232A,3512,0.6,1,jd,,Shenzhen Huaqiang Mobile Trading,no,"Taleefan / agab taleefan cusub, sanduuqeeda ku jira. Dammaanad iibiye."
GRS-PHN-10026,PHN,Xiaomi,15,XIA-15-10026,6GB · 128GB,Black,#22232A,4132,0.6,1,jd,,Shenzhen Huaqiang Mobile Trading,no,"Taleefan / agab taleefan cusub, sanduuqeeda ku jira. Dammaanad iibiye."
GRS-PHN-10026,PHN,Xiaomi,15,XIA-15-10026,8GB · 256GB,Black,#22232A,5165,0.6,1,jd,,Shenzhen Huaqiang Mobile Trading,no,"Taleefan / agab taleefan cusub, sanduuqeeda ku jira. Dammaanad iibiye."
GRS-PHN-10027,PHN,Tecno,Spark 20,TEC-SPARK-20-10027,4GB · 64GB,Black,#22232A,642,0.6,1,1688,,Shenzhen Huaqiang Mobile Trading,no,"Taleefan / agab taleefan cusub, sanduuqeeda ku jira. Dammaanad iibiye."
GRS-PHN-10027,PHN,Tecno,Spark 20,TEC-SPARK-20-10027,6GB · 128GB,Black,#22232A,755,0.6,1,1688,,Shenzhen Huaqiang Mobile Trading,no,"Taleefan / agab taleefan cusub, sanduuqeeda ku jira. Dammaanad iibiye."
GRS-PHN-10027,PHN,Tecno,Spark 20,TEC-SPARK-20-10027,8GB · 256GB,Black,#22232A,944,0.6,1,1688,,Shenzhen Huaqiang Mobile Trading,no,"Taleefan / agab taleefan cusub, sanduuqeeda ku jira. Dammaanad iibiye."
GRS-PHN-10028,PHN,Tecno,Spark 20 Pro,TEC-SPARK-20-PRO-10028,4GB · 64GB,Black,#22232A,785,0.6,1,1688,,Shenzhen Huaqiang Mobile Trading,no,"Taleefan / agab taleefan cusub, sanduuqeeda ku jira. Dammaanad iibiye."
GRS-PHN-10028,PHN,Tecno,Spark 20 Pro,TEC-SPARK-20-PRO-10028,6GB · 128GB,Black,#22232A,924,0.6,1,1688,,Shenzhen Huaqiang Mobile Trading,no,"Taleefan / agab taleefan cusub, sanduuqeeda ku jira. Dammaanad iibiye."
GRS-PHN-10028,PHN,Tecno,Spark 20 Pro,TEC-SPARK-20-PRO-10028,8GB · 256GB,Black,#22232A,1155,0.6,1,1688,,Shenzhen Huaqiang Mobile Trading,no,"Taleefan / agab taleefan cusub, sanduuqeeda ku jira. Dammaanad iibiye."
GRS-PHN-10029,PHN,Tecno,Spark 30,TEC-SPARK-30-10029,4GB · 64GB,Black,#22232A,891,0.6,1,1688,,Shenzhen Huaqiang Mobile Trading,no,"Taleefan / agab taleefan cusub, sanduuqeeda ku jira. Dammaanad iibiye."
GRS-PHN-10029,PHN,Tecno,Spark 30,TEC-SPARK-30-10029,6GB · 128GB,Black,#22232A,1048,0.6,1,1688,,Shenzhen Huaqiang Mobile Trading,no,"Taleefan / agab taleefan cusub, sanduuqeeda ku jira. Dammaanad iibiye."
GRS-PHN-10029,PHN,Tecno,Spark 30,TEC-SPARK-30-10029,8GB · 256GB,Black,#22232A,1311,0.6,1,1688,,Shenzhen Huaqiang Mobile Trading,no,"Taleefan / agab taleefan cusub, sanduuqeeda ku jira. Dammaanad iibiye."
GRS-PHN-10030,PHN,Tecno,Spark 30C,TEC-SPARK-30C-10030,4GB · 64GB,Black,#22232A,1048,0.6,1,1688,,Shenzhen Huaqiang Mobile Trading,no,"Taleefan / agab taleefan cusub, sanduuqeeda ku jira. Dammaanad iibiye."
GRS-PHN-10030,PHN,Tecno,Spark 30C,TEC-SPARK-30C-10030,6GB · 128GB,Black,#22232A,1233,0.6,1,1688,,Shenzhen Huaqiang Mobile Trading,no,"Taleefan / agab taleefan cusub, sanduuqeeda ku jira. Dammaanad iibiye."
GRS-PHN-10030,PHN,Tecno,Spark 30C,TEC-SPARK-30C-10030,8GB · 256GB,Black,#22232A,1541,0.6,1,1688,,Shenzhen Huaqiang Mobile Trading,no,"Taleefan / agab taleefan cusub, sanduuqeeda ku jira. Dammaanad iibiye."
GRS-PHN-10031,PHN,Tecno,Camon 30,TEC-CAMON-30-10031,4GB · 64GB,Black,#22232A,1118,0.6,1,1688,,Shenzhen Huaqiang Mobile Trading,no,"Taleefan / agab taleefan cusub, sanduuqeeda ku jira. Dammaanad iibiye."
GRS-PHN-10031,PHN,Tecno,Camon 30,TEC-CAMON-30-10031,6GB · 128GB,Black,#22232A,1315,0.6,1,1688,,Shenzhen Huaqiang Mobile Trading,no,"Taleefan / agab taleefan cusub, sanduuqeeda ku jira. Dammaanad iibiye."
GRS-PHN-10031,PHN,Tecno,Camon 30,TEC-CAMON-30-10031,8GB · 256GB,Black,#22232A,1644,0.6,1,1688,,Shenzhen Huaqiang Mobile Trading,no,"Taleefan / agab taleefan cusub, sanduuqeeda ku jira. Dammaanad iibiye."
GRS-PHN-10032,PHN,Tecno,Camon 30 Pro,TEC-CAMON-30-PRO-10032,4GB · 64GB,Black,#22232A,1245,0.6,1,1688,,Shenzhen Huaqiang Mobile Trading,no,"Taleefan / agab taleefan cusub, sanduuqeeda ku jira. Dammaanad iibiye."
GRS-PHN-10032,PHN,Tecno,Camon 30 Pro,TEC-CAMON-30-PRO-10032,6GB · 128GB,Black,#22232A,1464,0.6,1,1688,,Shenzhen Huaqiang Mobile Trading,no,"Taleefan / agab taleefan cusub, sanduuqeeda ku jira. Dammaanad iibiye."
GRS-PHN-10032,PHN,Tecno,Camon 30 Pro,TEC-CAMON-30-PRO-10032,8GB · 256GB,Black,#22232A,1830,0.6,1,1688,,Shenzhen Huaqiang Mobile Trading,no,"Taleefan / agab taleefan cusub, sanduuqeeda ku jira. Dammaanad iibiye."
GRS-PHN-10033,PHN,Tecno,Pova 6,TEC-POVA-6-10033,4GB · 64GB,Black,#22232A,1333,0.6,1,1688,,Shenzhen Huaqiang Mobile Trading,no,"Taleefan / agab taleefan cusub, sanduuqeeda ku jira. Dammaanad iibiye."
GRS-PHN-10033,PHN,Tecno,Pova 6,TEC-POVA-6-10033,6GB · 128GB,Black,#22232A,1568,0.6,1,1688,,Shenzhen Huaqiang Mobile Trading,no,"Taleefan / agab taleefan cusub, sanduuqeeda ku jira. Dammaanad iibiye."
GRS-PHN-10033,PHN,Tecno,Pova 6,TEC-POVA-6-10033,8GB · 256GB,Black,#22232A,1960,0.6,1,1688,,Shenzhen Huaqiang Mobile Trading,no,"Taleefan / agab taleefan cusub, sanduuqeeda ku jira. Dammaanad iibiye."
GRS-PHN-10034,PHN,Tecno,Pova 6 Pro,TEC-POVA-6-PRO-10034,4GB · 64GB,Black,#22232A,1470,0.6,1,1688,,Shenzhen Huaqiang Mobile Trading,no,"Taleefan / agab taleefan cusub, sanduuqeeda ku jira. Dammaanad iibiye."
GRS-PHN-10034,PHN,Tecno,Pova 6 Pro,TEC-POVA-6-PRO-10034,6GB · 128GB,Black,#22232A,1729,0.6,1,1688,,Shenzhen Huaqiang Mobile Trading,no,"Taleefan / agab taleefan cusub, sanduuqeeda ku jira. Dammaanad iibiye."
GRS-PHN-10034,PHN,Tecno,Pova 6 Pro,TEC-POVA-6-PRO-10034,8GB · 256GB,Black,#22232A,2161,0.6,1,1688,,Shenzhen Huaqiang Mobile Trading,no,"Taleefan / agab taleefan cusub, sanduuqeeda ku jira. Dammaanad iibiye."
GRS-PHN-10035,PHN,Tecno,Phantom X2,TEC-PHANTOM-X2-10035,4GB · 64GB,Black,#22232A,1542,0.6,1,1688,,Shenzhen Huaqiang Mobile Trading,no,"Taleefan / agab taleefan cusub, sanduuqeeda ku jira. Dammaanad iibiye."
GRS-PHN-10035,PHN,Tecno,Phantom X2,TEC-PHANTOM-X2-10035,6GB · 128GB,Black,#22232A,1815,0.6,1,1688,,Shenzhen Huaqiang Mobile Trading,no,"Taleefan / agab taleefan cusub, sanduuqeeda ku jira. Dammaanad iibiye."
GRS-PHN-10035,PHN,Tecno,Phantom X2,TEC-PHANTOM-X2-10035,8GB · 256GB,Black,#22232A,2268,0.6,1,1688,,Shenzhen Huaqiang Mobile Trading,no,"Taleefan / agab taleefan cusub, sanduuqeeda ku jira. Dammaanad iibiye."
GRS-PHN-10036,PHN,Tecno,Spark Go 1,TEC-SPARK-GO-1-10036,4GB · 64GB,Black,#22232A,1615,0.6,1,1688,,Shenzhen Huaqiang Mobile Trading,no,"Taleefan / agab taleefan cusub, sanduuqeeda ku jira. Dammaanad iibiye."
GRS-PHN-10036,PHN,Tecno,Spark Go 1,TEC-SPARK-GO-1-10036,6GB · 128GB,Black,#22232A,1900,0.6,1,1688,,Shenzhen Huaqiang Mobile Trading,no,"Taleefan / agab taleefan cusub, sanduuqeeda ku jira. Dammaanad iibiye."
GRS-PHN-10036,PHN,Tecno,Spark Go 1,TEC-SPARK-GO-1-10036,8GB · 256GB,Black,#22232A,2375,0.6,1,1688,,Shenzhen Huaqiang Mobile Trading,no,"Taleefan / agab taleefan cusub, sanduuqeeda ku jira. Dammaanad iibiye."
GRS-PHN-10037,PHN,Infinix,Hot 40,INF-HOT-40-10037,4GB · 64GB,Black,#22232A,676,0.6,1,1688,,Shenzhen Huaqiang Mobile Trading,no,"Taleefan / agab taleefan cusub, sanduuqeeda ku jira. Dammaanad iibiye."
GRS-PHN-10037,PHN,Infinix,Hot 40,INF-HOT-40-10037,6GB · 128GB,Black,#22232A,795,0.6,1,1688,,Shenzhen Huaqiang Mobile Trading,no,"Taleefan / agab taleefan cusub, sanduuqeeda ku jira. Dammaanad iibiye."
GRS-PHN-10037,PHN,Infinix,Hot 40,INF-HOT-40-10037,8GB · 256GB,Black,#22232A,993,0.6,1,1688,,Shenzhen Huaqiang Mobile Trading,no,"Taleefan / agab taleefan cusub, sanduuqeeda ku jira. Dammaanad iibiye."
GRS-PHN-10038,PHN,Infinix,Hot 40i,INF-HOT-40I-10038,4GB · 64GB,Black,#22232A,783,0.6,1,1688,,Shenzhen Huaqiang Mobile Trading,no,"Taleefan / agab taleefan cusub, sanduuqeeda ku jira. Dammaanad iibiye."
GRS-PHN-10038,PHN,Infinix,Hot 40i,INF-HOT-40I-10038,6GB · 128GB,Black,#22232A,922,0.6,1,1688,,Shenzhen Huaqiang Mobile Trading,no,"Taleefan / agab taleefan cusub, sanduuqeeda ku jira. Dammaanad iibiye."
GRS-PHN-10038,PHN,Infinix,Hot 40i,INF-HOT-40I-10038,8GB · 256GB,Black,#22232A,1152,0.6,1,1688,,Shenzhen Huaqiang Mobile Trading,no,"Taleefan / agab taleefan cusub, sanduuqeeda ku jira. Dammaanad iibiye."
GRS-PHN-10039,PHN,Infinix,Hot 50,INF-HOT-50-10039,4GB · 64GB,Black,#22232A,876,0.6,1,1688,,Shenzhen Huaqiang Mobile Trading,no,"Taleefan / agab taleefan cusub, sanduuqeeda ku jira. Dammaanad iibiye."
GRS-PHN-10039,PHN,Infinix,Hot 50,INF-HOT-50-10039,6GB · 128GB,Black,#22232A,1030,0.6,1,1688,,Shenzhen Huaqiang Mobile Trading,no,"Taleefan / agab taleefan cusub, sanduuqeeda ku jira. Dammaanad iibiye."
GRS-PHN-10039,PHN,Infinix,Hot 50,INF-HOT-50-10039,8GB · 256GB,Black,#22232A,1288,0.6,1,1688,,Shenzhen Huaqiang Mobile Trading,no,"Taleefan / agab taleefan cusub, sanduuqeeda ku jira. Dammaanad iibiye."
GRS-PHN-10040,PHN,Infinix,Hot 50i,INF-HOT-50I-10040,4GB · 64GB,Black,#22232A,967,0.6,1,1688,,Shenzhen Huaqiang Mobile Trading,no,"Taleefan / agab taleefan cusub, sanduuqeeda ku jira. Dammaanad iibiye."
GRS-PHN-10040,PHN,Infinix,Hot 50i,INF-HOT-50I-10040,6GB · 128GB,Black,#22232A,1138,0.6,1,1688,,Shenzhen Huaqiang Mobile Trading,no,"Taleefan / agab taleefan cusub, sanduuqeeda ku jira. Dammaanad iibiye."
GRS-PHN-10040,PHN,Infinix,Hot 50i,INF-HOT-50I-10040,8GB · 256GB,Black,#22232A,1422,0.6,1,1688,,Shenzhen Huaqiang Mobile Trading,no,"Taleefan / agab taleefan cusub, sanduuqeeda ku jira. Dammaanad iibiye."
GRS-PHN-10041,PHN,Infinix,Note 40,INF-NOTE-40-10041,4GB · 64GB,Black,#22232A,1022,0.6,1,1688,,Shenzhen Huaqiang Mobile Trading,no,"Taleefan / agab taleefan cusub, sanduuqeeda ku jira. Dammaanad iibiye."
GRS-PHN-10041,PHN,Infinix,Note 40,INF-NOTE-40-10041,6GB · 128GB,Black,#22232A,1203,0.6,1,1688,,Shenzhen Huaqiang Mobile Trading,no,"Taleefan / agab taleefan cusub, sanduuqeeda ku jira. Dammaanad iibiye."
GRS-PHN-10041,PHN,Infinix,Note 40,INF-NOTE-40-10041,8GB · 256GB,Black,#22232A,1503,0.6,1,1688,,Shenzhen Huaqiang Mobile Trading,no,"Taleefan / agab taleefan cusub, sanduuqeeda ku jira. Dammaanad iibiye."
GRS-PHN-10042,PHN,Infinix,Note 40 Pro,INF-NOTE-40-PRO-10042,4GB · 64GB,Black,#22232A,1110,0.6,1,1688,,Shenzhen Huaqiang Mobile Trading,no,"Taleefan / agab taleefan cusub, sanduuqeeda ku jira. Dammaanad iibiye."
GRS-PHN-10042,PHN,Infinix,Note 40 Pro,INF-NOTE-40-PRO-10042,6GB · 128GB,Black,#22232A,1306,0.6,1,1688,,Shenzhen Huaqiang Mobile Trading,no,"Taleefan / agab taleefan cusub, sanduuqeeda ku jira. Dammaanad iibiye."
GRS-PHN-10042,PHN,Infinix,Note 40 Pro,INF-NOTE-40-PRO-10042,8GB · 256GB,Black,#22232A,1633,0.6,1,1688,,Shenzhen Huaqiang Mobile Trading,no,"Taleefan / agab taleefan cusub, sanduuqeeda ku jira. Dammaanad iibiye."
GRS-PHN-10043,PHN,Infinix,Smart 8,INF-SMART-8-10043,4GB · 64GB,Black,#22232A,1218,0.6,1,1688,,Shenzhen Huaqiang Mobile Trading,no,"Taleefan / agab taleefan cusub, sanduuqeeda ku jira. Dammaanad iibiye."
GRS-PHN-10043,PHN,Infinix,Smart 8,INF-SMART-8-10043,6GB · 128GB,Black,#22232A,1433,0.6,1,1688,,Shenzhen Huaqiang Mobile Trading,no,"Taleefan / agab taleefan cusub, sanduuqeeda ku jira. Dammaanad iibiye."
GRS-PHN-10043,PHN,Infinix,Smart 8,INF-SMART-8-10043,8GB · 256GB,Black,#22232A,1791,0.6,1,1688,,Shenzhen Huaqiang Mobile Trading,no,"Taleefan / agab taleefan cusub, sanduuqeeda ku jira. Dammaanad iibiye."
GRS-PHN-10044,PHN,Infinix,Smart 9,INF-SMART-9-10044,4GB · 64GB,Black,#22232A,1282,0.6,1,1688,,Shenzhen Huaqiang Mobile Trading,no,"Taleefan / agab taleefan cusub, sanduuqeeda ku jira. Dammaanad iibiye."
GRS-PHN-10044,PHN,Infinix,Smart 9,INF-SMART-9-10044,6GB · 128GB,Black,#22232A,1508,0.6,1,1688,,Shenzhen Huaqiang Mobile Trading,no,"Taleefan / agab taleefan cusub, sanduuqeeda ku jira. Dammaanad iibiye."
GRS-PHN-10044,PHN,Infinix,Smart 9,INF-SMART-9-10044,8GB · 256GB,Black,#22232A,1885,0.6,1,1688,,Shenzhen Huaqiang Mobile Trading,no,"Taleefan / agab taleefan cusub, sanduuqeeda ku jira. Dammaanad iibiye."
GRS-PHN-10045,PHN,Infinix,Zero 30,INF-ZERO-30-10045,4GB · 64GB,Black,#22232A,1500,0.6,1,1688,,Shenzhen Huaqiang Mobile Trading,no,"Taleefan / agab taleefan cusub, sanduuqeeda ku jira. Dammaanad iibiye."
GRS-PHN-10045,PHN,Infinix,Zero 30,INF-ZERO-30-10045,6GB · 128GB,Black,#22232A,1765,0.6,1,1688,,Shenzhen Huaqiang Mobile Trading,no,"Taleefan / agab taleefan cusub, sanduuqeeda ku jira. Dammaanad iibiye."
GRS-PHN-10045,PHN,Infinix,Zero 30,INF-ZERO-30-10045,8GB · 256GB,Black,#22232A,2206,0.6,1,1688,,Shenzhen Huaqiang Mobile Trading,no,"Taleefan / agab taleefan cusub, sanduuqeeda ku jira. Dammaanad iibiye."
GRS-PHN-10046,PHN,Infinix,GT 20 Pro,INF-GT-20-PRO-10046,4GB · 64GB,Black,#22232A,1537,0.6,1,1688,,Shenzhen Huaqiang Mobile Trading,no,"Taleefan / agab taleefan cusub, sanduuqeeda ku jira. Dammaanad iibiye."
GRS-PHN-10046,PHN,Infinix,GT 20 Pro,INF-GT-20-PRO-10046,6GB · 128GB,Black,#22232A,1808,0.6,1,1688,,Shenzhen Huaqiang Mobile Trading,no,"Taleefan / agab taleefan cusub, sanduuqeeda ku jira. Dammaanad iibiye."
GRS-PHN-10046,PHN,Infinix,GT 20 Pro,INF-GT-20-PRO-10046,8GB · 256GB,Black,#22232A,2260,0.6,1,1688,,Shenzhen Huaqiang Mobile Trading,no,"Taleefan / agab taleefan cusub, sanduuqeeda ku jira. Dammaanad iibiye."
GRS-PHN-10047,PHN,itel,A70,ITE-A70-10047,4GB · 64GB,Black,#22232A,443,0.55,1,1688,,Shenzhen Huaqiang Mobile Trading,no,"Taleefan / agab taleefan cusub, sanduuqeeda ku jira. Dammaanad iibiye."
GRS-PHN-10047,PHN,itel,A70,ITE-A70-10047,6GB · 128GB,Black,#22232A,521,0.55,1,1688,,Shenzhen Huaqiang Mobile Trading,no,"Taleefan / agab taleefan cusub, sanduuqeeda ku jira. Dammaanad iibiye."
GRS-PHN-10047,PHN,itel,A70,ITE-A70-10047,8GB · 256GB,Black,#22232A,651,0.55,1,1688,,Shenzhen Huaqiang Mobile Trading,no,"Taleefan / agab taleefan cusub, sanduuqeeda ku jira. Dammaanad iibiye."
GRS-PHN-10048,PHN,itel,A80,ITE-A80-10048,4GB · 64GB,Black,#22232A,486,0.55,1,1688,,Shenzhen Huaqiang Mobile Trading,no,"Taleefan / agab taleefan cusub, sanduuqeeda ku jira. Dammaanad iibiye."
GRS-PHN-10048,PHN,itel,A80,ITE-A80-10048,6GB · 128GB,Black,#22232A,572,0.55,1,1688,,Shenzhen Huaqiang Mobile Trading,no,"Taleefan / agab taleefan cusub, sanduuqeeda ku jira. Dammaanad iibiye."
GRS-PHN-10048,PHN,itel,A80,ITE-A80-10048,8GB · 256GB,Black,#22232A,715,0.55,1,1688,,Shenzhen Huaqiang Mobile Trading,no,"Taleefan / agab taleefan cusub, sanduuqeeda ku jira. Dammaanad iibiye."
GRS-PHN-10049,PHN,itel,P55,ITE-P55-10049,4GB · 64GB,Black,#22232A,592,0.55,1,1688,,Shenzhen Huaqiang Mobile Trading,no,"Taleefan / agab taleefan cusub, sanduuqeeda ku jira. Dammaanad iibiye."
GRS-PHN-10049,PHN,itel,P55,ITE-P55-10049,6GB · 128GB,Black,#22232A,696,0.55,1,1688,,Shenzhen Huaqiang Mobile Trading,no,"Taleefan / agab taleefan cusub, sanduuqeeda ku jira. Dammaanad iibiye."
GRS-PHN-10049,PHN,itel,P55,ITE-P55-10049,8GB · 256GB,Black,#22232A,870,0.55,1,1688,,Shenzhen Huaqiang Mobile Trading,no,"Taleefan / agab taleefan cusub, sanduuqeeda ku jira. Dammaanad iibiye."
GRS-PHN-10050,PHN,itel,P55+,ITE-P55+-10050,4GB · 64GB,Black,#22232A,655,0.55,1,1688,,Shenzhen Huaqiang Mobile Trading,no,"Taleefan / agab taleefan cusub, sanduuqeeda ku jira. Dammaanad iibiye."
GRS-PHN-10050,PHN,itel,P55+,ITE-P55+-10050,6GB · 128GB,Black,#22232A,771,0.55,1,1688,,Shenzhen Huaqiang Mobile Trading,no,"Taleefan / agab taleefan cusub, sanduuqeeda ku jira. Dammaanad iibiye."
GRS-PHN-10050,PHN,itel,P55+,ITE-P55+-10050,8GB · 256GB,Black,#22232A,964,0.55,1,1688,,Shenzhen Huaqiang Mobile Trading,no,"Taleefan / agab taleefan cusub, sanduuqeeda ku jira. Dammaanad iibiye."
GRS-PHN-10051,PHN,itel,S24,ITE-S24-10051,4GB · 64GB,Black,#22232A,655,0.55,1,1688,,Shenzhen Huaqiang Mobile Trading,no,"Taleefan / agab taleefan cusub, sanduuqeeda ku jira. Dammaanad iibiye."
GRS-PHN-10051,PHN,itel,S24,ITE-S24-10051,6GB · 128GB,Black,#22232A,771,0.55,1,1688,,Shenzhen Huaqiang Mobile Trading,no,"Taleefan / agab taleefan cusub, sanduuqeeda ku jira. Dammaanad iibiye."
GRS-PHN-10051,PHN,itel,S24,ITE-S24-10051,8GB · 256GB,Black,#22232A,964,0.55,1,1688,,Shenzhen Huaqiang Mobile Trading,no,"Taleefan / agab taleefan cusub, sanduuqeeda ku jira. Dammaanad iibiye."
GRS-PHN-10052,PHN,itel,City 100,ITE-CITY-100-10052,4GB · 64GB,Black,#22232A,738,0.55,1,1688,,Shenzhen Huaqiang Mobile Trading,no,"Taleefan / agab taleefan cusub, sanduuqeeda ku jira. Dammaanad iibiye."
GRS-PHN-10052,PHN,itel,City 100,ITE-CITY-100-10052,6GB · 128GB,Black,#22232A,869,0.55,1,1688,,Shenzhen Huaqiang Mobile Trading,no,"Taleefan / agab taleefan cusub, sanduuqeeda ku jira. Dammaanad iibiye."
GRS-PHN-10052,PHN,itel,City 100,ITE-CITY-100-10052,8GB · 256GB,Black,#22232A,1086,0.55,1,1688,,Shenzhen Huaqiang Mobile Trading,no,"Taleefan / agab taleefan cusub, sanduuqeeda ku jira. Dammaanad iibiye."
GRS-PHN-10053,PHN,itel,Vision 5,ITE-VISION-5-10053,4GB · 64GB,Black,#22232A,874,0.55,1,1688,,Shenzhen Huaqiang Mobile Trading,no,"Taleefan / agab taleefan cusub, sanduuqeeda ku jira. Dammaanad iibiye."
GRS-PHN-10053,PHN,itel,Vision 5,ITE-VISION-5-10053,6GB · 128GB,Black,#22232A,1028,0.55,1,1688,,Shenzhen Huaqiang Mobile Trading,no,"Taleefan / agab taleefan cusub, sanduuqeeda ku jira. Dammaanad iibiye."
GRS-PHN-10053,PHN,itel,Vision 5,ITE-VISION-5-10053,8GB · 256GB,Black,#22232A,1285,0.55,1,1688,,Shenzhen Huaqiang Mobile Trading,no,"Taleefan / agab taleefan cusub, sanduuqeeda ku jira. Dammaanad iibiye."
GRS-PHN-10054,PHN,itel,A60s,ITE-A60S-10054,4GB · 64GB,Black,#22232A,898,0.55,1,1688,,Shenzhen Huaqiang Mobile Trading,no,"Taleefan / agab taleefan cusub, sanduuqeeda ku jira. Dammaanad iibiye."
GRS-PHN-10054,PHN,itel,A60s,ITE-A60S-10054,6GB · 128GB,Black,#22232A,1056,0.55,1,1688,,Shenzhen Huaqiang Mobile Trading,no,"Taleefan / agab taleefan cusub, sanduuqeeda ku jira. Dammaanad iibiye."
GRS-PHN-10054,PHN,itel,A60s,ITE-A60S-10054,8GB · 256GB,Black,#22232A,1320,0.55,1,1688,,Shenzhen Huaqiang Mobile Trading,no,"Taleefan / agab taleefan cusub, sanduuqeeda ku jira. Dammaanad iibiye."
GRS-PHN-10055,PHN,Samsung,Galaxy A05,SAM-A05-10055,4GB · 64GB,Black,#22232A,1169,0.6,1,jd,,Shenzhen Huaqiang Mobile Trading,no,"Taleefan / agab taleefan cusub, sanduuqeeda ku jira. Dammaanad iibiye."
GRS-PHN-10055,PHN,Samsung,Galaxy A05,SAM-A05-10055,6GB · 128GB,Black,#22232A,1375,0.6,1,jd,,Shenzhen Huaqiang Mobile Trading,no,"Taleefan / agab taleefan cusub, sanduuqeeda ku jira. Dammaanad iibiye."
GRS-PHN-10055,PHN,Samsung,Galaxy A05,SAM-A05-10055,8GB · 256GB,Black,#22232A,1719,0.6,1,jd,,Shenzhen Huaqiang Mobile Trading,no,"Taleefan / agab taleefan cusub, sanduuqeeda ku jira. Dammaanad iibiye."
GRS-PHN-10056,PHN,Samsung,Galaxy A15,SAM-A15-10056,4GB · 64GB,Black,#22232A,1266,0.6,1,jd,,Shenzhen Huaqiang Mobile Trading,no,"Taleefan / agab taleefan cusub, sanduuqeeda ku jira. Dammaanad iibiye."
GRS-PHN-10056,PHN,Samsung,Galaxy A15,SAM-A15-10056,6GB · 128GB,Black,#22232A,1489,0.6,1,jd,,Shenzhen Huaqiang Mobile Trading,no,"Taleefan / agab taleefan cusub, sanduuqeeda ku jira. Dammaanad iibiye."
GRS-PHN-10056,PHN,Samsung,Galaxy A15,SAM-A15-10056,8GB · 256GB,Black,#22232A,1862,0.6,1,jd,,Shenzhen Huaqiang Mobile Trading,no,"Taleefan / agab taleefan cusub, sanduuqeeda ku jira. Dammaanad iibiye."
GRS-PHN-10057,PHN,Samsung,Galaxy A25,SAM-A25-10057,4GB · 64GB,Black,#22232A,1384,0.6,1,jd,,Shenzhen Huaqiang Mobile Trading,no,"Taleefan / agab taleefan cusub, sanduuqeeda ku jira. Dammaanad iibiye."
GRS-PHN-10057,PHN,Samsung,Galaxy A25,SAM-A25-10057,6GB · 128GB,Black,#22232A,1628,0.6,1,jd,,Shenzhen Huaqiang Mobile Trading,no,"Taleefan / agab taleefan cusub, sanduuqeeda ku jira. Dammaanad iibiye."
GRS-PHN-10057,PHN,Samsung,Galaxy A25,SAM-A25-10057,8GB · 256GB,Black,#22232A,2035,0.6,1,jd,,Shenzhen Huaqiang Mobile Trading,no,"Taleefan / agab taleefan cusub, sanduuqeeda ku jira. Dammaanad iibiye."
GRS-PHN-10058,PHN,Samsung,Galaxy A35,SAM-A35-10058,4GB · 64GB,Black,#22232A,1661,0.6,1,jd,,Shenzhen Huaqiang Mobile Trading,no,"Taleefan / agab taleefan cusub, sanduuqeeda ku jira. Dammaanad iibiye."
GRS-PHN-10058,PHN,Samsung,Galaxy A35,SAM-A35-10058,6GB · 128GB,Black,#22232A,1954,0.6,1,jd,,Shenzhen Huaqiang Mobile Trading,no,"Taleefan / agab taleefan cusub, sanduuqeeda ku jira. Dammaanad iibiye."
GRS-PHN-10058,PHN,Samsung,Galaxy A35,SAM-A35-10058,8GB · 256GB,Black,#22232A,2442,0.6,1,jd,,Shenzhen Huaqiang Mobile Trading,no,"Taleefan / agab taleefan cusub, sanduuqeeda ku jira. Dammaanad iibiye."
GRS-PHN-10059,PHN,Samsung,Galaxy A55,SAM-A55-10059,4GB · 64GB,Black,#22232A,1873,0.6,1,jd,,Shenzhen Huaqiang Mobile Trading,no,"Taleefan / agab taleefan cusub, sanduuqeeda ku jira. Dammaanad iibiye."
GRS-PHN-10059,PHN,Samsung,Galaxy A55,SAM-A55-10059,6GB · 128GB,Black,#22232A,2203,0.6,1,jd,,Shenzhen Huaqiang Mobile Trading,no,"Taleefan / agab taleefan cusub, sanduuqeeda ku jira. Dammaanad iibiye."
GRS-PHN-10059,PHN,Samsung,Galaxy A55,SAM-A55-10059,8GB · 256GB,Black,#22232A,2754,0.6,1,jd,,Shenzhen Huaqiang Mobile Trading,no,"Taleefan / agab taleefan cusub, sanduuqeeda ku jira. Dammaanad iibiye."
GRS-PHN-10060,PHN,Samsung,Galaxy A06,SAM-A06-10060,4GB · 64GB,Black,#22232A,1934,0.6,1,jd,,Shenzhen Huaqiang Mobile Trading,no,"Taleefan / agab taleefan cusub, sanduuqeeda ku jira. Dammaanad iibiye."
GRS-PHN-10060,PHN,Samsung,Galaxy A06,SAM-A06-10060,6GB · 128GB,Black,#22232A,2275,0.6,1,jd,,Shenzhen Huaqiang Mobile Trading,no,"Taleefan / agab taleefan cusub, sanduuqeeda ku jira. Dammaanad iibiye."
GRS-PHN-10060,PHN,Samsung,Galaxy A06,SAM-A06-10060,8GB · 256GB,Black,#22232A,2844,0.6,1,jd,,Shenzhen Huaqiang Mobile Trading,no,"Taleefan / agab taleefan cusub, sanduuqeeda ku jira. Dammaanad iibiye."
GRS-PHN-10061,PHN,Samsung,Galaxy S24,SAM-S24-10061,4GB · 64GB,Black,#22232A,2059,0.6,1,jd,,Shenzhen Huaqiang Mobile Trading,no,"Taleefan / agab taleefan cusub, sanduuqeeda ku jira. Dammaanad iibiye."
GRS-PHN-10061,PHN,Samsung,Galaxy S24,SAM-S24-10061,6GB · 128GB,Black,#22232A,2422,0.6,1,jd,,Shenzhen Huaqiang Mobile Trading,no,"Taleefan / agab taleefan cusub, sanduuqeeda ku jira. Dammaanad iibiye."
GRS-PHN-10061,PHN,Samsung,Galaxy S24,SAM-S24-10061,8GB · 256GB,Black,#22232A,3027,0.6,1,jd,,Shenzhen Huaqiang Mobile Trading,no,"Taleefan / agab taleefan cusub, sanduuqeeda ku jira. Dammaanad iibiye."
GRS-PHN-10062,PHN,Samsung,Galaxy S24 FE,SAM-S24-FE-10062,4GB · 64GB,Black,#22232A,2296,0.6,1,jd,,Shenzhen Huaqiang Mobile Trading,no,"Taleefan / agab taleefan cusub, sanduuqeeda ku jira. Dammaanad iibiye."
GRS-PHN-10062,PHN,Samsung,Galaxy S24 FE,SAM-S24-FE-10062,6GB · 128GB,Black,#22232A,2701,0.6,1,jd,,Shenzhen Huaqiang Mobile Trading,no,"Taleefan / agab taleefan cusub, sanduuqeeda ku jira. Dammaanad iibiye."
GRS-PHN-10062,PHN,Samsung,Galaxy S24 FE,SAM-S24-FE-10062,8GB · 256GB,Black,#22232A,3376,0.6,1,jd,,Shenzhen Huaqiang Mobile Trading,no,"Taleefan / agab taleefan cusub, sanduuqeeda ku jira. Dammaanad iibiye."
GRS-PHN-10063,PHN,Samsung,Galaxy M15,SAM-M15-10063,4GB · 64GB,Black,#22232A,2660,0.6,1,jd,,Shenzhen Huaqiang Mobile Trading,no,"Taleefan / agab taleefan cusub, sanduuqeeda ku jira. Dammaanad iibiye."
GRS-PHN-10063,PHN,Samsung,Galaxy M15,SAM-M15-10063,6GB · 128GB,Black,#22232A,3129,0.6,1,jd,,Shenzhen Huaqiang Mobile Trading,no,"Taleefan / agab taleefan cusub, sanduuqeeda ku jira. Dammaanad iibiye."
GRS-PHN-10063,PHN,Samsung,Galaxy M15,SAM-M15-10063,8GB · 256GB,Black,#22232A,3911,0.6,1,jd,,Shenzhen Huaqiang Mobile Trading,no,"Taleefan / agab taleefan cusub, sanduuqeeda ku jira. Dammaanad iibiye."
GRS-PHN-10064,PHN,Samsung,Galaxy M35,SAM-M35-10064,4GB · 64GB,Black,#22232A,2780,0.6,1,jd,,Shenzhen Huaqiang Mobile Trading,no,"Taleefan / agab taleefan cusub, sanduuqeeda ku jira. Dammaanad iibiye."
GRS-PHN-10064,PHN,Samsung,Galaxy M35,SAM-M35-10064,6GB · 128GB,Black,#22232A,3270,0.6,1,jd,,Shenzhen Huaqiang Mobile Trading,no,"Taleefan / agab taleefan cusub, sanduuqeeda ku jira. Dammaanad iibiye."
GRS-PHN-10064,PHN,Samsung,Galaxy M35,SAM-M35-10064,8GB · 256GB,Black,#22232A,4088,0.6,1,jd,,Shenzhen Huaqiang Mobile Trading,no,"Taleefan / agab taleefan cusub, sanduuqeeda ku jira. Dammaanad iibiye."
GRS-PHN-10065,PHN,Oppo,A18,OPP-A18-10065,4GB · 64GB,Black,#22232A,1054,0.6,1,jd,,Shenzhen Huaqiang Mobile Trading,no,"Taleefan / agab taleefan cusub, sanduuqeeda ku jira. Dammaanad iibiye."
GRS-PHN-10065,PHN,Oppo,A18,OPP-A18-10065,6GB · 128GB,Black,#22232A,1240,0.6,1,jd,,Shenzhen Huaqiang Mobile Trading,no,"Taleefan / agab taleefan cusub, sanduuqeeda ku jira. Dammaanad iibiye."
GRS-PHN-10065,PHN,Oppo,A18,OPP-A18-10065,8GB · 256GB,Black,#22232A,1551,0.6,1,jd,,Shenzhen Huaqiang Mobile Trading,no,"Taleefan / agab taleefan cusub, sanduuqeeda ku jira. Dammaanad iibiye."
GRS-PHN-10066,PHN,Oppo,A38,OPP-A38-10066,4GB · 64GB,Black,#22232A,1243,0.6,1,jd,,Shenzhen Huaqiang Mobile Trading,no,"Taleefan / agab taleefan cusub, sanduuqeeda ku jira. Dammaanad iibiye."
GRS-PHN-10066,PHN,Oppo,A38,OPP-A38-10066,6GB · 128GB,Black,#22232A,1462,0.6,1,jd,,Shenzhen Huaqiang Mobile Trading,no,"Taleefan / agab taleefan cusub, sanduuqeeda ku jira. Dammaanad iibiye."
GRS-PHN-10066,PHN,Oppo,A38,OPP-A38-10066,8GB · 256GB,Black,#22232A,1828,0.6,1,jd,,Shenzhen Huaqiang Mobile Trading,no,"Taleefan / agab taleefan cusub, sanduuqeeda ku jira. Dammaanad iibiye."
GRS-PHN-10067,PHN,Oppo,A58,OPP-A58-10067,4GB · 64GB,Black,#22232A,1389,0.6,1,jd,,Shenzhen Huaqiang Mobile Trading,no,"Taleefan / agab taleefan cusub, sanduuqeeda ku jira. Dammaanad iibiye."
GRS-PHN-10067,PHN,Oppo,A58,OPP-A58-10067,6GB · 128GB,Black,#22232A,1634,0.6,1,jd,,Shenzhen Huaqiang Mobile Trading,no,"Taleefan / agab taleefan cusub, sanduuqeeda ku jira. Dammaanad iibiye."
GRS-PHN-10067,PHN,Oppo,A58,OPP-A58-10067,8GB · 256GB,Black,#22232A,2042,0.6,1,jd,,Shenzhen Huaqiang Mobile Trading,no,"Taleefan / agab taleefan cusub, sanduuqeeda ku jira. Dammaanad iibiye."
GRS-PHN-10068,PHN,Oppo,A60,OPP-A60-10068,4GB · 64GB,Black,#22232A,1549,0.6,1,jd,,Shenzhen Huaqiang Mobile Trading,no,"Taleefan / agab taleefan cusub, sanduuqeeda ku jira. Dammaanad iibiye."
GRS-PHN-10068,PHN,Oppo,A60,OPP-A60-10068,6GB · 128GB,Black,#22232A,1822,0.6,1,jd,,Shenzhen Huaqiang Mobile Trading,no,"Taleefan / agab taleefan cusub, sanduuqeeda ku jira. Dammaanad iibiye."
GRS-PHN-10068,PHN,Oppo,A60,OPP-A60-10068,8GB · 256GB,Black,#22232A,2278,0.6,1,jd,,Shenzhen Huaqiang Mobile Trading,no,"Taleefan / agab taleefan cusub, sanduuqeeda ku jira. Dammaanad iibiye."
GRS-PHN-10069,PHN,Oppo,Reno 11,OPP-RENO-11-10069,4GB · 64GB,Black,#22232A,1877,0.6,1,jd,,Shenzhen Huaqiang Mobile Trading,no,"Taleefan / agab taleefan cusub, sanduuqeeda ku jira. Dammaanad iibiye."
GRS-PHN-10069,PHN,Oppo,Reno 11,OPP-RENO-11-10069,6GB · 128GB,Black,#22232A,2208,0.6,1,jd,,Shenzhen Huaqiang Mobile Trading,no,"Taleefan / agab taleefan cusub, sanduuqeeda ku jira. Dammaanad iibiye."
GRS-PHN-10069,PHN,Oppo,Reno 11,OPP-RENO-11-10069,8GB · 256GB,Black,#22232A,2760,0.6,1,jd,,Shenzhen Huaqiang Mobile Trading,no,"Taleefan / agab taleefan cusub, sanduuqeeda ku jira. Dammaanad iibiye."
GRS-PHN-10070,PHN,Oppo,Reno 12,OPP-RENO-12-10070,4GB · 64GB,Black,#22232A,1912,0.6,1,jd,,Shenzhen Huaqiang Mobile Trading,no,"Taleefan / agab taleefan cusub, sanduuqeeda ku jira. Dammaanad iibiye."
GRS-PHN-10070,PHN,Oppo,Reno 12,OPP-RENO-12-10070,6GB · 128GB,Black,#22232A,2249,0.6,1,jd,,Shenzhen Huaqiang Mobile Trading,no,"Taleefan / agab taleefan cusub, sanduuqeeda ku jira. Dammaanad iibiye."
GRS-PHN-10070,PHN,Oppo,Reno 12,OPP-RENO-12-10070,8GB · 256GB,Black,#22232A,2812,0.6,1,jd,,Shenzhen Huaqiang Mobile Trading,no,"Taleefan / agab taleefan cusub, sanduuqeeda ku jira. Dammaanad iibiye."
GRS-PHN-10071,PHN,Oppo,A3 Pro,OPP-A3-PRO-10071,4GB · 64GB,Black,#22232A,2181,0.6,1,jd,,Shenzhen Huaqiang Mobile Trading,no,"Taleefan / agab taleefan cusub, sanduuqeeda ku jira. Dammaanad iibiye."
GRS-PHN-10071,PHN,Oppo,A3 Pro,OPP-A3-PRO-10071,6GB · 128GB,Black,#22232A,2566,0.6,1,jd,,Shenzhen Huaqiang Mobile Trading,no,"Taleefan / agab taleefan cusub, sanduuqeeda ku jira. Dammaanad iibiye."
GRS-PHN-10071,PHN,Oppo,A3 Pro,OPP-A3-PRO-10071,8GB · 256GB,Black,#22232A,3208,0.6,1,jd,,Shenzhen Huaqiang Mobile Trading,no,"Taleefan / agab taleefan cusub, sanduuqeeda ku jira. Dammaanad iibiye."
GRS-PHN-10072,PHN,Vivo,Y03,VIV-Y03-10072,4GB · 64GB,Black,#22232A,1014,0.6,1,jd,,Shenzhen Huaqiang Mobile Trading,no,"Taleefan / agab taleefan cusub, sanduuqeeda ku jira. Dammaanad iibiye."
GRS-PHN-10072,PHN,Vivo,Y03,VIV-Y03-10072,6GB · 128GB,Black,#22232A,1192,0.6,1,jd,,Shenzhen Huaqiang Mobile Trading,no,"Taleefan / agab taleefan cusub, sanduuqeeda ku jira. Dammaanad iibiye."
GRS-PHN-10072,PHN,Vivo,Y03,VIV-Y03-10072,8GB · 256GB,Black,#22232A,1491,0.6,1,jd,,Shenzhen Huaqiang Mobile Trading,no,"Taleefan / agab taleefan cusub, sanduuqeeda ku jira. Dammaanad iibiye."
GRS-PHN-10073,PHN,Vivo,Y18,VIV-Y18-10073,4GB · 64GB,Black,#22232A,1139,0.6,1,jd,,Shenzhen Huaqiang Mobile Trading,no,"Taleefan / agab taleefan cusub, sanduuqeeda ku jira. Dammaanad iibiye."
GRS-PHN-10073,PHN,Vivo,Y18,VIV-Y18-10073,6GB · 128GB,Black,#22232A,1340,0.6,1,jd,,Shenzhen Huaqiang Mobile Trading,no,"Taleefan / agab taleefan cusub, sanduuqeeda ku jira. Dammaanad iibiye."
GRS-PHN-10073,PHN,Vivo,Y18,VIV-Y18-10073,8GB · 256GB,Black,#22232A,1675,0.6,1,jd,,Shenzhen Huaqiang Mobile Trading,no,"Taleefan / agab taleefan cusub, sanduuqeeda ku jira. Dammaanad iibiye."
GRS-PHN-10074,PHN,Vivo,Y28,VIV-Y28-10074,4GB · 64GB,Black,#22232A,1384,0.6,1,jd,,Shenzhen Huaqiang Mobile Trading,no,"Taleefan / agab taleefan cusub, sanduuqeeda ku jira. Dammaanad iibiye."
GRS-PHN-10074,PHN,Vivo,Y28,VIV-Y28-10074,6GB · 128GB,Black,#22232A,1628,0.6,1,jd,,Shenzhen Huaqiang Mobile Trading,no,"Taleefan / agab taleefan cusub, sanduuqeeda ku jira. Dammaanad iibiye."
GRS-PHN-10074,PHN,Vivo,Y28,VIV-Y28-10074,8GB · 256GB,Black,#22232A,2035,0.6,1,jd,,Shenzhen Huaqiang Mobile Trading,no,"Taleefan / agab taleefan cusub, sanduuqeeda ku jira. Dammaanad iibiye."
GRS-PHN-10075,PHN,Vivo,Y36,VIV-Y36-10075,4GB · 64GB,Black,#22232A,1443,0.6,1,jd,,Shenzhen Huaqiang Mobile Trading,no,"Taleefan / agab taleefan cusub, sanduuqeeda ku jira. Dammaanad iibiye."
GRS-PHN-10075,PHN,Vivo,Y36,VIV-Y36-10075,6GB · 128GB,Black,#22232A,1697,0.6,1,jd,,Shenzhen Huaqiang Mobile Trading,no,"Taleefan / agab taleefan cusub, sanduuqeeda ku jira. Dammaanad iibiye."
GRS-PHN-10075,PHN,Vivo,Y36,VIV-Y36-10075,8GB · 256GB,Black,#22232A,2122,0.6,1,jd,,Shenzhen Huaqiang Mobile Trading,no,"Taleefan / agab taleefan cusub, sanduuqeeda ku jira. Dammaanad iibiye."
GRS-PHN-10076,PHN,Vivo,V30,VIV-V30-10076,4GB · 64GB,Black,#22232A,1702,0.6,1,jd,,Shenzhen Huaqiang Mobile Trading,no,"Taleefan / agab taleefan cusub, sanduuqeeda ku jira. Dammaanad iibiye."
GRS-PHN-10076,PHN,Vivo,V30,VIV-V30-10076,6GB · 128GB,Black,#22232A,2002,0.6,1,jd,,Shenzhen Huaqiang Mobile Trading,no,"Taleefan / agab taleefan cusub, sanduuqeeda ku jira. Dammaanad iibiye."
GRS-PHN-10076,PHN,Vivo,V30,VIV-V30-10076,8GB · 256GB,Black,#22232A,2502,0.6,1,jd,,Shenzhen Huaqiang Mobile Trading,no,"Taleefan / agab taleefan cusub, sanduuqeeda ku jira. Dammaanad iibiye."
GRS-PHN-10077,PHN,Vivo,V40,VIV-V40-10077,4GB · 64GB,Black,#22232A,1752,0.6,1,jd,,Shenzhen Huaqiang Mobile Trading,no,"Taleefan / agab taleefan cusub, sanduuqeeda ku jira. Dammaanad iibiye."
GRS-PHN-10077,PHN,Vivo,V40,VIV-V40-10077,6GB · 128GB,Black,#22232A,2061,0.6,1,jd,,Shenzhen Huaqiang Mobile Trading,no,"Taleefan / agab taleefan cusub, sanduuqeeda ku jira. Dammaanad iibiye."
GRS-PHN-10077,PHN,Vivo,V40,VIV-V40-10077,8GB · 256GB,Black,#22232A,2576,0.6,1,jd,,Shenzhen Huaqiang Mobile Trading,no,"Taleefan / agab taleefan cusub, sanduuqeeda ku jira. Dammaanad iibiye."
GRS-PHN-10078,PHN,Vivo,T3,VIV-T3-10078,4GB · 64GB,Black,#22232A,1980,0.6,1,jd,,Shenzhen Huaqiang Mobile Trading,no,"Taleefan / agab taleefan cusub, sanduuqeeda ku jira. Dammaanad iibiye."
GRS-PHN-10078,PHN,Vivo,T3,VIV-T3-10078,6GB · 128GB,Black,#22232A,2330,0.6,1,jd,,Shenzhen Huaqiang Mobile Trading,no,"Taleefan / agab taleefan cusub, sanduuqeeda ku jira. Dammaanad iibiye."
GRS-PHN-10078,PHN,Vivo,T3,VIV-T3-10078,8GB · 256GB,Black,#22232A,2912,0.6,1,jd,,Shenzhen Huaqiang Mobile Trading,no,"Taleefan / agab taleefan cusub, sanduuqeeda ku jira. Dammaanad iibiye."
GRS-PHN-10079,PHN,Realme,C53,REA-C53-10079,4GB · 64GB,Black,#22232A,821,0.6,1,jd,,Shenzhen Huaqiang Mobile Trading,no,"Taleefan / agab taleefan cusub, sanduuqeeda ku jira. Dammaanad iibiye."
GRS-PHN-10079,PHN,Realme,C53,REA-C53-10079,6GB · 128GB,Black,#22232A,966,0.6,1,jd,,Shenzhen Huaqiang Mobile Trading,no,"Taleefan / agab taleefan cusub, sanduuqeeda ku jira. Dammaanad iibiye."
GRS-PHN-10079,PHN,Realme,C53,REA-C53-10079,8GB · 256GB,Black,#22232A,1207,0.6,1,jd,,Shenzhen Huaqiang Mobile Trading,no,"Taleefan / agab taleefan cusub, sanduuqeeda ku jira. Dammaanad iibiye."
GRS-PHN-10080,PHN,Realme,C55,REA-C55-10080,4GB · 64GB,Black,#22232A,959,0.6,1,jd,,Shenzhen Huaqiang Mobile Trading,no,"Taleefan / agab taleefan cusub, sanduuqeeda ku jira. Dammaanad iibiye."
GRS-PHN-10080,PHN,Realme,C55,REA-C55-10080,6GB · 128GB,Black,#22232A,1128,0.6,1,jd,,Shenzhen Huaqiang Mobile Trading,no,"Taleefan / agab taleefan cusub, sanduuqeeda ku jira. Dammaanad iibiye."
GRS-PHN-10080,PHN,Realme,C55,REA-C55-10080,8GB · 256GB,Black,#22232A,1410,0.6,1,jd,,Shenzhen Huaqiang Mobile Trading,no,"Taleefan / agab taleefan cusub, sanduuqeeda ku jira. Dammaanad iibiye."
GRS-PHN-10081,PHN,Realme,C63,REA-C63-10081,4GB · 64GB,Black,#22232A,1185,0.6,1,jd,,Shenzhen Huaqiang Mobile Trading,no,"Taleefan / agab taleefan cusub, sanduuqeeda ku jira. Dammaanad iibiye."
GRS-PHN-10081,PHN,Realme,C63,REA-C63-10081,6GB · 128GB,Black,#22232A,1395,0.6,1,jd,,Shenzhen Huaqiang Mobile Trading,no,"Taleefan / agab taleefan cusub, sanduuqeeda ku jira. Dammaanad iibiye."
GRS-PHN-10081,PHN,Realme,C63,REA-C63-10081,8GB · 256GB,Black,#22232A,1743,0.6,1,jd,,Shenzhen Huaqiang Mobile Trading,no,"Taleefan / agab taleefan cusub, sanduuqeeda ku jira. Dammaanad iibiye."
GRS-PHN-10082,PHN,Realme,C65,REA-C65-10082,4GB · 64GB,Black,#22232A,1304,0.6,1,jd,,Shenzhen Huaqiang Mobile Trading,no,"Taleefan / agab taleefan cusub, sanduuqeeda ku jira. Dammaanad iibiye."
GRS-PHN-10082,PHN,Realme,C65,REA-C65-10082,6GB · 128GB,Black,#22232A,1534,0.6,1,jd,,Shenzhen Huaqiang Mobile Trading,no,"Taleefan / agab taleefan cusub, sanduuqeeda ku jira. Dammaanad iibiye."
GRS-PHN-10082,PHN,Realme,C65,REA-C65-10082,8GB · 256GB,Black,#22232A,1917,0.6,1,jd,,Shenzhen Huaqiang Mobile Trading,no,"Taleefan / agab taleefan cusub, sanduuqeeda ku jira. Dammaanad iibiye."
GRS-PHN-10083,PHN,Realme,12,REA-12-10083,4GB · 64GB,Black,#22232A,1361,0.6,1,jd,,Shenzhen Huaqiang Mobile Trading,no,"Taleefan / agab taleefan cusub, sanduuqeeda ku jira. Dammaanad iibiye."
GRS-PHN-10083,PHN,Realme,12,REA-12-10083,6GB · 128GB,Black,#22232A,1601,0.6,1,jd,,Shenzhen Huaqiang Mobile Trading,no,"Taleefan / agab taleefan cusub, sanduuqeeda ku jira. Dammaanad iibiye."
GRS-PHN-10083,PHN,Realme,12,REA-12-10083,8GB · 256GB,Black,#22232A,2002,0.6,1,jd,,Shenzhen Huaqiang Mobile Trading,no,"Taleefan / agab taleefan cusub, sanduuqeeda ku jira. Dammaanad iibiye."
GRS-PHN-10084,PHN,Realme,12 Pro,REA-12-PRO-10084,4GB · 64GB,Black,#22232A,1601,0.6,1,jd,,Shenzhen Huaqiang Mobile Trading,no,"Taleefan / agab taleefan cusub, sanduuqeeda ku jira. Dammaanad iibiye."
GRS-PHN-10084,PHN,Realme,12 Pro,REA-12-PRO-10084,6GB · 128GB,Black,#22232A,1883,0.6,1,jd,,Shenzhen Huaqiang Mobile Trading,no,"Taleefan / agab taleefan cusub, sanduuqeeda ku jira. Dammaanad iibiye."
GRS-PHN-10084,PHN,Realme,12 Pro,REA-12-PRO-10084,8GB · 256GB,Black,#22232A,2354,0.6,1,jd,,Shenzhen Huaqiang Mobile Trading,no,"Taleefan / agab taleefan cusub, sanduuqeeda ku jira. Dammaanad iibiye."
GRS-PHN-10085,PHN,Realme,Note 50,REA-NOTE-50-10085,4GB · 64GB,Black,#22232A,1608,0.6,1,jd,,Shenzhen Huaqiang Mobile Trading,no,"Taleefan / agab taleefan cusub, sanduuqeeda ku jira. Dammaanad iibiye."
GRS-PHN-10085,PHN,Realme,Note 50,REA-NOTE-50-10085,6GB · 128GB,Black,#22232A,1892,0.6,1,jd,,Shenzhen Huaqiang Mobile Trading,no,"Taleefan / agab taleefan cusub, sanduuqeeda ku jira. Dammaanad iibiye."
GRS-PHN-10085,PHN,Realme,Note 50,REA-NOTE-50-10085,8GB · 256GB,Black,#22232A,2365,0.6,1,jd,,Shenzhen Huaqiang Mobile Trading,no,"Taleefan / agab taleefan cusub, sanduuqeeda ku jira. Dammaanad iibiye."
GRS-PHN-10086,PHN,Realme,Narzo 70,REA-NARZO-70-10086,4GB · 64GB,Black,#22232A,1779,0.6,1,jd,,Shenzhen Huaqiang Mobile Trading,no,"Taleefan / agab taleefan cusub, sanduuqeeda ku jira. Dammaanad iibiye."
GRS-PHN-10086,PHN,Realme,Narzo 70,REA-NARZO-70-10086,6GB · 128GB,Black,#22232A,2093,0.6,1,jd,,Shenzhen Huaqiang Mobile Trading,no,"Taleefan / agab taleefan cusub, sanduuqeeda ku jira. Dammaanad iibiye."
GRS-PHN-10086,PHN,Realme,Narzo 70,REA-NARZO-70-10086,8GB · 256GB,Black,#22232A,2616,0.6,1,jd,,Shenzhen Huaqiang Mobile Trading,no,"Taleefan / agab taleefan cusub, sanduuqeeda ku jira. Dammaanad iibiye."
GRS-PHN-10087,PHN,Honor,X6b,HON-X6B-10087,4GB · 64GB,Black,#22232A,975,0.6,1,jd,,Shenzhen Huaqiang Mobile Trading,no,"Taleefan / agab taleefan cusub, sanduuqeeda ku jira. Dammaanad iibiye."
GRS-PHN-10087,PHN,Honor,X6b,HON-X6B-10087,6GB · 128GB,Black,#22232A,1147,0.6,1,jd,,Shenzhen Huaqiang Mobile Trading,no,"Taleefan / agab taleefan cusub, sanduuqeeda ku jira. Dammaanad iibiye."
GRS-PHN-10087,PHN,Honor,X6b,HON-X6B-10087,8GB · 256GB,Black,#22232A,1433,0.6,1,jd,,Shenzhen Huaqiang Mobile Trading,no,"Taleefan / agab taleefan cusub, sanduuqeeda ku jira. Dammaanad iibiye."
GRS-PHN-10088,PHN,Honor,X7b,HON-X7B-10088,4GB · 64GB,Black,#22232A,1103,0.6,1,jd,,Shenzhen Huaqiang Mobile Trading,no,"Taleefan / agab taleefan cusub, sanduuqeeda ku jira. Dammaanad iibiye."
GRS-PHN-10088,PHN,Honor,X7b,HON-X7B-10088,6GB · 128GB,Black,#22232A,1298,0.6,1,jd,,Shenzhen Huaqiang Mobile Trading,no,"Taleefan / agab taleefan cusub, sanduuqeeda ku jira. Dammaanad iibiye."
GRS-PHN-10088,PHN,Honor,X7b,HON-X7B-10088,8GB · 256GB,Black,#22232A,1622,0.6,1,jd,,Shenzhen Huaqiang Mobile Trading,no,"Taleefan / agab taleefan cusub, sanduuqeeda ku jira. Dammaanad iibiye."
GRS-PHN-10089,PHN,Honor,X8b,HON-X8B-10089,4GB · 64GB,Black,#22232A,1175,0.6,1,jd,,Shenzhen Huaqiang Mobile Trading,no,"Taleefan / agab taleefan cusub, sanduuqeeda ku jira. Dammaanad iibiye."
GRS-PHN-10089,PHN,Honor,X8b,HON-X8B-10089,6GB · 128GB,Black,#22232A,1382,0.6,1,jd,,Shenzhen Huaqiang Mobile Trading,no,"Taleefan / agab taleefan cusub, sanduuqeeda ku jira. Dammaanad iibiye."
GRS-PHN-10089,PHN,Honor,X8b,HON-X8B-10089,8GB · 256GB,Black,#22232A,1728,0.6,1,jd,,Shenzhen Huaqiang Mobile Trading,no,"Taleefan / agab taleefan cusub, sanduuqeeda ku jira. Dammaanad iibiye."
GRS-PHN-10090,PHN,Honor,X9b,HON-X9B-10090,4GB · 64GB,Black,#22232A,1465,0.6,1,jd,,Shenzhen Huaqiang Mobile Trading,no,"Taleefan / agab taleefan cusub, sanduuqeeda ku jira. Dammaanad iibiye."
GRS-PHN-10090,PHN,Honor,X9b,HON-X9B-10090,6GB · 128GB,Black,#22232A,1724,0.6,1,jd,,Shenzhen Huaqiang Mobile Trading,no,"Taleefan / agab taleefan cusub, sanduuqeeda ku jira. Dammaanad iibiye."
GRS-PHN-10090,PHN,Honor,X9b,HON-X9B-10090,8GB · 256GB,Black,#22232A,2154,0.6,1,jd,,Shenzhen Huaqiang Mobile Trading,no,"Taleefan / agab taleefan cusub, sanduuqeeda ku jira. Dammaanad iibiye."
GRS-PHN-10091,PHN,Honor,200,HON-200-10091,4GB · 64GB,Black,#22232A,1481,0.6,1,jd,,Shenzhen Huaqiang Mobile Trading,no,"Taleefan / agab taleefan cusub, sanduuqeeda ku jira. Dammaanad iibiye."
GRS-PHN-10091,PHN,Honor,200,HON-200-10091,6GB · 128GB,Black,#22232A,1742,0.6,1,jd,,Shenzhen Huaqiang Mobile Trading,no,"Taleefan / agab taleefan cusub, sanduuqeeda ku jira. Dammaanad iibiye."
GRS-PHN-10091,PHN,Honor,200,HON-200-10091,8GB · 256GB,Black,#22232A,2177,0.6,1,jd,,Shenzhen Huaqiang Mobile Trading,no,"Taleefan / agab taleefan cusub, sanduuqeeda ku jira. Dammaanad iibiye."
GRS-PHN-10092,PHN,Honor,200 Lite,HON-200-LITE-10092,4GB · 64GB,Black,#22232A,1634,0.6,1,jd,,Shenzhen Huaqiang Mobile Trading,no,"Taleefan / agab taleefan cusub, sanduuqeeda ku jira. Dammaanad iibiye."
GRS-PHN-10092,PHN,Honor,200 Lite,HON-200-LITE-10092,6GB · 128GB,Black,#22232A,1923,0.6,1,jd,,Shenzhen Huaqiang Mobile Trading,no,"Taleefan / agab taleefan cusub, sanduuqeeda ku jira. Dammaanad iibiye."
GRS-PHN-10092,PHN,Honor,200 Lite,HON-200-LITE-10092,8GB · 256GB,Black,#22232A,2403,0.6,1,jd,,Shenzhen Huaqiang Mobile Trading,no,"Taleefan / agab taleefan cusub, sanduuqeeda ku jira. Dammaanad iibiye."
GRS-PHN-10093,PHN,Anker,PowerCore 10000,ANK-POWERCORE-10000-10093,Standard,White,#F3F1EC,93,0.3,1,jd,,Shenzhen Huaqiang Mobile Trading,no,"Taleefan / agab taleefan cusub, sanduuqeeda ku jira. Dammaanad iibiye."
GRS-PHN-10093,PHN,Anker,PowerCore 10000,ANK-POWERCORE-10000-10093,Standard,Black,#26262A,93,0.3,1,jd,,Shenzhen Huaqiang Mobile Trading,no,"Taleefan / agab taleefan cusub, sanduuqeeda ku jira. Dammaanad iibiye."
GRS-PHN-10093,PHN,Anker,PowerCore 10000,ANK-POWERCORE-10000-10093,Standard,Silver,#C4C7CC,93,0.3,1,jd,,Shenzhen Huaqiang Mobile Trading,no,"Taleefan / agab taleefan cusub, sanduuqeeda ku jira. Dammaanad iibiye."
GRS-PHN-10094,PHN,Anker,PowerCore 20000,ANK-POWERCORE-20000-10094,Standard,White,#F3F1EC,102,0.3,1,jd,,Shenzhen Huaqiang Mobile Trading,no,"Taleefan / agab taleefan cusub, sanduuqeeda ku jira. Dammaanad iibiye."
GRS-PHN-10094,PHN,Anker,PowerCore 20000,ANK-POWERCORE-20000-10094,Standard,Black,#26262A,102,0.3,1,jd,,Shenzhen Huaqiang Mobile Trading,no,"Taleefan / agab taleefan cusub, sanduuqeeda ku jira. Dammaanad iibiye."
GRS-PHN-10094,PHN,Anker,PowerCore 20000,ANK-POWERCORE-20000-10094,Standard,Silver,#C4C7CC,102,0.3,1,jd,,Shenzhen Huaqiang Mobile Trading,no,"Taleefan / agab taleefan cusub, sanduuqeeda ku jira. Dammaanad iibiye."
GRS-PHN-10095,PHN,Anker,PowerCore 26800,ANK-POWERCORE-26800-10095,Standard,White,#F3F1EC,116,0.3,1,jd,,Shenzhen Huaqiang Mobile Trading,no,"Taleefan / agab taleefan cusub, sanduuqeeda ku jira. Dammaanad iibiye."
GRS-PHN-10095,PHN,Anker,PowerCore 26800,ANK-POWERCORE-26800-10095,Standard,Black,#26262A,116,0.3,1,jd,,Shenzhen Huaqiang Mobile Trading,no,"Taleefan / agab taleefan cusub, sanduuqeeda ku jira. Dammaanad iibiye."
GRS-PHN-10095,PHN,Anker,PowerCore 26800,ANK-POWERCORE-26800-10095,Standard,Silver,#C4C7CC,116,0.3,1,jd,,Shenzhen Huaqiang Mobile Trading,no,"Taleefan / agab taleefan cusub, sanduuqeeda ku jira. Dammaanad iibiye."
GRS-PHN-10096,PHN,Anker,Nano 30W,ANK-NANO-30W-10096,Standard,White,#F3F1EC,126,0.3,1,jd,,Shenzhen Huaqiang Mobile Trading,no,"Taleefan / agab taleefan cusub, sanduuqeeda ku jira. Dammaanad iibiye."
GRS-PHN-10096,PHN,Anker,Nano 30W,ANK-NANO-30W-10096,Standard,Black,#26262A,126,0.3,1,jd,,Shenzhen Huaqiang Mobile Trading,no,"Taleefan / agab taleefan cusub, sanduuqeeda ku jira. Dammaanad iibiye."
GRS-PHN-10096,PHN,Anker,Nano 30W,ANK-NANO-30W-10096,Standard,Silver,#C4C7CC,126,0.3,1,jd,,Shenzhen Huaqiang Mobile Trading,no,"Taleefan / agab taleefan cusub, sanduuqeeda ku jira. Dammaanad iibiye."
GRS-PHN-10097,PHN,Anker,735 GaN 65W,ANK-735-GAN-65W-10097,Standard,White,#F3F1EC,140,0.3,1,jd,,Shenzhen Huaqiang Mobile Trading,no,"Taleefan / agab taleefan cusub, sanduuqeeda ku jira. Dammaanad iibiye."
GRS-PHN-10097,PHN,Anker,735 GaN 65W,ANK-735-GAN-65W-10097,Standard,Black,#26262A,140,0.3,1,jd,,Shenzhen Huaqiang Mobile Trading,no,"Taleefan / agab taleefan cusub, sanduuqeeda ku jira. Dammaanad iibiye."
GRS-PHN-10097,PHN,Anker,735 GaN 65W,ANK-735-GAN-65W-10097,Standard,Silver,#C4C7CC,140,0.3,1,jd,,Shenzhen Huaqiang Mobile Trading,no,"Taleefan / agab taleefan cusub, sanduuqeeda ku jira. Dammaanad iibiye."
GRS-PHN-10098,PHN,Anker,USB-C cable 1m,ANK-USB-C-CABLE-1M-10098,Standard,White,#F3F1EC,164,0.3,1,jd,,Shenzhen Huaqiang Mobile Trading,no,"Taleefan / agab taleefan cusub, sanduuqeeda ku jira. Dammaanad iibiye."
GRS-PHN-10098,PHN,Anker,USB-C cable 1m,ANK-USB-C-CABLE-1M-10098,Standard,Black,#26262A,164,0.3,1,jd,,Shenzhen Huaqiang Mobile Trading,no,"Taleefan / agab taleefan cusub, sanduuqeeda ku jira. Dammaanad iibiye."
GRS-PHN-10098,PHN,Anker,USB-C cable 1m,ANK-USB-C-CABLE-1M-10098,Standard,Silver,#C4C7CC,164,0.3,1,jd,,Shenzhen Huaqiang Mobile Trading,no,"Taleefan / agab taleefan cusub, sanduuqeeda ku jira. Dammaanad iibiye."
GRS-PHN-10099,PHN,Anker,USB-C cable 2m,ANK-USB-C-CABLE-2M-10099,Standard,White,#F3F1EC,171,0.3,1,jd,,Shenzhen Huaqiang Mobile Trading,no,"Taleefan / agab taleefan cusub, sanduuqeeda ku jira. Dammaanad iibiye."
GRS-PHN-10099,PHN,Anker,USB-C cable 2m,ANK-USB-C-CABLE-2M-10099,Standard,Black,#26262A,171,0.3,1,jd,,Shenzhen Huaqiang Mobile Trading,no,"Taleefan / agab taleefan cusub, sanduuqeeda ku jira. Dammaanad iibiye."
GRS-PHN-10099,PHN,Anker,USB-C cable 2m,ANK-USB-C-CABLE-2M-10099,Standard,Silver,#C4C7CC,171,0.3,1,jd,,Shenzhen Huaqiang Mobile Trading,no,"Taleefan / agab taleefan cusub, sanduuqeeda ku jira. Dammaanad iibiye."
GRS-PHN-10100,PHN,Anker,Lightning cable 1m,ANK-LIGHTNING-CABLE--10100,Standard,White,#F3F1EC,193,0.3,1,jd,,Shenzhen Huaqiang Mobile Trading,no,"Taleefan / agab taleefan cusub, sanduuqeeda ku jira. Dammaanad iibiye."
GRS-PHN-10100,PHN,Anker,Lightning cable 1m,ANK-LIGHTNING-CABLE--10100,Standard,Black,#26262A,193,0.3,1,jd,,Shenzhen Huaqiang Mobile Trading,no,"Taleefan / agab taleefan cusub, sanduuqeeda ku jira. Dammaanad iibiye."
GRS-PHN-10100,PHN,Anker,Lightning cable 1m,ANK-LIGHTNING-CABLE--10100,Standard,Silver,#C4C7CC,193,0.3,1,jd,,Shenzhen Huaqiang Mobile Trading,no,"Taleefan / agab taleefan cusub, sanduuqeeda ku jira. Dammaanad iibiye."
GRS-PHN-10101,PHN,Anker,PowerPort 20W,ANK-POWERPORT-20W-10101,Standard,White,#F3F1EC,202,0.3,1,jd,,Shenzhen Huaqiang Mobile Trading,no,"Taleefan / agab taleefan cusub, sanduuqeeda ku jira. Dammaanad iibiye."
GRS-PHN-10101,PHN,Anker,PowerPort 20W,ANK-POWERPORT-20W-10101,Standard,Black,#26262A,202,0.3,1,jd,,Shenzhen Huaqiang Mobile Trading,no,"Taleefan / agab taleefan cusub, sanduuqeeda ku jira. Dammaanad iibiye."
GRS-PHN-10101,PHN,Anker,PowerPort 20W,ANK-POWERPORT-20W-10101,Standard,Silver,#C4C7CC,202,0.3,1,jd,,Shenzhen Huaqiang Mobile Trading,no,"Taleefan / agab taleefan cusub, sanduuqeeda ku jira. Dammaanad iibiye."
GRS-PHN-10102,PHN,Anker,Car charger 48W,ANK-CAR-CHARGER-48W-10102,Standard,White,#F3F1EC,218,0.3,1,jd,,Shenzhen Huaqiang Mobile Trading,no,"Taleefan / agab taleefan cusub, sanduuqeeda ku jira. Dammaanad iibiye."
GRS-PHN-10102,PHN,Anker,Car charger 48W,ANK-CAR-CHARGER-48W-10102,Standard,Black,#26262A,218,0.3,1,jd,,Shenzhen Huaqiang Mobile Trading,no,"Taleefan / agab taleefan cusub, sanduuqeeda ku jira. Dammaanad iibiye."
GRS-PHN-10102,PHN,Anker,Car charger 48W,ANK-CAR-CHARGER-48W-10102,Standard,Silver,#C4C7CC,218,0.3,1,jd,,Shenzhen Huaqiang Mobile Trading,no,"Taleefan / agab taleefan cusub, sanduuqeeda ku jira. Dammaanad iibiye."
GRS-PHN-10103,PHN,Anker,Wireless pad 15W,ANK-WIRELESS-PAD-15W-10103,Standard,White,#F3F1EC,247,0.3,1,jd,,Shenzhen Huaqiang Mobile Trading,no,"Taleefan / agab taleefan cusub, sanduuqeeda ku jira. Dammaanad iibiye."
GRS-PHN-10103,PHN,Anker,Wireless pad 15W,ANK-WIRELESS-PAD-15W-10103,Standard,Black,#26262A,247,0.3,1,jd,,Shenzhen Huaqiang Mobile Trading,no,"Taleefan / agab taleefan cusub, sanduuqeeda ku jira. Dammaanad iibiye."
GRS-PHN-10103,PHN,Anker,Wireless pad 15W,ANK-WIRELESS-PAD-15W-10103,Standard,Silver,#C4C7CC,247,0.3,1,jd,,Shenzhen Huaqiang Mobile Trading,no,"Taleefan / agab taleefan cusub, sanduuqeeda ku jira. Dammaanad iibiye."
GRS-PHN-10104,PHN,Anker,737 GaN 120W,ANK-737-GAN-120W-10104,Standard,White,#F3F1EC,248,0.3,1,jd,,Shenzhen Huaqiang Mobile Trading,no,"Taleefan / agab taleefan cusub, sanduuqeeda ku jira. Dammaanad iibiye."
GRS-PHN-10104,PHN,Anker,737 GaN 120W,ANK-737-GAN-120W-10104,Standard,Black,#26262A,248,0.3,1,jd,,Shenzhen Huaqiang Mobile Trading,no,"Taleefan / agab taleefan cusub, sanduuqeeda ku jira. Dammaanad iibiye."
GRS-PHN-10104,PHN,Anker,737 GaN 120W,ANK-737-GAN-120W-10104,Standard,Silver,#C4C7CC,248,0.3,1,jd,,Shenzhen Huaqiang Mobile Trading,no,"Taleefan / agab taleefan cusub, sanduuqeeda ku jira. Dammaanad iibiye."
GRS-PHN-10105,PHN,Baseus,Bowie E9,BAS-BOWIE-E9-10105,Standard,White,#F3F1EC,61,0.3,5,1688,,Shenzhen Huaqiang Mobile Trading,no,"Taleefan / agab taleefan cusub, sanduuqeeda ku jira. Dammaanad iibiye."
GRS-PHN-10105,PHN,Baseus,Bowie E9,BAS-BOWIE-E9-10105,Standard,Black,#26262A,61,0.3,5,1688,,Shenzhen Huaqiang Mobile Trading,no,"Taleefan / agab taleefan cusub, sanduuqeeda ku jira. Dammaanad iibiye."
GRS-PHN-10105,PHN,Baseus,Bowie E9,BAS-BOWIE-E9-10105,Standard,Silver,#C4C7CC,61,0.3,5,1688,,Shenzhen Huaqiang Mobile Trading,no,"Taleefan / agab taleefan cusub, sanduuqeeda ku jira. Dammaanad iibiye."
GRS-PHN-10106,PHN,Baseus,Bowie WM02,BAS-BOWIE-WM02-10106,Standard,White,#F3F1EC,73,0.3,5,1688,,Shenzhen Huaqiang Mobile Trading,no,"Taleefan / agab taleefan cusub, sanduuqeeda ku jira. Dammaanad iibiye."
GRS-PHN-10106,PHN,Baseus,Bowie WM02,BAS-BOWIE-WM02-10106,Standard,Black,#26262A,73,0.3,5,1688,,Shenzhen Huaqiang Mobile Trading,no,"Taleefan / agab taleefan cusub, sanduuqeeda ku jira. Dammaanad iibiye."
GRS-PHN-10106,PHN,Baseus,Bowie WM02,BAS-BOWIE-WM02-10106,Standard,Silver,#C4C7CC,73,0.3,5,1688,,Shenzhen Huaqiang Mobile Trading,no,"Taleefan / agab taleefan cusub, sanduuqeeda ku jira. Dammaanad iibiye."
GRS-PHN-10107,PHN,Baseus,65W GaN charger,BAS-65W-GAN-CHARGER-10107,Standard,White,#F3F1EC,76,0.3,5,1688,,Shenzhen Huaqiang Mobile Trading,no,"Taleefan / agab taleefan cusub, sanduuqeeda ku jira. Dammaanad iibiye."
GRS-PHN-10107,PHN,Baseus,65W GaN charger,BAS-65W-GAN-CHARGER-10107,Standard,Black,#26262A,76,0.3,5,1688,,Shenzhen Huaqiang Mobile Trading,no,"Taleefan / agab taleefan cusub, sanduuqeeda ku jira. Dammaanad iibiye."
GRS-PHN-10107,PHN,Baseus,65W GaN charger,BAS-65W-GAN-CHARGER-10107,Standard,Silver,#C4C7CC,76,0.3,5,1688,,Shenzhen Huaqiang Mobile Trading,no,"Taleefan / agab taleefan cusub, sanduuqeeda ku jira. Dammaanad iibiye."
GRS-PHN-10108,PHN,Baseus,100W GaN charger,BAS-100W-GAN-CHARGER-10108,Standard,White,#F3F1EC,85,0.3,5,1688,,Shenzhen Huaqiang Mobile Trading,no,"Taleefan / agab taleefan cusub, sanduuqeeda ku jira. Dammaanad iibiye."
GRS-PHN-10108,PHN,Baseus,100W GaN charger,BAS-100W-GAN-CHARGER-10108,Standard,Black,#26262A,85,0.3,5,1688,,Shenzhen Huaqiang Mobile Trading,no,"Taleefan / agab taleefan cusub, sanduuqeeda ku jira. Dammaanad iibiye."
GRS-PHN-10108,PHN,Baseus,100W GaN charger,BAS-100W-GAN-CHARGER-10108,Standard,Silver,#C4C7CC,85,0.3,5,1688,,Shenzhen Huaqiang Mobile Trading,no,"Taleefan / agab taleefan cusub, sanduuqeeda ku jira. Dammaanad iibiye."
GRS-PHN-10109,PHN,Baseus,USB-C cable 1m,BAS-USB-C-CABLE-1M-10109,Standard,White,#F3F1EC,103,0.3,5,1688,,Shenzhen Huaqiang Mobile Trading,no,"Taleefan / agab taleefan cusub, sanduuqeeda ku jira. Dammaanad iibiye."
GRS-PHN-10109,PHN,Baseus,USB-C cable 1m,BAS-USB-C-CABLE-1M-10109,Standard,Black,#26262A,103,0.3,5,1688,,Shenzhen Huaqiang Mobile Trading,no,"Taleefan / agab taleefan cusub, sanduuqeeda ku jira. Dammaanad iibiye."
GRS-PHN-10109,PHN,Baseus,USB-C cable 1m,BAS-USB-C-CABLE-1M-10109,Standard,Silver,#C4C7CC,103,0.3,5,1688,,Shenzhen Huaqiang Mobile Trading,no,"Taleefan / agab taleefan cusub, sanduuqeeda ku jira. Dammaanad iibiye."
GRS-PHN-10110,PHN,Baseus,Braided cable 2m,BAS-BRAIDED-CABLE-2M-10110,Standard,White,#F3F1EC,112,0.3,5,1688,,Shenzhen Huaqiang Mobile Trading,no,"Taleefan / agab taleefan cusub, sanduuqeeda ku jira. Dammaanad iibiye."
GRS-PHN-10110,PHN,Baseus,Braided cable 2m,BAS-BRAIDED-CABLE-2M-10110,Standard,Black,#26262A,112,0.3,5,1688,,Shenzhen Huaqiang Mobile Trading,no,"Taleefan / agab taleefan cusub, sanduuqeeda ku jira. Dammaanad iibiye."
GRS-PHN-10110,PHN,Baseus,Braided cable 2m,BAS-BRAIDED-CABLE-2M-10110,Standard,Silver,#C4C7CC,112,0.3,5,1688,,Shenzhen Huaqiang Mobile Trading,no,"Taleefan / agab taleefan cusub, sanduuqeeda ku jira. Dammaanad iibiye."
GRS-PHN-10111,PHN,Baseus,Power bank 20000,BAS-POWER-BANK-20000-10111,Standard,White,#F3F1EC,114,0.3,5,1688,,Shenzhen Huaqiang Mobile Trading,no,"Taleefan / agab taleefan cusub, sanduuqeeda ku jira. Dammaanad iibiye."
GRS-PHN-10111,PHN,Baseus,Power bank 20000,BAS-POWER-BANK-20000-10111,Standard,Black,#26262A,114,0.3,5,1688,,Shenzhen Huaqiang Mobile Trading,no,"Taleefan / agab taleefan cusub, sanduuqeeda ku jira. Dammaanad iibiye."
GRS-PHN-10111,PHN,Baseus,Power bank 20000,BAS-POWER-BANK-20000-10111,Standard,Silver,#C4C7CC,114,0.3,5,1688,,Shenzhen Huaqiang Mobile Trading,no,"Taleefan / agab taleefan cusub, sanduuqeeda ku jira. Dammaanad iibiye."
GRS-PHN-10112,PHN,Baseus,Power bank 30000,BAS-POWER-BANK-30000-10112,Standard,White,#F3F1EC,122,0.3,5,1688,,Shenzhen Huaqiang Mobile Trading,no,"Taleefan / agab taleefan cusub, sanduuqeeda ku jira. Dammaanad iibiye."
GRS-PHN-10112,PHN,Baseus,Power bank 30000,BAS-POWER-BANK-30000-10112,Standard,Black,#26262A,122,0.3,5,1688,,Shenzhen Huaqiang Mobile Trading,no,"Taleefan / agab taleefan cusub, sanduuqeeda ku jira. Dammaanad iibiye."
GRS-PHN-10112,PHN,Baseus,Power bank 30000,BAS-POWER-BANK-30000-10112,Standard,Silver,#C4C7CC,122,0.3,5,1688,,Shenzhen Huaqiang Mobile Trading,no,"Taleefan / agab taleefan cusub, sanduuqeeda ku jira. Dammaanad iibiye."
GRS-PHN-10113,PHN,Baseus,Car holder,BAS-CAR-HOLDER-10113,Standard,White,#F3F1EC,141,0.3,5,1688,,Shenzhen Huaqiang Mobile Trading,no,"Taleefan / agab taleefan cusub, sanduuqeeda ku jira. Dammaanad iibiye."
GRS-PHN-10113,PHN,Baseus,Car holder,BAS-CAR-HOLDER-10113,Standard,Black,#26262A,141,0.3,5,1688,,Shenzhen Huaqiang Mobile Trading,no,"Taleefan / agab taleefan cusub, sanduuqeeda ku jira. Dammaanad iibiye."
GRS-PHN-10113,PHN,Baseus,Car holder,BAS-CAR-HOLDER-10113,Standard,Silver,#C4C7CC,141,0.3,5,1688,,Shenzhen Huaqiang Mobile Trading,no,"Taleefan / agab taleefan cusub, sanduuqeeda ku jira. Dammaanad iibiye."
GRS-PHN-10114,PHN,Baseus,Phone tripod,BAS-PHONE-TRIPOD-10114,Standard,White,#F3F1EC,154,0.3,5,1688,,Shenzhen Huaqiang Mobile Trading,no,"Taleefan / agab taleefan cusub, sanduuqeeda ku jira. Dammaanad iibiye."
GRS-PHN-10114,PHN,Baseus,Phone tripod,BAS-PHONE-TRIPOD-10114,Standard,Black,#26262A,154,0.3,5,1688,,Shenzhen Huaqiang Mobile Trading,no,"Taleefan / agab taleefan cusub, sanduuqeeda ku jira. Dammaanad iibiye."
GRS-PHN-10114,PHN,Baseus,Phone tripod,BAS-PHONE-TRIPOD-10114,Standard,Silver,#C4C7CC,154,0.3,5,1688,,Shenzhen Huaqiang Mobile Trading,no,"Taleefan / agab taleefan cusub, sanduuqeeda ku jira. Dammaanad iibiye."
GRS-PHN-10115,PHN,Baseus,Magnetic wireless pad,BAS-MAGNETIC-WIRELES-10115,Standard,White,#F3F1EC,150,0.3,5,1688,,Shenzhen Huaqiang Mobile Trading,no,"Taleefan / agab taleefan cusub, sanduuqeeda ku jira. Dammaanad iibiye."
GRS-PHN-10115,PHN,Baseus,Magnetic wireless pad,BAS-MAGNETIC-WIRELES-10115,Standard,Black,#26262A,150,0.3,5,1688,,Shenzhen Huaqiang Mobile Trading,no,"Taleefan / agab taleefan cusub, sanduuqeeda ku jira. Dammaanad iibiye."
GRS-PHN-10115,PHN,Baseus,Magnetic wireless pad,BAS-MAGNETIC-WIRELES-10115,Standard,Silver,#C4C7CC,150,0.3,5,1688,,Shenzhen Huaqiang Mobile Trading,no,"Taleefan / agab taleefan cusub, sanduuqeeda ku jira. Dammaanad iibiye."
GRS-PHN-10116,PHN,Baseus,Cable organiser,BAS-CABLE-ORGANISER-10116,Standard,White,#F3F1EC,175,0.3,5,1688,,Shenzhen Huaqiang Mobile Trading,no,"Taleefan / agab taleefan cusub, sanduuqeeda ku jira. Dammaanad iibiye."
GRS-PHN-10116,PHN,Baseus,Cable organiser,BAS-CABLE-ORGANISER-10116,Standard,Black,#26262A,175,0.3,5,1688,,Shenzhen Huaqiang Mobile Trading,no,"Taleefan / agab taleefan cusub, sanduuqeeda ku jira. Dammaanad iibiye."
GRS-PHN-10116,PHN,Baseus,Cable organiser,BAS-CABLE-ORGANISER-10116,Standard,Silver,#C4C7CC,175,0.3,5,1688,,Shenzhen Huaqiang Mobile Trading,no,"Taleefan / agab taleefan cusub, sanduuqeeda ku jira. Dammaanad iibiye."
GRS-PHN-10117,PHN,Ugreen,USB-C cable 1m,UGR-USB-C-CABLE-1M-10117,Standard,White,#F3F1EC,58,0.3,5,1688,,Shenzhen Huaqiang Mobile Trading,no,"Taleefan / agab taleefan cusub, sanduuqeeda ku jira. Dammaanad iibiye."
GRS-PHN-10117,PHN,Ugreen,USB-C cable 1m,UGR-USB-C-CABLE-1M-10117,Standard,Black,#26262A,58,0.3,5,1688,,Shenzhen Huaqiang Mobile Trading,no,"Taleefan / agab taleefan cusub, sanduuqeeda ku jira. Dammaanad iibiye."
GRS-PHN-10117,PHN,Ugreen,USB-C cable 1m,UGR-USB-C-CABLE-1M-10117,Standard,Silver,#C4C7CC,58,0.3,5,1688,,Shenzhen Huaqiang Mobile Trading,no,"Taleefan / agab taleefan cusub, sanduuqeeda ku jira. Dammaanad iibiye."
GRS-PHN-10118,PHN,Ugreen,Fast charger 30W,UGR-FAST-CHARGER-30W-10118,Standard,White,#F3F1EC,65,0.3,5,1688,,Shenzhen Huaqiang Mobile Trading,no,"Taleefan / agab taleefan cusub, sanduuqeeda ku jira. Dammaanad iibiye."
GRS-PHN-10118,PHN,Ugreen,Fast charger 30W,UGR-FAST-CHARGER-30W-10118,Standard,Black,#26262A,65,0.3,5,1688,,Shenzhen Huaqiang Mobile Trading,no,"Taleefan / agab taleefan cusub, sanduuqeeda ku jira. Dammaanad iibiye."
GRS-PHN-10118,PHN,Ugreen,Fast charger 30W,UGR-FAST-CHARGER-30W-10118,Standard,Silver,#C4C7CC,65,0.3,5,1688,,Shenzhen Huaqiang Mobile Trading,no,"Taleefan / agab taleefan cusub, sanduuqeeda ku jira. Dammaanad iibiye."
GRS-PHN-10119,PHN,Ugreen,Fast charger 65W,UGR-FAST-CHARGER-65W-10119,Standard,White,#F3F1EC,72,0.3,5,1688,,Shenzhen Huaqiang Mobile Trading,no,"Taleefan / agab taleefan cusub, sanduuqeeda ku jira. Dammaanad iibiye."
GRS-PHN-10119,PHN,Ugreen,Fast charger 65W,UGR-FAST-CHARGER-65W-10119,Standard,Black,#26262A,72,0.3,5,1688,,Shenzhen Huaqiang Mobile Trading,no,"Taleefan / agab taleefan cusub, sanduuqeeda ku jira. Dammaanad iibiye."
GRS-PHN-10119,PHN,Ugreen,Fast charger 65W,UGR-FAST-CHARGER-65W-10119,Standard,Silver,#C4C7CC,72,0.3,5,1688,,Shenzhen Huaqiang Mobile Trading,no,"Taleefan / agab taleefan cusub, sanduuqeeda ku jira. Dammaanad iibiye."
GRS-PHN-10120,PHN,Ugreen,Nexode 100W,UGR-NEXODE-100W-10120,Standard,White,#F3F1EC,78,0.3,5,1688,,Shenzhen Huaqiang Mobile Trading,no,"Taleefan / agab taleefan cusub, sanduuqeeda ku jira. Dammaanad iibiye."
GRS-PHN-10120,PHN,Ugreen,Nexode 100W,UGR-NEXODE-100W-10120,Standard,Black,#26262A,78,0.3,5,1688,,Shenzhen Huaqiang Mobile Trading,no,"Taleefan / agab taleefan cusub, sanduuqeeda ku jira. Dammaanad iibiye."
GRS-PHN-10120,PHN,Ugreen,Nexode 100W,UGR-NEXODE-100W-10120,Standard,Silver,#C4C7CC,78,0.3,5,1688,,Shenzhen Huaqiang Mobile Trading,no,"Taleefan / agab taleefan cusub, sanduuqeeda ku jira. Dammaanad iibiye."
GRS-PHN-10121,PHN,Ugreen,Power bank 20000,UGR-POWER-BANK-20000-10121,Standard,White,#F3F1EC,85,0.3,5,1688,,Shenzhen Huaqiang Mobile Trading,no,"Taleefan / agab taleefan cusub, sanduuqeeda ku jira. Dammaanad iibiye."
GRS-PHN-10121,PHN,Ugreen,Power bank 20000,UGR-POWER-BANK-20000-10121,Standard,Black,#26262A,85,0.3,5,1688,,Shenzhen Huaqiang Mobile Trading,no,"Taleefan / agab taleefan cusub, sanduuqeeda ku jira. Dammaanad iibiye."
GRS-PHN-10121,PHN,Ugreen,Power bank 20000,UGR-POWER-BANK-20000-10121,Standard,Silver,#C4C7CC,85,0.3,5,1688,,Shenzhen Huaqiang Mobile Trading,no,"Taleefan / agab taleefan cusub, sanduuqeeda ku jira. Dammaanad iibiye."
GRS-PHN-10122,PHN,Ugreen,OTG adapter,UGR-OTG-ADAPTER-10122,Standard,White,#F3F1EC,104,0.3,5,1688,,Shenzhen Huaqiang Mobile Trading,no,"Taleefan / agab taleefan cusub, sanduuqeeda ku jira. Dammaanad iibiye."
GRS-PHN-10122,PHN,Ugreen,OTG adapter,UGR-OTG-ADAPTER-10122,Standard,Black,#26262A,104,0.3,5,1688,,Shenzhen Huaqiang Mobile Trading,no,"Taleefan / agab taleefan cusub, sanduuqeeda ku jira. Dammaanad iibiye."
GRS-PHN-10122,PHN,Ugreen,OTG adapter,UGR-OTG-ADAPTER-10122,Standard,Silver,#C4C7CC,104,0.3,5,1688,,Shenzhen Huaqiang Mobile Trading,no,"Taleefan / agab taleefan cusub, sanduuqeeda ku jira. Dammaanad iibiye."
GRS-PHN-10123,PHN,Ugreen,Type-C hub 5-in-1,UGR-TYPE-C-HUB-5-IN--10123,Standard,White,#F3F1EC,104,0.3,5,1688,,Shenzhen Huaqiang Mobile Trading,no,"Taleefan / agab taleefan cusub, sanduuqeeda ku jira. Dammaanad iibiye."
GRS-PHN-10123,PHN,Ugreen,Type-C hub 5-in-1,UGR-TYPE-C-HUB-5-IN--10123,Standard,Black,#26262A,104,0.3,5,1688,,Shenzhen Huaqiang Mobile Trading,no,"Taleefan / agab taleefan cusub, sanduuqeeda ku jira. Dammaanad iibiye."
GRS-PHN-10123,PHN,Ugreen,Type-C hub 5-in-1,UGR-TYPE-C-HUB-5-IN--10123,Standard,Silver,#C4C7CC,104,0.3,5,1688,,Shenzhen Huaqiang Mobile Trading,no,"Taleefan / agab taleefan cusub, sanduuqeeda ku jira. Dammaanad iibiye."
GRS-PHN-10124,PHN,Ugreen,Lightning cable,UGR-LIGHTNING-CABLE-10124,Standard,White,#F3F1EC,119,0.3,5,1688,,Shenzhen Huaqiang Mobile Trading,no,"Taleefan / agab taleefan cusub, sanduuqeeda ku jira. Dammaanad iibiye."
GRS-PHN-10124,PHN,Ugreen,Lightning cable,UGR-LIGHTNING-CABLE-10124,Standard,Black,#26262A,119,0.3,5,1688,,Shenzhen Huaqiang Mobile Trading,no,"Taleefan / agab taleefan cusub, sanduuqeeda ku jira. Dammaanad iibiye."
GRS-PHN-10124,PHN,Ugreen,Lightning cable,UGR-LIGHTNING-CABLE-10124,Standard,Silver,#C4C7CC,119,0.3,5,1688,,Shenzhen Huaqiang Mobile Trading,no,"Taleefan / agab taleefan cusub, sanduuqeeda ku jira. Dammaanad iibiye."
GRS-PHN-10125,PHN,Ugreen,Car charger,UGR-CAR-CHARGER-10125,Standard,White,#F3F1EC,122,0.3,5,1688,,Shenzhen Huaqiang Mobile Trading,no,"Taleefan / agab taleefan cusub, sanduuqeeda ku jira. Dammaanad iibiye."
GRS-PHN-10125,PHN,Ugreen,Car charger,UGR-CAR-CHARGER-10125,Standard,Black,#26262A,122,0.3,5,1688,,Shenzhen Huaqiang Mobile Trading,no,"Taleefan / agab taleefan cusub, sanduuqeeda ku jira. Dammaanad iibiye."
GRS-PHN-10125,PHN,Ugreen,Car charger,UGR-CAR-CHARGER-10125,Standard,Silver,#C4C7CC,122,0.3,5,1688,,Shenzhen Huaqiang Mobile Trading,no,"Taleefan / agab taleefan cusub, sanduuqeeda ku jira. Dammaanad iibiye."
GRS-PHN-10126,PHN,Ugreen,Earphone adapter,UGR-EARPHONE-ADAPTER-10126,Standard,White,#F3F1EC,139,0.3,5,1688,,Shenzhen Huaqiang Mobile Trading,no,"Taleefan / agab taleefan cusub, sanduuqeeda ku jira. Dammaanad iibiye."
GRS-PHN-10126,PHN,Ugreen,Earphone adapter,UGR-EARPHONE-ADAPTER-10126,Standard,Black,#26262A,139,0.3,5,1688,,Shenzhen Huaqiang Mobile Trading,no,"Taleefan / agab taleefan cusub, sanduuqeeda ku jira. Dammaanad iibiye."
GRS-PHN-10126,PHN,Ugreen,Earphone adapter,UGR-EARPHONE-ADAPTER-10126,Standard,Silver,#C4C7CC,139,0.3,5,1688,,Shenzhen Huaqiang Mobile Trading,no,"Taleefan / agab taleefan cusub, sanduuqeeda ku jira. Dammaanad iibiye."
GRS-PHN-10127,PHN,Generic,Tempered glass — Redmi Note 13,GEN-REDMI-NOTE-13-10127,Standard,—,,8,0.05,50,1688,,Shenzhen Huaqiang Mobile Trading,no,"Taleefan / agab taleefan cusub, sanduuqeeda ku jira. Dammaanad iibiye."
GRS-PHN-10128,PHN,Generic,Tempered glass — Redmi Note 14,GEN-REDMI-NOTE-14-10128,Standard,—,,9,0.05,50,1688,,Shenzhen Huaqiang Mobile Trading,no,"Taleefan / agab taleefan cusub, sanduuqeeda ku jira. Dammaanad iibiye."
GRS-PHN-10129,PHN,Generic,Tempered glass — Redmi 13C,GEN-REDMI-13C-10129,Standard,—,,10,0.05,50,1688,,Shenzhen Huaqiang Mobile Trading,no,"Taleefan / agab taleefan cusub, sanduuqeeda ku jira. Dammaanad iibiye."
GRS-PHN-10130,PHN,Generic,Tempered glass — Tecno Spark 20,GEN-TECNO-SPARK-20-10130,Standard,—,,12,0.05,50,1688,,Shenzhen Huaqiang Mobile Trading,no,"Taleefan / agab taleefan cusub, sanduuqeeda ku jira. Dammaanad iibiye."
GRS-PHN-10131,PHN,Generic,Tempered glass — Tecno Spark 30,GEN-TECNO-SPARK-30-10131,Standard,—,,12,0.05,50,1688,,Shenzhen Huaqiang Mobile Trading,no,"Taleefan / agab taleefan cusub, sanduuqeeda ku jira. Dammaanad iibiye."
GRS-PHN-10132,PHN,Generic,Tempered glass — Infinix Hot 40,GEN-INFINIX-HOT-40-10132,Standard,—,,14,0.05,50,1688,,Shenzhen Huaqiang Mobile Trading,no,"Taleefan / agab taleefan cusub, sanduuqeeda ku jira. Dammaanad iibiye."
GRS-PHN-10133,PHN,Generic,Tempered glass — Infinix Hot 50,GEN-INFINIX-HOT-50-10133,Standard,—,,16,0.05,50,1688,,Shenzhen Huaqiang Mobile Trading,no,"Taleefan / agab taleefan cusub, sanduuqeeda ku jira. Dammaanad iibiye."
GRS-PHN-10134,PHN,Generic,Tempered glass — Galaxy A15,GEN-GALAXY-A15-10134,Standard,—,,18,0.05,50,1688,,Shenzhen Huaqiang Mobile Trading,no,"Taleefan / agab taleefan cusub, sanduuqeeda ku jira. Dammaanad iibiye."
GRS-PHN-10135,PHN,Generic,Tempered glass — Galaxy A55,GEN-GALAXY-A55-10135,Standard,—,,18,0.05,50,1688,,Shenzhen Huaqiang Mobile Trading,no,"Taleefan / agab taleefan cusub, sanduuqeeda ku jira. Dammaanad iibiye."
GRS-PHN-10136,PHN,Generic,Tempered glass — iPhone 13,GEN-IPHONE-13-10136,Standard,—,,19,0.05,50,1688,,Shenzhen Huaqiang Mobile Trading,no,"Taleefan / agab taleefan cusub, sanduuqeeda ku jira. Dammaanad iibiye."
GRS-PHN-10137,PHN,Generic,Tempered glass — iPhone 14,GEN-IPHONE-14-10137,Standard,—,,22,0.05,50,1688,,Shenzhen Huaqiang Mobile Trading,no,"Taleefan / agab taleefan cusub, sanduuqeeda ku jira. Dammaanad iibiye."
GRS-PHN-10138,PHN,Generic,Tempered glass — iPhone 15,GEN-IPHONE-15-10138,Standard,—,,21,0.05,50,1688,,Shenzhen Huaqiang Mobile Trading,no,"Taleefan / agab taleefan cusub, sanduuqeeda ku jira. Dammaanad iibiye."
GRS-PHN-10139,PHN,Generic,Silicone case — Redmi Note 13,GEN-REDMI-NOTE-13-10139,Standard,Black,#22232A,9,0.06,50,1688,,Shenzhen Huaqiang Mobile Trading,no,"Taleefan / agab taleefan cusub, sanduuqeeda ku jira. Dammaanad iibiye."
GRS-PHN-10139,PHN,Generic,Silicone case — Redmi Note 13,GEN-REDMI-NOTE-13-10139,Standard,Blue,#3F6FB5,9,0.06,50,1688,,Shenzhen Huaqiang Mobile Trading,no,"Taleefan / agab taleefan cusub, sanduuqeeda ku jira. Dammaanad iibiye."
GRS-PHN-10139,PHN,Generic,Silicone case — Redmi Note 13,GEN-REDMI-NOTE-13-10139,Standard,Green,#5C8A6B,9,0.06,50,1688,,Shenzhen Huaqiang Mobile Trading,no,"Taleefan / agab taleefan cusub, sanduuqeeda ku jira. Dammaanad iibiye."
GRS-PHN-10140,PHN,Generic,Silicone case — Redmi Note 14,GEN-REDMI-NOTE-14-10140,Standard,Black,#22232A,11,0.06,50,1688,,Shenzhen Huaqiang Mobile Trading,no,"Taleefan / agab taleefan cusub, sanduuqeeda ku jira. Dammaanad iibiye."
GRS-PHN-10140,PHN,Generic,Silicone case — Redmi Note 14,GEN-REDMI-NOTE-14-10140,Standard,Blue,#3F6FB5,11,0.06,50,1688,,Shenzhen Huaqiang Mobile Trading,no,"Taleefan / agab taleefan cusub, sanduuqeeda ku jira. Dammaanad iibiye."
GRS-PHN-10140,PHN,Generic,Silicone case — Redmi Note 14,GEN-REDMI-NOTE-14-10140,Standard,Green,#5C8A6B,11,0.06,50,1688,,Shenzhen Huaqiang Mobile Trading,no,"Taleefan / agab taleefan cusub, sanduuqeeda ku jira. Dammaanad iibiye."
GRS-PHN-10141,PHN,Generic,Silicone case — Redmi 13C,GEN-REDMI-13C-10141,Standard,Black,#22232A,13,0.06,50,1688,,Shenzhen Huaqiang Mobile Trading,no,"Taleefan / agab taleefan cusub, sanduuqeeda ku jira. Dammaanad iibiye."
GRS-PHN-10141,PHN,Generic,Silicone case — Redmi 13C,GEN-REDMI-13C-10141,Standard,Blue,#3F6FB5,13,0.06,50,1688,,Shenzhen Huaqiang Mobile Trading,no,"Taleefan / agab taleefan cusub, sanduuqeeda ku jira. Dammaanad iibiye."
GRS-PHN-10141,PHN,Generic,Silicone case — Redmi 13C,GEN-REDMI-13C-10141,Standard,Green,#5C8A6B,13,0.06,50,1688,,Shenzhen Huaqiang Mobile Trading,no,"Taleefan / agab taleefan cusub, sanduuqeeda ku jira. Dammaanad iibiye."
GRS-PHN-10142,PHN,Generic,Silicone case — Tecno Spark 20,GEN-TECNO-SPARK-20-10142,Standard,Black,#22232A,14,0.06,50,1688,,Shenzhen Huaqiang Mobile Trading,no,"Taleefan / agab taleefan cusub, sanduuqeeda ku jira. Dammaanad iibiye."
GRS-PHN-10142,PHN,Generic,Silicone case — Tecno Spark 20,GEN-TECNO-SPARK-20-10142,Standard,Blue,#3F6FB5,14,0.06,50,1688,,Shenzhen Huaqiang Mobile Trading,no,"Taleefan / agab taleefan cusub, sanduuqeeda ku jira. Dammaanad iibiye."
GRS-PHN-10142,PHN,Generic,Silicone case — Tecno Spark 20,GEN-TECNO-SPARK-20-10142,Standard,Green,#5C8A6B,14,0.06,50,1688,,Shenzhen Huaqiang Mobile Trading,no,"Taleefan / agab taleefan cusub, sanduuqeeda ku jira. Dammaanad iibiye."
GRS-PHN-10143,PHN,Generic,Silicone case — Tecno Spark 30,GEN-TECNO-SPARK-30-10143,Standard,Black,#22232A,16,0.06,50,1688,,Shenzhen Huaqiang Mobile Trading,no,"Taleefan / agab taleefan cusub, sanduuqeeda ku jira. Dammaanad iibiye."
GRS-PHN-10143,PHN,Generic,Silicone case — Tecno Spark 30,GEN-TECNO-SPARK-30-10143,Standard,Blue,#3F6FB5,16,0.06,50,1688,,Shenzhen Huaqiang Mobile Trading,no,"Taleefan / agab taleefan cusub, sanduuqeeda ku jira. Dammaanad iibiye."
GRS-PHN-10143,PHN,Generic,Silicone case — Tecno Spark 30,GEN-TECNO-SPARK-30-10143,Standard,Green,#5C8A6B,16,0.06,50,1688,,Shenzhen Huaqiang Mobile Trading,no,"Taleefan / agab taleefan cusub, sanduuqeeda ku jira. Dammaanad iibiye."
GRS-PHN-10144,PHN,Generic,Silicone case — Infinix Hot 40,GEN-INFINIX-HOT-40-10144,Standard,Black,#22232A,18,0.06,50,1688,,Shenzhen Huaqiang Mobile Trading,no,"Taleefan / agab taleefan cusub, sanduuqeeda ku jira. Dammaanad iibiye."
GRS-PHN-10144,PHN,Generic,Silicone case — Infinix Hot 40,GEN-INFINIX-HOT-40-10144,Standard,Blue,#3F6FB5,18,0.06,50,1688,,Shenzhen Huaqiang Mobile Trading,no,"Taleefan / agab taleefan cusub, sanduuqeeda ku jira. Dammaanad iibiye."
GRS-PHN-10144,PHN,Generic,Silicone case — Infinix Hot 40,GEN-INFINIX-HOT-40-10144,Standard,Green,#5C8A6B,18,0.06,50,1688,,Shenzhen Huaqiang Mobile Trading,no,"Taleefan / agab taleefan cusub, sanduuqeeda ku jira. Dammaanad iibiye."
GRS-PHN-10145,PHN,Generic,Silicone case — Infinix Hot 50,GEN-INFINIX-HOT-50-10145,Standard,Black,#22232A,20,0.06,50,1688,,Shenzhen Huaqiang Mobile Trading,no,"Taleefan / agab taleefan cusub, sanduuqeeda ku jira. Dammaanad iibiye."
GRS-PHN-10145,PHN,Generic,Silicone case — Infinix Hot 50,GEN-INFINIX-HOT-50-10145,Standard,Blue,#3F6FB5,20,0.06,50,1688,,Shenzhen Huaqiang Mobile Trading,no,"Taleefan / agab taleefan cusub, sanduuqeeda ku jira. Dammaanad iibiye."
GRS-PHN-10145,PHN,Generic,Silicone case — Infinix Hot 50,GEN-INFINIX-HOT-50-10145,Standard,Green,#5C8A6B,20,0.06,50,1688,,Shenzhen Huaqiang Mobile Trading,no,"Taleefan / agab taleefan cusub, sanduuqeeda ku jira. Dammaanad iibiye."
GRS-PHN-10146,PHN,Generic,Silicone case — Galaxy A15,GEN-GALAXY-A15-10146,Standard,Black,#22232A,20,0.06,50,1688,,Shenzhen Huaqiang Mobile Trading,no,"Taleefan / agab taleefan cusub, sanduuqeeda ku jira. Dammaanad iibiye."
GRS-PHN-10146,PHN,Generic,Silicone case — Galaxy A15,GEN-GALAXY-A15-10146,Standard,Blue,#3F6FB5,20,0.06,50,1688,,Shenzhen Huaqiang Mobile Trading,no,"Taleefan / agab taleefan cusub, sanduuqeeda ku jira. Dammaanad iibiye."
GRS-PHN-10146,PHN,Generic,Silicone case — Galaxy A15,GEN-GALAXY-A15-10146,Standard,Green,#5C8A6B,20,0.06,50,1688,,Shenzhen Huaqiang Mobile Trading,no,"Taleefan / agab taleefan cusub, sanduuqeeda ku jira. Dammaanad iibiye."
GRS-PHN-10147,PHN,Generic,Silicone case — Galaxy A55,GEN-GALAXY-A55-10147,Standard,Black,#22232A,22,0.06,50,1688,,Shenzhen Huaqiang Mobile Trading,no,"Taleefan / agab taleefan cusub, sanduuqeeda ku jira. Dammaanad iibiye."
GRS-PHN-10147,PHN,Generic,Silicone case — Galaxy A55,GEN-GALAXY-A55-10147,Standard,Blue,#3F6FB5,22,0.06,50,1688,,Shenzhen Huaqiang Mobile Trading,no,"Taleefan / agab taleefan cusub, sanduuqeeda ku jira. Dammaanad iibiye."
GRS-PHN-10147,PHN,Generic,Silicone case — Galaxy A55,GEN-GALAXY-A55-10147,Standard,Green,#5C8A6B,22,0.06,50,1688,,Shenzhen Huaqiang Mobile Trading,no,"Taleefan / agab taleefan cusub, sanduuqeeda ku jira. Dammaanad iibiye."
GRS-PHN-10148,PHN,Generic,Silicone case — iPhone 13,GEN-IPHONE-13-10148,Standard,Black,#22232A,26,0.06,50,1688,,Shenzhen Huaqiang Mobile Trading,no,"Taleefan / agab taleefan cusub, sanduuqeeda ku jira. Dammaanad iibiye."
GRS-PHN-10148,PHN,Generic,Silicone case — iPhone 13,GEN-IPHONE-13-10148,Standard,Blue,#3F6FB5,26,0.06,50,1688,,Shenzhen Huaqiang Mobile Trading,no,"Taleefan / agab taleefan cusub, sanduuqeeda ku jira. Dammaanad iibiye."
GRS-PHN-10148,PHN,Generic,Silicone case — iPhone 13,GEN-IPHONE-13-10148,Standard,Green,#5C8A6B,26,0.06,50,1688,,Shenzhen Huaqiang Mobile Trading,no,"Taleefan / agab taleefan cusub, sanduuqeeda ku jira. Dammaanad iibiye."
GRS-PHN-10149,PHN,Generic,Silicone case — iPhone 14,GEN-IPHONE-14-10149,Standard,Black,#22232A,27,0.06,50,1688,,Shenzhen Huaqiang Mobile Trading,no,"Taleefan / agab taleefan cusub, sanduuqeeda ku jira. Dammaanad iibiye."
GRS-PHN-10149,PHN,Generic,Silicone case — iPhone 14,GEN-IPHONE-14-10149,Standard,Blue,#3F6FB5,27,0.06,50,1688,,Shenzhen Huaqiang Mobile Trading,no,"Taleefan / agab taleefan cusub, sanduuqeeda ku jira. Dammaanad iibiye."
GRS-PHN-10149,PHN,Generic,Silicone case — iPhone 14,GEN-IPHONE-14-10149,Standard,Green,#5C8A6B,27,0.06,50,1688,,Shenzhen Huaqiang Mobile Trading,no,"Taleefan / agab taleefan cusub, sanduuqeeda ku jira. Dammaanad iibiye."
GRS-PHN-10150,PHN,Generic,Silicone case — iPhone 15,GEN-IPHONE-15-10150,Standard,Black,#22232A,28,0.06,50,1688,,Shenzhen Huaqiang Mobile Trading,no,"Taleefan / agab taleefan cusub, sanduuqeeda ku jira. Dammaanad iibiye."
GRS-PHN-10150,PHN,Generic,Silicone case — iPhone 15,GEN-IPHONE-15-10150,Standard,Blue,#3F6FB5,28,0.06,50,1688,,Shenzhen Huaqiang Mobile Trading,no,"Taleefan / agab taleefan cusub, sanduuqeeda ku jira. Dammaanad iibiye."
GRS-PHN-10150,PHN,Generic,Silicone case — iPhone 15,GEN-IPHONE-15-10150,Standard,Green,#5C8A6B,28,0.06,50,1688,,Shenzhen Huaqiang Mobile Trading,no,"Taleefan / agab taleefan cusub, sanduuqeeda ku jira. Dammaanad iibiye."
GRS-PHN-10151,PHN,Xiaomi,Redmi Buds 5,XIA-REDMI-BUDS-5-10151,Standard,White,#F3F1EC,184,0.2,1,jd,,Shenzhen Huaqiang Mobile Trading,no,"Taleefan / agab taleefan cusub, sanduuqeeda ku jira. Dammaanad iibiye."
GRS-PHN-10151,PHN,Xiaomi,Redmi Buds 5,XIA-REDMI-BUDS-5-10151,Standard,Black,#26262A,184,0.2,1,jd,,Shenzhen Huaqiang Mobile Trading,no,"Taleefan / agab taleefan cusub, sanduuqeeda ku jira. Dammaanad iibiye."
GRS-PHN-10151,PHN,Xiaomi,Redmi Buds 5,XIA-REDMI-BUDS-5-10151,Standard,Silver,#C4C7CC,184,0.2,1,jd,,Shenzhen Huaqiang Mobile Trading,no,"Taleefan / agab taleefan cusub, sanduuqeeda ku jira. Dammaanad iibiye."
GRS-PHN-10152,PHN,Xiaomi,Redmi Buds 6 Lite,XIA-REDMI-BUDS-6-LIT-10152,Standard,White,#F3F1EC,211,0.2,1,jd,,Shenzhen Huaqiang Mobile Trading,no,"Taleefan / agab taleefan cusub, sanduuqeeda ku jira. Dammaanad iibiye."
GRS-PHN-10152,PHN,Xiaomi,Redmi Buds 6 Lite,XIA-REDMI-BUDS-6-LIT-10152,Standard,Black,#26262A,211,0.2,1,jd,,Shenzhen Huaqiang Mobile Trading,no,"Taleefan / agab taleefan cusub, sanduuqeeda ku jira. Dammaanad iibiye."
GRS-PHN-10152,PHN,Xiaomi,Redmi Buds 6 Lite,XIA-REDMI-BUDS-6-LIT-10152,Standard,Silver,#C4C7CC,211,0.2,1,jd,,Shenzhen Huaqiang Mobile Trading,no,"Taleefan / agab taleefan cusub, sanduuqeeda ku jira. Dammaanad iibiye."
GRS-PHN-10153,PHN,Xiaomi,Buds 4 Pro,XIA-BUDS-4-PRO-10153,Standard,White,#F3F1EC,227,0.2,1,jd,,Shenzhen Huaqiang Mobile Trading,no,"Taleefan / agab taleefan cusub, sanduuqeeda ku jira. Dammaanad iibiye."
GRS-PHN-10153,PHN,Xiaomi,Buds 4 Pro,XIA-BUDS-4-PRO-10153,Standard,Black,#26262A,227,0.2,1,jd,,Shenzhen Huaqiang Mobile Trading,no,"Taleefan / agab taleefan cusub, sanduuqeeda ku jira. Dammaanad iibiye."
GRS-PHN-10153,PHN,Xiaomi,Buds 4 Pro,XIA-BUDS-4-PRO-10153,Standard,Silver,#C4C7CC,227,0.2,1,jd,,Shenzhen Huaqiang Mobile Trading,no,"Taleefan / agab taleefan cusub, sanduuqeeda ku jira. Dammaanad iibiye."
GRS-PHN-10154,PHN,Xiaomi,Smart Band 8,XIA-SMART-BAND-8-10154,Standard,White,#F3F1EC,252,0.2,1,jd,,Shenzhen Huaqiang Mobile Trading,no,"Taleefan / agab taleefan cusub, sanduuqeeda ku jira. Dammaanad iibiye."
GRS-PHN-10154,PHN,Xiaomi,Smart Band 8,XIA-SMART-BAND-8-10154,Standard,Black,#26262A,252,0.2,1,jd,,Shenzhen Huaqiang Mobile Trading,no,"Taleefan / agab taleefan cusub, sanduuqeeda ku jira. Dammaanad iibiye."
GRS-PHN-10154,PHN,Xiaomi,Smart Band 8,XIA-SMART-BAND-8-10154,Standard,Silver,#C4C7CC,252,0.2,1,jd,,Shenzhen Huaqiang Mobile Trading,no,"Taleefan / agab taleefan cusub, sanduuqeeda ku jira. Dammaanad iibiye."
GRS-PHN-10155,PHN,Xiaomi,Smart Band 9,XIA-SMART-BAND-9-10155,Standard,White,#F3F1EC,278,0.2,1,jd,,Shenzhen Huaqiang Mobile Trading,no,"Taleefan / agab taleefan cusub, sanduuqeeda ku jira. Dammaanad iibiye."
GRS-PHN-10155,PHN,Xiaomi,Smart Band 9,XIA-SMART-BAND-9-10155,Standard,Black,#26262A,278,0.2,1,jd,,Shenzhen Huaqiang Mobile Trading,no,"Taleefan / agab taleefan cusub, sanduuqeeda ku jira. Dammaanad iibiye."
GRS-PHN-10155,PHN,Xiaomi,Smart Band 9,XIA-SMART-BAND-9-10155,Standard,Silver,#C4C7CC,278,0.2,1,jd,,Shenzhen Huaqiang Mobile Trading,no,"Taleefan / agab taleefan cusub, sanduuqeeda ku jira. Dammaanad iibiye."
GRS-PHN-10156,PHN,Xiaomi,Redmi Watch 5,XIA-REDMI-WATCH-5-10156,Standard,White,#F3F1EC,340,0.2,1,jd,,Shenzhen Huaqiang Mobile Trading,no,"Taleefan / agab taleefan cusub, sanduuqeeda ku jira. Dammaanad iibiye."
GRS-PHN-10156,PHN,Xiaomi,Redmi Watch 5,XIA-REDMI-WATCH-5-10156,Standard,Black,#26262A,340,0.2,1,jd,,Shenzhen Huaqiang Mobile Trading,no,"Taleefan / agab taleefan cusub, sanduuqeeda ku jira. Dammaanad iibiye."
GRS-PHN-10156,PHN,Xiaomi,Redmi Watch 5,XIA-REDMI-WATCH-5-10156,Standard,Silver,#C4C7CC,340,0.2,1,jd,,Shenzhen Huaqiang Mobile Trading,no,"Taleefan / agab taleefan cusub, sanduuqeeda ku jira. Dammaanad iibiye."
GRS-PHN-10157,PHN,Xiaomi,Watch S3,XIA-WATCH-S3-10157,Standard,White,#F3F1EC,361,0.2,1,jd,,Shenzhen Huaqiang Mobile Trading,no,"Taleefan / agab taleefan cusub, sanduuqeeda ku jira. Dammaanad iibiye."
GRS-PHN-10157,PHN,Xiaomi,Watch S3,XIA-WATCH-S3-10157,Standard,Black,#26262A,361,0.2,1,jd,,Shenzhen Huaqiang Mobile Trading,no,"Taleefan / agab taleefan cusub, sanduuqeeda ku jira. Dammaanad iibiye."
GRS-PHN-10157,PHN,Xiaomi,Watch S3,XIA-WATCH-S3-10157,Standard,Silver,#C4C7CC,361,0.2,1,jd,,Shenzhen Huaqiang Mobile Trading,no,"Taleefan / agab taleefan cusub, sanduuqeeda ku jira. Dammaanad iibiye."
GRS-PHN-10158,PHN,Xiaomi,Mi Power Bank 20000,XIA-MI-POWER-BANK-20-10158,Standard,White,#F3F1EC,403,0.2,1,jd,,Shenzhen Huaqiang Mobile Trading,no,"Taleefan / agab taleefan cusub, sanduuqeeda ku jira. Dammaanad iibiye."
GRS-PHN-10158,PHN,Xiaomi,Mi Power Bank 20000,XIA-MI-POWER-BANK-20-10158,Standard,Black,#26262A,403,0.2,1,jd,,Shenzhen Huaqiang Mobile Trading,no,"Taleefan / agab taleefan cusub, sanduuqeeda ku jira. Dammaanad iibiye."
GRS-PHN-10158,PHN,Xiaomi,Mi Power Bank 20000,XIA-MI-POWER-BANK-20-10158,Standard,Silver,#C4C7CC,403,0.2,1,jd,,Shenzhen Huaqiang Mobile Trading,no,"Taleefan / agab taleefan cusub, sanduuqeeda ku jira. Dammaanad iibiye."
GRS-PHN-10159,PHN,QCY,T13,QCY-T13-10159,Standard,White,#F3F1EC,85,0.15,5,1688,,Shenzhen Huaqiang Mobile Trading,no,"Taleefan / agab taleefan cusub, sanduuqeeda ku jira. Dammaanad iibiye."
GRS-PHN-10159,PHN,QCY,T13,QCY-T13-10159,Standard,Black,#26262A,85,0.15,5,1688,,Shenzhen Huaqiang Mobile Trading,no,"Taleefan / agab taleefan cusub, sanduuqeeda ku jira. Dammaanad iibiye."
GRS-PHN-10159,PHN,QCY,T13,QCY-T13-10159,Standard,Silver,#C4C7CC,85,0.15,5,1688,,Shenzhen Huaqiang Mobile Trading,no,"Taleefan / agab taleefan cusub, sanduuqeeda ku jira. Dammaanad iibiye."
GRS-PHN-10160,PHN,QCY,T13 ANC,QCY-T13-ANC-10160,Standard,White,#F3F1EC,106,0.15,5,1688,,Shenzhen Huaqiang Mobile Trading,no,"Taleefan / agab taleefan cusub, sanduuqeeda ku jira. Dammaanad iibiye."
GRS-PHN-10160,PHN,QCY,T13 ANC,QCY-T13-ANC-10160,Standard,Black,#26262A,106,0.15,5,1688,,Shenzhen Huaqiang Mobile Trading,no,"Taleefan / agab taleefan cusub, sanduuqeeda ku jira. Dammaanad iibiye."
GRS-PHN-10160,PHN,QCY,T13 ANC,QCY-T13-ANC-10160,Standard,Silver,#C4C7CC,106,0.15,5,1688,,Shenzhen Huaqiang Mobile Trading,no,"Taleefan / agab taleefan cusub, sanduuqeeda ku jira. Dammaanad iibiye."
GRS-PHN-10161,PHN,QCY,HT05,QCY-HT05-10161,Standard,White,#F3F1EC,119,0.15,5,1688,,Shenzhen Huaqiang Mobile Trading,no,"Taleefan / agab taleefan cusub, sanduuqeeda ku jira. Dammaanad iibiye."
GRS-PHN-10161,PHN,QCY,HT05,QCY-HT05-10161,Standard,Black,#26262A,119,0.15,5,1688,,Shenzhen Huaqiang Mobile Trading,no,"Taleefan / agab taleefan cusub, sanduuqeeda ku jira. Dammaanad iibiye."
GRS-PHN-10161,PHN,QCY,HT05,QCY-HT05-10161,Standard,Silver,#C4C7CC,119,0.15,5,1688,,Shenzhen Huaqiang Mobile Trading,no,"Taleefan / agab taleefan cusub, sanduuqeeda ku jira. Dammaanad iibiye."
GRS-PHN-10162,PHN,QCY,HT07,QCY-HT07-10162,Standard,White,#F3F1EC,137,0.15,5,1688,,Shenzhen Huaqiang Mobile Trading,no,"Taleefan / agab taleefan cusub, sanduuqeeda ku jira. Dammaanad iibiye."
GRS-PHN-10162,PHN,QCY,HT07,QCY-HT07-10162,Standard,Black,#26262A,137,0.15,5,1688,,Shenzhen Huaqiang Mobile Trading,no,"Taleefan / agab taleefan cusub, sanduuqeeda ku jira. Dammaanad iibiye."
GRS-PHN-10162,PHN,QCY,HT07,QCY-HT07-10162,Standard,Silver,#C4C7CC,137,0.15,5,1688,,Shenzhen Huaqiang Mobile Trading,no,"Taleefan / agab taleefan cusub, sanduuqeeda ku jira. Dammaanad iibiye."
GRS-PHN-10163,PHN,QCY,T20,QCY-T20-10163,Standard,White,#F3F1EC,144,0.15,5,1688,,Shenzhen Huaqiang Mobile Trading,no,"Taleefan / agab taleefan cusub, sanduuqeeda ku jira. Dammaanad iibiye."
GRS-PHN-10163,PHN,QCY,T20,QCY-T20-10163,Standard,Black,#26262A,144,0.15,5,1688,,Shenzhen Huaqiang Mobile Trading,no,"Taleefan / agab taleefan cusub, sanduuqeeda ku jira. Dammaanad iibiye."
GRS-PHN-10163,PHN,QCY,T20,QCY-T20-10163,Standard,Silver,#C4C7CC,144,0.15,5,1688,,Shenzhen Huaqiang Mobile Trading,no,"Taleefan / agab taleefan cusub, sanduuqeeda ku jira. Dammaanad iibiye."
GRS-PHN-10164,PHN,QCY,AilyBuds,QCY-AILYBUDS-10164,Standard,White,#F3F1EC,172,0.15,5,1688,,Shenzhen Huaqiang Mobile Trading,no,"Taleefan / agab taleefan cusub, sanduuqeeda ku jira. Dammaanad iibiye."
GRS-PHN-10164,PHN,QCY,AilyBuds,QCY-AILYBUDS-10164,Standard,Black,#26262A,172,0.15,5,1688,,Shenzhen Huaqiang Mobile Trading,no,"Taleefan / agab taleefan cusub, sanduuqeeda ku jira. Dammaanad iibiye."
GRS-PHN-10164,PHN,QCY,AilyBuds,QCY-AILYBUDS-10164,Standard,Silver,#C4C7CC,172,0.15,5,1688,,Shenzhen Huaqiang Mobile Trading,no,"Taleefan / agab taleefan cusub, sanduuqeeda ku jira. Dammaanad iibiye."
GRS-PHN-10165,PHN,QCY,MeloBuds,QCY-MELOBUDS-10165,Standard,White,#F3F1EC,167,0.15,5,1688,,Shenzhen Huaqiang Mobile Trading,no,"Taleefan / agab taleefan cusub, sanduuqeeda ku jira. Dammaanad iibiye."
GRS-PHN-10165,PHN,QCY,MeloBuds,QCY-MELOBUDS-10165,Standard,Black,#26262A,167,0.15,5,1688,,Shenzhen Huaqiang Mobile Trading,no,"Taleefan / agab taleefan cusub, sanduuqeeda ku jira. Dammaanad iibiye."
GRS-PHN-10165,PHN,QCY,MeloBuds,QCY-MELOBUDS-10165,Standard,Silver,#C4C7CC,167,0.15,5,1688,,Shenzhen Huaqiang Mobile Trading,no,"Taleefan / agab taleefan cusub, sanduuqeeda ku jira. Dammaanad iibiye."
GRS-PHN-10166,PHN,QCY,Crossky C1,QCY-CROSSKY-C1-10166,Standard,White,#F3F1EC,192,0.15,5,1688,,Shenzhen Huaqiang Mobile Trading,no,"Taleefan / agab taleefan cusub, sanduuqeeda ku jira. Dammaanad iibiye."
GRS-PHN-10166,PHN,QCY,Crossky C1,QCY-CROSSKY-C1-10166,Standard,Black,#26262A,192,0.15,5,1688,,Shenzhen Huaqiang Mobile Trading,no,"Taleefan / agab taleefan cusub, sanduuqeeda ku jira. Dammaanad iibiye."
GRS-PHN-10166,PHN,QCY,Crossky C1,QCY-CROSSKY-C1-10166,Standard,Silver,#C4C7CC,192,0.15,5,1688,,Shenzhen Huaqiang Mobile Trading,no,"Taleefan / agab taleefan cusub, sanduuqeeda ku jira. Dammaanad iibiye."
GRS-PHN-10167,PHN,Oraimo,FreePods 4,ORA-FREEPODS-4-10167,Standard,White,#F3F1EC,72,0.15,5,1688,,Shenzhen Huaqiang Mobile Trading,no,"Taleefan / agab taleefan cusub, sanduuqeeda ku jira. Dammaanad iibiye."
GRS-PHN-10167,PHN,Oraimo,FreePods 4,ORA-FREEPODS-4-10167,Standard,Black,#26262A,72,0.15,5,1688,,Shenzhen Huaqiang Mobile Trading,no,"Taleefan / agab taleefan cusub, sanduuqeeda ku jira. Dammaanad iibiye."
GRS-PHN-10167,PHN,Oraimo,FreePods 4,ORA-FREEPODS-4-10167,Standard,Silver,#C4C7CC,72,0.15,5,1688,,Shenzhen Huaqiang Mobile Trading,no,"Taleefan / agab taleefan cusub, sanduuqeeda ku jira. Dammaanad iibiye."
GRS-PHN-10168,PHN,Oraimo,FreePods Lite,ORA-FREEPODS-LITE-10168,Standard,White,#F3F1EC,85,0.15,5,1688,,Shenzhen Huaqiang Mobile Trading,no,"Taleefan / agab taleefan cusub, sanduuqeeda ku jira. Dammaanad iibiye."
GRS-PHN-10168,PHN,Oraimo,FreePods Lite,ORA-FREEPODS-LITE-10168,Standard,Black,#26262A,85,0.15,5,1688,,Shenzhen Huaqiang Mobile Trading,no,"Taleefan / agab taleefan cusub, sanduuqeeda ku jira. Dammaanad iibiye."
GRS-PHN-10168,PHN,Oraimo,FreePods Lite,ORA-FREEPODS-LITE-10168,Standard,Silver,#C4C7CC,85,0.15,5,1688,,Shenzhen Huaqiang Mobile Trading,no,"Taleefan / agab taleefan cusub, sanduuqeeda ku jira. Dammaanad iibiye."
GRS-PHN-10169,PHN,Oraimo,Riff,ORA-RIFF-10169,Standard,White,#F3F1EC,95,0.15,5,1688,,Shenzhen Huaqiang Mobile Trading,no,"Taleefan / agab taleefan cusub, sanduuqeeda ku jira. Dammaanad iibiye."
GRS-PHN-10169,PHN,Oraimo,Riff,ORA-RIFF-10169,Standard,Black,#26262A,95,0.15,5,1688,,Shenzhen Huaqiang Mobile Trading,no,"Taleefan / agab taleefan cusub, sanduuqeeda ku jira. Dammaanad iibiye."
GRS-PHN-10169,PHN,Oraimo,Riff,ORA-RIFF-10169,Standard,Silver,#C4C7CC,95,0.15,5,1688,,Shenzhen Huaqiang Mobile Trading,no,"Taleefan / agab taleefan cusub, sanduuqeeda ku jira. Dammaanad iibiye."
GRS-PHN-10170,PHN,Oraimo,SpaceBuds,ORA-SPACEBUDS-10170,Standard,White,#F3F1EC,106,0.15,5,1688,,Shenzhen Huaqiang Mobile Trading,no,"Taleefan / agab taleefan cusub, sanduuqeeda ku jira. Dammaanad iibiye."
GRS-PHN-10170,PHN,Oraimo,SpaceBuds,ORA-SPACEBUDS-10170,Standard,Black,#26262A,106,0.15,5,1688,,Shenzhen Huaqiang Mobile Trading,no,"Taleefan / agab taleefan cusub, sanduuqeeda ku jira. Dammaanad iibiye."
GRS-PHN-10170,PHN,Oraimo,SpaceBuds,ORA-SPACEBUDS-10170,Standard,Silver,#C4C7CC,106,0.15,5,1688,,Shenzhen Huaqiang Mobile Trading,no,"Taleefan / agab taleefan cusub, sanduuqeeda ku jira. Dammaanad iibiye."
GRS-PHN-10171,PHN,Oraimo,PowerBank 10000,ORA-POWERBANK-10000-10171,Standard,White,#F3F1EC,119,0.15,5,1688,,Shenzhen Huaqiang Mobile Trading,no,"Taleefan / agab taleefan cusub, sanduuqeeda ku jira. Dammaanad iibiye."
GRS-PHN-10171,PHN,Oraimo,PowerBank 10000,ORA-POWERBANK-10000-10171,Standard,Black,#26262A,119,0.15,5,1688,,Shenzhen Huaqiang Mobile Trading,no,"Taleefan / agab taleefan cusub, sanduuqeeda ku jira. Dammaanad iibiye."
GRS-PHN-10171,PHN,Oraimo,PowerBank 10000,ORA-POWERBANK-10000-10171,Standard,Silver,#C4C7CC,119,0.15,5,1688,,Shenzhen Huaqiang Mobile Trading,no,"Taleefan / agab taleefan cusub, sanduuqeeda ku jira. Dammaanad iibiye."
GRS-PHN-10172,PHN,Oraimo,PowerBank 20000,ORA-POWERBANK-20000-10172,Standard,White,#F3F1EC,132,0.15,5,1688,,Shenzhen Huaqiang Mobile Trading,no,"Taleefan / agab taleefan cusub, sanduuqeeda ku jira. Dammaanad iibiye."
GRS-PHN-10172,PHN,Oraimo,PowerBank 20000,ORA-POWERBANK-20000-10172,Standard,Black,#26262A,132,0.15,5,1688,,Shenzhen Huaqiang Mobile Trading,no,"Taleefan / agab taleefan cusub, sanduuqeeda ku jira. Dammaanad iibiye."
GRS-PHN-10172,PHN,Oraimo,PowerBank 20000,ORA-POWERBANK-20000-10172,Standard,Silver,#C4C7CC,132,0.15,5,1688,,Shenzhen Huaqiang Mobile Trading,no,"Taleefan / agab taleefan cusub, sanduuqeeda ku jira. Dammaanad iibiye."
GRS-PHN-10173,PHN,Oraimo,Necklace Lite,ORA-NECKLACE-LITE-10173,Standard,White,#F3F1EC,135,0.15,5,1688,,Shenzhen Huaqiang Mobile Trading,no,"Taleefan / agab taleefan cusub, sanduuqeeda ku jira. Dammaanad iibiye."
GRS-PHN-10173,PHN,Oraimo,Necklace Lite,ORA-NECKLACE-LITE-10173,Standard,Black,#26262A,135,0.15,5,1688,,Shenzhen Huaqiang Mobile Trading,no,"Taleefan / agab taleefan cusub, sanduuqeeda ku jira. Dammaanad iibiye."
GRS-PHN-10173,PHN,Oraimo,Necklace Lite,ORA-NECKLACE-LITE-10173,Standard,Silver,#C4C7CC,135,0.15,5,1688,,Shenzhen Huaqiang Mobile Trading,no,"Taleefan / agab taleefan cusub, sanduuqeeda ku jira. Dammaanad iibiye."
GRS-CMP-10174,CMP,Lenovo,IdeaPad Slim 3,LEN-IDEAPAD-SLIM-3-10174,8GB · 256GB,White,#F3F1EC,3373,2.2,1,jd,,Dongguan Lianxin Computer Parts,no,"Qalab kombiyuutar / xafiis cusub, dammaanad 12 bil."
GRS-CMP-10174,CMP,Lenovo,IdeaPad Slim 3,LEN-IDEAPAD-SLIM-3-10174,16GB · 512GB,White,#F3F1EC,4217,2.2,1,jd,,Dongguan Lianxin Computer Parts,no,"Qalab kombiyuutar / xafiis cusub, dammaanad 12 bil."
GRS-CMP-10174,CMP,Lenovo,IdeaPad Slim 3,LEN-IDEAPAD-SLIM-3-10174,32GB · 1TB,White,#F3F1EC,5735,2.2,1,jd,,Dongguan Lianxin Computer Parts,no,"Qalab kombiyuutar / xafiis cusub, dammaanad 12 bil."
GRS-CMP-10175,CMP,Lenovo,IdeaPad Slim 5,LEN-IDEAPAD-SLIM-5-10175,8GB · 256GB,White,#F3F1EC,4012,2.2,1,jd,,Dongguan Lianxin Computer Parts,no,"Qalab kombiyuutar / xafiis cusub, dammaanad 12 bil."
GRS-CMP-10175,CMP,Lenovo,IdeaPad Slim 5,LEN-IDEAPAD-SLIM-5-10175,16GB · 512GB,White,#F3F1EC,5015,2.2,1,jd,,Dongguan Lianxin Computer Parts,no,"Qalab kombiyuutar / xafiis cusub, dammaanad 12 bil."
GRS-CMP-10175,CMP,Lenovo,IdeaPad Slim 5,LEN-IDEAPAD-SLIM-5-10175,32GB · 1TB,White,#F3F1EC,6821,2.2,1,jd,,Dongguan Lianxin Computer Parts,no,"Qalab kombiyuutar / xafiis cusub, dammaanad 12 bil."
GRS-CMP-10176,CMP,Lenovo,IdeaPad 1,LEN-IDEAPAD-1-10176,8GB · 256GB,White,#F3F1EC,4550,2.2,1,jd,,Dongguan Lianxin Computer Parts,no,"Qalab kombiyuutar / xafiis cusub, dammaanad 12 bil."
GRS-CMP-10176,CMP,Lenovo,IdeaPad 1,LEN-IDEAPAD-1-10176,16GB · 512GB,White,#F3F1EC,5687,2.2,1,jd,,Dongguan Lianxin Computer Parts,no,"Qalab kombiyuutar / xafiis cusub, dammaanad 12 bil."
GRS-CMP-10176,CMP,Lenovo,IdeaPad 1,LEN-IDEAPAD-1-10176,32GB · 1TB,White,#F3F1EC,7735,2.2,1,jd,,Dongguan Lianxin Computer Parts,no,"Qalab kombiyuutar / xafiis cusub, dammaanad 12 bil."
GRS-CMP-10177,CMP,Lenovo,Xiaoxin Air 14,LEN-XIAOXIN-AIR-14-10177,8GB · 256GB,White,#F3F1EC,4835,2.2,1,jd,,Dongguan Lianxin Computer Parts,no,"Qalab kombiyuutar / xafiis cusub, dammaanad 12 bil."
GRS-CMP-10177,CMP,Lenovo,Xiaoxin Air 14,LEN-XIAOXIN-AIR-14-10177,16GB · 512GB,White,#F3F1EC,6044,2.2,1,jd,,Dongguan Lianxin Computer Parts,no,"Qalab kombiyuutar / xafiis cusub, dammaanad 12 bil."
GRS-CMP-10177,CMP,Lenovo,Xiaoxin Air 14,LEN-XIAOXIN-AIR-14-10177,32GB · 1TB,White,#F3F1EC,8220,2.2,1,jd,,Dongguan Lianxin Computer Parts,no,"Qalab kombiyuutar / xafiis cusub, dammaanad 12 bil."
GRS-CMP-10178,CMP,Lenovo,Xiaoxin Pro 14,LEN-XIAOXIN-PRO-14-10178,8GB · 256GB,White,#F3F1EC,5601,2.2,1,jd,,Dongguan Lianxin Computer Parts,no,"Qalab kombiyuutar / xafiis cusub, dammaanad 12 bil."
GRS-CMP-10178,CMP,Lenovo,Xiaoxin Pro 14,LEN-XIAOXIN-PRO-14-10178,16GB · 512GB,White,#F3F1EC,7001,2.2,1,jd,,Dongguan Lianxin Computer Parts,no,"Qalab kombiyuutar / xafiis cusub, dammaanad 12 bil."
GRS-CMP-10178,CMP,Lenovo,Xiaoxin Pro 14,LEN-XIAOXIN-PRO-14-10178,32GB · 1TB,White,#F3F1EC,9521,2.2,1,jd,,Dongguan Lianxin Computer Parts,no,"Qalab kombiyuutar / xafiis cusub, dammaanad 12 bil."
GRS-CMP-10179,CMP,Lenovo,Xiaoxin Pro 16,LEN-XIAOXIN-PRO-16-10179,8GB · 256GB,White,#F3F1EC,6199,2.2,1,jd,,Dongguan Lianxin Computer Parts,no,"Qalab kombiyuutar / xafiis cusub, dammaanad 12 bil."
GRS-CMP-10179,CMP,Lenovo,Xiaoxin Pro 16,LEN-XIAOXIN-PRO-16-10179,16GB · 512GB,White,#F3F1EC,7749,2.2,1,jd,,Dongguan Lianxin Computer Parts,no,"Qalab kombiyuutar / xafiis cusub, dammaanad 12 bil."
GRS-CMP-10179,CMP,Lenovo,Xiaoxin Pro 16,LEN-XIAOXIN-PRO-16-10179,32GB · 1TB,White,#F3F1EC,10538,2.2,1,jd,,Dongguan Lianxin Computer Parts,no,"Qalab kombiyuutar / xafiis cusub, dammaanad 12 bil."
GRS-CMP-10180,CMP,Lenovo,Legion 5,LEN-LEGION-5-10180,8GB · 256GB,White,#F3F1EC,6525,2.2,1,jd,,Dongguan Lianxin Computer Parts,no,"Qalab kombiyuutar / xafiis cusub, dammaanad 12 bil."
GRS-CMP-10180,CMP,Lenovo,Legion 5,LEN-LEGION-5-10180,16GB · 512GB,White,#F3F1EC,8156,2.2,1,jd,,Dongguan Lianxin Computer Parts,no,"Qalab kombiyuutar / xafiis cusub, dammaanad 12 bil."
GRS-CMP-10180,CMP,Lenovo,Legion 5,LEN-LEGION-5-10180,32GB · 1TB,White,#F3F1EC,11092,2.2,1,jd,,Dongguan Lianxin Computer Parts,no,"Qalab kombiyuutar / xafiis cusub, dammaanad 12 bil."
GRS-CMP-10181,CMP,Lenovo,LOQ 15,LEN-LOQ-15-10181,8GB · 256GB,White,#F3F1EC,7101,2.2,1,jd,,Dongguan Lianxin Computer Parts,no,"Qalab kombiyuutar / xafiis cusub, dammaanad 12 bil."
GRS-CMP-10181,CMP,Lenovo,LOQ 15,LEN-LOQ-15-10181,16GB · 512GB,White,#F3F1EC,8876,2.2,1,jd,,Dongguan Lianxin Computer Parts,no,"Qalab kombiyuutar / xafiis cusub, dammaanad 12 bil."
GRS-CMP-10181,CMP,Lenovo,LOQ 15,LEN-LOQ-15-10181,32GB · 1TB,White,#F3F1EC,12072,2.2,1,jd,,Dongguan Lianxin Computer Parts,no,"Qalab kombiyuutar / xafiis cusub, dammaanad 12 bil."
GRS-CMP-10182,CMP,Lenovo,ThinkPad E14,LEN-THINKPAD-E14-10182,8GB · 256GB,White,#F3F1EC,7418,2.2,1,jd,,Dongguan Lianxin Computer Parts,no,"Qalab kombiyuutar / xafiis cusub, dammaanad 12 bil."
GRS-CMP-10182,CMP,Lenovo,ThinkPad E14,LEN-THINKPAD-E14-10182,16GB · 512GB,White,#F3F1EC,9272,2.2,1,jd,,Dongguan Lianxin Computer Parts,no,"Qalab kombiyuutar / xafiis cusub, dammaanad 12 bil."
GRS-CMP-10182,CMP,Lenovo,ThinkPad E14,LEN-THINKPAD-E14-10182,32GB · 1TB,White,#F3F1EC,12610,2.2,1,jd,,Dongguan Lianxin Computer Parts,no,"Qalab kombiyuutar / xafiis cusub, dammaanad 12 bil."
GRS-CMP-10183,CMP,Lenovo,ThinkPad E16,LEN-THINKPAD-E16-10183,8GB · 256GB,White,#F3F1EC,8132,2.2,1,jd,,Dongguan Lianxin Computer Parts,no,"Qalab kombiyuutar / xafiis cusub, dammaanad 12 bil."
GRS-CMP-10183,CMP,Lenovo,ThinkPad E16,LEN-THINKPAD-E16-10183,16GB · 512GB,White,#F3F1EC,10165,2.2,1,jd,,Dongguan Lianxin Computer Parts,no,"Qalab kombiyuutar / xafiis cusub, dammaanad 12 bil."
GRS-CMP-10183,CMP,Lenovo,ThinkPad E16,LEN-THINKPAD-E16-10183,32GB · 1TB,White,#F3F1EC,13824,2.2,1,jd,,Dongguan Lianxin Computer Parts,no,"Qalab kombiyuutar / xafiis cusub, dammaanad 12 bil."
GRS-CMP-10184,CMP,Lenovo,ThinkBook 14,LEN-THINKBOOK-14-10184,8GB · 256GB,White,#F3F1EC,8692,2.2,1,jd,,Dongguan Lianxin Computer Parts,no,"Qalab kombiyuutar / xafiis cusub, dammaanad 12 bil."
GRS-CMP-10184,CMP,Lenovo,ThinkBook 14,LEN-THINKBOOK-14-10184,16GB · 512GB,White,#F3F1EC,10865,2.2,1,jd,,Dongguan Lianxin Computer Parts,no,"Qalab kombiyuutar / xafiis cusub, dammaanad 12 bil."
GRS-CMP-10184,CMP,Lenovo,ThinkBook 14,LEN-THINKBOOK-14-10184,32GB · 1TB,White,#F3F1EC,14777,2.2,1,jd,,Dongguan Lianxin Computer Parts,no,"Qalab kombiyuutar / xafiis cusub, dammaanad 12 bil."
GRS-CMP-10185,CMP,Lenovo,ThinkBook 16,LEN-THINKBOOK-16-10185,8GB · 256GB,White,#F3F1EC,8649,2.2,1,jd,,Dongguan Lianxin Computer Parts,no,"Qalab kombiyuutar / xafiis cusub, dammaanad 12 bil."
GRS-CMP-10185,CMP,Lenovo,ThinkBook 16,LEN-THINKBOOK-16-10185,16GB · 512GB,White,#F3F1EC,10811,2.2,1,jd,,Dongguan Lianxin Computer Parts,no,"Qalab kombiyuutar / xafiis cusub, dammaanad 12 bil."
GRS-CMP-10185,CMP,Lenovo,ThinkBook 16,LEN-THINKBOOK-16-10185,32GB · 1TB,White,#F3F1EC,14704,2.2,1,jd,,Dongguan Lianxin Computer Parts,no,"Qalab kombiyuutar / xafiis cusub, dammaanad 12 bil."
GRS-CMP-10186,CMP,HP,14s,HP-14S-10186,8GB · 256GB,White,#F3F1EC,3050,2.2,1,jd,,Dongguan Lianxin Computer Parts,no,"Qalab kombiyuutar / xafiis cusub, dammaanad 12 bil."
GRS-CMP-10186,CMP,HP,14s,HP-14S-10186,16GB · 512GB,White,#F3F1EC,3813,2.2,1,jd,,Dongguan Lianxin Computer Parts,no,"Qalab kombiyuutar / xafiis cusub, dammaanad 12 bil."
GRS-CMP-10186,CMP,HP,14s,HP-14S-10186,32GB · 1TB,White,#F3F1EC,5185,2.2,1,jd,,Dongguan Lianxin Computer Parts,no,"Qalab kombiyuutar / xafiis cusub, dammaanad 12 bil."
GRS-CMP-10187,CMP,HP,15s,HP-15S-10187,8GB · 256GB,White,#F3F1EC,3686,2.2,1,jd,,Dongguan Lianxin Computer Parts,no,"Qalab kombiyuutar / xafiis cusub, dammaanad 12 bil."
GRS-CMP-10187,CMP,HP,15s,HP-15S-10187,16GB · 512GB,White,#F3F1EC,4608,2.2,1,jd,,Dongguan Lianxin Computer Parts,no,"Qalab kombiyuutar / xafiis cusub, dammaanad 12 bil."
GRS-CMP-10187,CMP,HP,15s,HP-15S-10187,32GB · 1TB,White,#F3F1EC,6266,2.2,1,jd,,Dongguan Lianxin Computer Parts,no,"Qalab kombiyuutar / xafiis cusub, dammaanad 12 bil."
GRS-CMP-10188,CMP,HP,Pavilion 15,HP-PAVILION-15-10188,8GB · 256GB,White,#F3F1EC,4140,2.2,1,jd,,Dongguan Lianxin Computer Parts,no,"Qalab kombiyuutar / xafiis cusub, dammaanad 12 bil."
GRS-CMP-10188,CMP,HP,Pavilion 15,HP-PAVILION-15-10188,16GB · 512GB,White,#F3F1EC,5176,2.2,1,jd,,Dongguan Lianxin Computer Parts,no,"Qalab kombiyuutar / xafiis cusub, dammaanad 12 bil."
GRS-CMP-10188,CMP,HP,Pavilion 15,HP-PAVILION-15-10188,32GB · 1TB,White,#F3F1EC,7039,2.2,1,jd,,Dongguan Lianxin Computer Parts,no,"Qalab kombiyuutar / xafiis cusub, dammaanad 12 bil."
GRS-CMP-10189,CMP,HP,Pavilion Plus 14,HP-PAVILION-PLUS-14-10189,8GB · 256GB,White,#F3F1EC,4562,2.2,1,jd,,Dongguan Lianxin Computer Parts,no,"Qalab kombiyuutar / xafiis cusub, dammaanad 12 bil."
GRS-CMP-10189,CMP,HP,Pavilion Plus 14,HP-PAVILION-PLUS-14-10189,16GB · 512GB,White,#F3F1EC,5702,2.2,1,jd,,Dongguan Lianxin Computer Parts,no,"Qalab kombiyuutar / xafiis cusub, dammaanad 12 bil."
GRS-CMP-10189,CMP,HP,Pavilion Plus 14,HP-PAVILION-PLUS-14-10189,32GB · 1TB,White,#F3F1EC,7755,2.2,1,jd,,Dongguan Lianxin Computer Parts,no,"Qalab kombiyuutar / xafiis cusub, dammaanad 12 bil."
GRS-CMP-10190,CMP,HP,Envy x360,HP-ENVY-X360-10190,8GB · 256GB,White,#F3F1EC,4854,2.2,1,jd,,Dongguan Lianxin Computer Parts,no,"Qalab kombiyuutar / xafiis cusub, dammaanad 12 bil."
GRS-CMP-10190,CMP,HP,Envy x360,HP-ENVY-X360-10190,16GB · 512GB,White,#F3F1EC,6068,2.2,1,jd,,Dongguan Lianxin Computer Parts,no,"Qalab kombiyuutar / xafiis cusub, dammaanad 12 bil."
GRS-CMP-10190,CMP,HP,Envy x360,HP-ENVY-X360-10190,32GB · 1TB,White,#F3F1EC,8252,2.2,1,jd,,Dongguan Lianxin Computer Parts,no,"Qalab kombiyuutar / xafiis cusub, dammaanad 12 bil."
GRS-CMP-10191,CMP,HP,Victus 15,HP-VICTUS-15-10191,8GB · 256GB,White,#F3F1EC,5552,2.2,1,jd,,Dongguan Lianxin Computer Parts,no,"Qalab kombiyuutar / xafiis cusub, dammaanad 12 bil."
GRS-CMP-10191,CMP,HP,Victus 15,HP-VICTUS-15-10191,16GB · 512GB,White,#F3F1EC,6940,2.2,1,jd,,Dongguan Lianxin Computer Parts,no,"Qalab kombiyuutar / xafiis cusub, dammaanad 12 bil."
GRS-CMP-10191,CMP,HP,Victus 15,HP-VICTUS-15-10191,32GB · 1TB,White,#F3F1EC,9439,2.2,1,jd,,Dongguan Lianxin Computer Parts,no,"Qalab kombiyuutar / xafiis cusub, dammaanad 12 bil."
GRS-CMP-10192,CMP,HP,ProBook 450,HP-PROBOOK-450-10192,8GB · 256GB,White,#F3F1EC,5937,2.2,1,jd,,Dongguan Lianxin Computer Parts,no,"Qalab kombiyuutar / xafiis cusub, dammaanad 12 bil."
GRS-CMP-10192,CMP,HP,ProBook 450,HP-PROBOOK-450-10192,16GB · 512GB,White,#F3F1EC,7421,2.2,1,jd,,Dongguan Lianxin Computer Parts,no,"Qalab kombiyuutar / xafiis cusub, dammaanad 12 bil."
GRS-CMP-10192,CMP,HP,ProBook 450,HP-PROBOOK-450-10192,32GB · 1TB,White,#F3F1EC,10093,2.2,1,jd,,Dongguan Lianxin Computer Parts,no,"Qalab kombiyuutar / xafiis cusub, dammaanad 12 bil."
GRS-CMP-10193,CMP,HP,ProBook 440,HP-PROBOOK-440-10193,8GB · 256GB,White,#F3F1EC,6315,2.2,1,jd,,Dongguan Lianxin Computer Parts,no,"Qalab kombiyuutar / xafiis cusub, dammaanad 12 bil."
GRS-CMP-10193,CMP,HP,ProBook 440,HP-PROBOOK-440-10193,16GB · 512GB,White,#F3F1EC,7893,2.2,1,jd,,Dongguan Lianxin Computer Parts,no,"Qalab kombiyuutar / xafiis cusub, dammaanad 12 bil."
GRS-CMP-10193,CMP,HP,ProBook 440,HP-PROBOOK-440-10193,32GB · 1TB,White,#F3F1EC,10735,2.2,1,jd,,Dongguan Lianxin Computer Parts,no,"Qalab kombiyuutar / xafiis cusub, dammaanad 12 bil."
GRS-CMP-10194,CMP,HP,250 G10,HP-250-G10-10194,8GB · 256GB,White,#F3F1EC,7118,2.2,1,jd,,Dongguan Lianxin Computer Parts,no,"Qalab kombiyuutar / xafiis cusub, dammaanad 12 bil."
GRS-CMP-10194,CMP,HP,250 G10,HP-250-G10-10194,16GB · 512GB,White,#F3F1EC,8897,2.2,1,jd,,Dongguan Lianxin Computer Parts,no,"Qalab kombiyuutar / xafiis cusub, dammaanad 12 bil."
GRS-CMP-10194,CMP,HP,250 G10,HP-250-G10-10194,32GB · 1TB,White,#F3F1EC,12100,2.2,1,jd,,Dongguan Lianxin Computer Parts,no,"Qalab kombiyuutar / xafiis cusub, dammaanad 12 bil."
GRS-CMP-10195,CMP,HP,255 G10,HP-255-G10-10195,8GB · 256GB,White,#F3F1EC,6954,2.2,1,jd,,Dongguan Lianxin Computer Parts,no,"Qalab kombiyuutar / xafiis cusub, dammaanad 12 bil."
GRS-CMP-10195,CMP,HP,255 G10,HP-255-G10-10195,16GB · 512GB,White,#F3F1EC,8693,2.2,1,jd,,Dongguan Lianxin Computer Parts,no,"Qalab kombiyuutar / xafiis cusub, dammaanad 12 bil."
GRS-CMP-10195,CMP,HP,255 G10,HP-255-G10-10195,32GB · 1TB,White,#F3F1EC,11822,2.2,1,jd,,Dongguan Lianxin Computer Parts,no,"Qalab kombiyuutar / xafiis cusub, dammaanad 12 bil."
GRS-CMP-10196,CMP,HP,EliteBook 840,HP-ELITEBOOK-840-10196,8GB · 256GB,White,#F3F1EC,8034,2.2,1,jd,,Dongguan Lianxin Computer Parts,no,"Qalab kombiyuutar / xafiis cusub, dammaanad 12 bil."
GRS-CMP-10196,CMP,HP,EliteBook 840,HP-ELITEBOOK-840-10196,16GB · 512GB,White,#F3F1EC,10043,2.2,1,jd,,Dongguan Lianxin Computer Parts,no,"Qalab kombiyuutar / xafiis cusub, dammaanad 12 bil."
GRS-CMP-10196,CMP,HP,EliteBook 840,HP-ELITEBOOK-840-10196,32GB · 1TB,White,#F3F1EC,13658,2.2,1,jd,,Dongguan Lianxin Computer Parts,no,"Qalab kombiyuutar / xafiis cusub, dammaanad 12 bil."
GRS-CMP-10197,CMP,Dell,Inspiron 15,DEL-INSPIRON-15-10197,8GB · 256GB,White,#F3F1EC,3114,2.2,1,jd,,Dongguan Lianxin Computer Parts,no,"Qalab kombiyuutar / xafiis cusub, dammaanad 12 bil."
GRS-CMP-10197,CMP,Dell,Inspiron 15,DEL-INSPIRON-15-10197,16GB · 512GB,White,#F3F1EC,3892,2.2,1,jd,,Dongguan Lianxin Computer Parts,no,"Qalab kombiyuutar / xafiis cusub, dammaanad 12 bil."
GRS-CMP-10197,CMP,Dell,Inspiron 15,DEL-INSPIRON-15-10197,32GB · 1TB,White,#F3F1EC,5293,2.2,1,jd,,Dongguan Lianxin Computer Parts,no,"Qalab kombiyuutar / xafiis cusub, dammaanad 12 bil."
GRS-CMP-10198,CMP,Dell,Inspiron 14,DEL-INSPIRON-14-10198,8GB · 256GB,White,#F3F1EC,3875,2.2,1,jd,,Dongguan Lianxin Computer Parts,no,"Qalab kombiyuutar / xafiis cusub, dammaanad 12 bil."
GRS-CMP-10198,CMP,Dell,Inspiron 14,DEL-INSPIRON-14-10198,16GB · 512GB,White,#F3F1EC,4843,2.2,1,jd,,Dongguan Lianxin Computer Parts,no,"Qalab kombiyuutar / xafiis cusub, dammaanad 12 bil."
GRS-CMP-10198,CMP,Dell,Inspiron 14,DEL-INSPIRON-14-10198,32GB · 1TB,White,#F3F1EC,6587,2.2,1,jd,,Dongguan Lianxin Computer Parts,no,"Qalab kombiyuutar / xafiis cusub, dammaanad 12 bil."
GRS-CMP-10199,CMP,Dell,Vostro 3520,DEL-VOSTRO-3520-10199,8GB · 256GB,White,#F3F1EC,4346,2.2,1,jd,,Dongguan Lianxin Computer Parts,no,"Qalab kombiyuutar / xafiis cusub, dammaanad 12 bil."
GRS-CMP-10199,CMP,Dell,Vostro 3520,DEL-VOSTRO-3520-10199,16GB · 512GB,White,#F3F1EC,5433,2.2,1,jd,,Dongguan Lianxin Computer Parts,no,"Qalab kombiyuutar / xafiis cusub, dammaanad 12 bil."
GRS-CMP-10199,CMP,Dell,Vostro 3520,DEL-VOSTRO-3520-10199,32GB · 1TB,White,#F3F1EC,7388,2.2,1,jd,,Dongguan Lianxin Computer Parts,no,"Qalab kombiyuutar / xafiis cusub, dammaanad 12 bil."
GRS-CMP-10200,CMP,Dell,Vostro 3420,DEL-VOSTRO-3420-10200,8GB · 256GB,White,#F3F1EC,4726,2.2,1,jd,,Dongguan Lianxin Computer Parts,no,"Qalab kombiyuutar / xafiis cusub, dammaanad 12 bil."
GRS-CMP-10200,CMP,Dell,Vostro 3420,DEL-VOSTRO-3420-10200,16GB · 512GB,White,#F3F1EC,5907,2.2,1,jd,,Dongguan Lianxin Computer Parts,no,"Qalab kombiyuutar / xafiis cusub, dammaanad 12 bil."
GRS-CMP-10200,CMP,Dell,Vostro 3420,DEL-VOSTRO-3420-10200,32GB · 1TB,White,#F3F1EC,8034,2.2,1,jd,,Dongguan Lianxin Computer Parts,no,"Qalab kombiyuutar / xafiis cusub, dammaanad 12 bil."
GRS-CMP-10201,CMP,Dell,Latitude 3440,DEL-LATITUDE-3440-10201,8GB · 256GB,White,#F3F1EC,5541,2.2,1,jd,,Dongguan Lianxin Computer Parts,no,"Qalab kombiyuutar / xafiis cusub, dammaanad 12 bil."
GRS-CMP-10201,CMP,Dell,Latitude 3440,DEL-LATITUDE-3440-10201,16GB · 512GB,White,#F3F1EC,6926,2.2,1,jd,,Dongguan Lianxin Computer Parts,no,"Qalab kombiyuutar / xafiis cusub, dammaanad 12 bil."
GRS-CMP-10201,CMP,Dell,Latitude 3440,DEL-LATITUDE-3440-10201,32GB · 1TB,White,#F3F1EC,9419,2.2,1,jd,,Dongguan Lianxin Computer Parts,no,"Qalab kombiyuutar / xafiis cusub, dammaanad 12 bil."
GRS-CMP-10202,CMP,Dell,Latitude 5440,DEL-LATITUDE-5440-10202,8GB · 256GB,White,#F3F1EC,5938,2.2,1,jd,,Dongguan Lianxin Computer Parts,no,"Qalab kombiyuutar / xafiis cusub, dammaanad 12 bil."
GRS-CMP-10202,CMP,Dell,Latitude 5440,DEL-LATITUDE-5440-10202,16GB · 512GB,White,#F3F1EC,7423,2.2,1,jd,,Dongguan Lianxin Computer Parts,no,"Qalab kombiyuutar / xafiis cusub, dammaanad 12 bil."
GRS-CMP-10202,CMP,Dell,Latitude 5440,DEL-LATITUDE-5440-10202,32GB · 1TB,White,#F3F1EC,10095,2.2,1,jd,,Dongguan Lianxin Computer Parts,no,"Qalab kombiyuutar / xafiis cusub, dammaanad 12 bil."
GRS-CMP-10203,CMP,Dell,G15,DEL-G15-10203,8GB · 256GB,White,#F3F1EC,6557,2.2,1,jd,,Dongguan Lianxin Computer Parts,no,"Qalab kombiyuutar / xafiis cusub, dammaanad 12 bil."
GRS-CMP-10203,CMP,Dell,G15,DEL-G15-10203,16GB · 512GB,White,#F3F1EC,8196,2.2,1,jd,,Dongguan Lianxin Computer Parts,no,"Qalab kombiyuutar / xafiis cusub, dammaanad 12 bil."
GRS-CMP-10203,CMP,Dell,G15,DEL-G15-10203,32GB · 1TB,White,#F3F1EC,11147,2.2,1,jd,,Dongguan Lianxin Computer Parts,no,"Qalab kombiyuutar / xafiis cusub, dammaanad 12 bil."
GRS-CMP-10204,CMP,Dell,XPS 13,DEL-XPS-13-10204,8GB · 256GB,White,#F3F1EC,7349,2.2,1,jd,,Dongguan Lianxin Computer Parts,no,"Qalab kombiyuutar / xafiis cusub, dammaanad 12 bil."
GRS-CMP-10204,CMP,Dell,XPS 13,DEL-XPS-13-10204,16GB · 512GB,White,#F3F1EC,9186,2.2,1,jd,,Dongguan Lianxin Computer Parts,no,"Qalab kombiyuutar / xafiis cusub, dammaanad 12 bil."
GRS-CMP-10204,CMP,Dell,XPS 13,DEL-XPS-13-10204,32GB · 1TB,White,#F3F1EC,12493,2.2,1,jd,,Dongguan Lianxin Computer Parts,no,"Qalab kombiyuutar / xafiis cusub, dammaanad 12 bil."
GRS-CMP-10205,CMP,Dell,Alienware m16,DEL-ALIENWARE-M16-10205,8GB · 256GB,White,#F3F1EC,7304,2.2,1,jd,,Dongguan Lianxin Computer Parts,no,"Qalab kombiyuutar / xafiis cusub, dammaanad 12 bil."
GRS-CMP-10205,CMP,Dell,Alienware m16,DEL-ALIENWARE-M16-10205,16GB · 512GB,White,#F3F1EC,9129,2.2,1,jd,,Dongguan Lianxin Computer Parts,no,"Qalab kombiyuutar / xafiis cusub, dammaanad 12 bil."
GRS-CMP-10205,CMP,Dell,Alienware m16,DEL-ALIENWARE-M16-10205,32GB · 1TB,White,#F3F1EC,12416,2.2,1,jd,,Dongguan Lianxin Computer Parts,no,"Qalab kombiyuutar / xafiis cusub, dammaanad 12 bil."
GRS-CMP-10206,CMP,ASUS,Vivobook 15,ASU-VIVOBOOK-15-10206,8GB · 256GB,White,#F3F1EC,3012,2.2,1,jd,,Dongguan Lianxin Computer Parts,no,"Qalab kombiyuutar / xafiis cusub, dammaanad 12 bil."
GRS-CMP-10206,CMP,ASUS,Vivobook 15,ASU-VIVOBOOK-15-10206,16GB · 512GB,White,#F3F1EC,3765,2.2,1,jd,,Dongguan Lianxin Computer Parts,no,"Qalab kombiyuutar / xafiis cusub, dammaanad 12 bil."
GRS-CMP-10206,CMP,ASUS,Vivobook 15,ASU-VIVOBOOK-15-10206,32GB · 1TB,White,#F3F1EC,5121,2.2,1,jd,,Dongguan Lianxin Computer Parts,no,"Qalab kombiyuutar / xafiis cusub, dammaanad 12 bil."
GRS-CMP-10207,CMP,ASUS,Vivobook 14,ASU-VIVOBOOK-14-10207,8GB · 256GB,White,#F3F1EC,3623,2.2,1,jd,,Dongguan Lianxin Computer Parts,no,"Qalab kombiyuutar / xafiis cusub, dammaanad 12 bil."
GRS-CMP-10207,CMP,ASUS,Vivobook 14,ASU-VIVOBOOK-14-10207,16GB · 512GB,White,#F3F1EC,4529,2.2,1,jd,,Dongguan Lianxin Computer Parts,no,"Qalab kombiyuutar / xafiis cusub, dammaanad 12 bil."
GRS-CMP-10207,CMP,ASUS,Vivobook 14,ASU-VIVOBOOK-14-10207,32GB · 1TB,White,#F3F1EC,6160,2.2,1,jd,,Dongguan Lianxin Computer Parts,no,"Qalab kombiyuutar / xafiis cusub, dammaanad 12 bil."
GRS-CMP-10208,CMP,ASUS,Vivobook Go 15,ASU-VIVOBOOK-GO-15-10208,8GB · 256GB,White,#F3F1EC,4314,2.2,1,jd,,Dongguan Lianxin Computer Parts,no,"Qalab kombiyuutar / xafiis cusub, dammaanad 12 bil."
GRS-CMP-10208,CMP,ASUS,Vivobook Go 15,ASU-VIVOBOOK-GO-15-10208,16GB · 512GB,White,#F3F1EC,5393,2.2,1,jd,,Dongguan Lianxin Computer Parts,no,"Qalab kombiyuutar / xafiis cusub, dammaanad 12 bil."
GRS-CMP-10208,CMP,ASUS,Vivobook Go 15,ASU-VIVOBOOK-GO-15-10208,32GB · 1TB,White,#F3F1EC,7334,2.2,1,jd,,Dongguan Lianxin Computer Parts,no,"Qalab kombiyuutar / xafiis cusub, dammaanad 12 bil."
GRS-CMP-10209,CMP,ASUS,Zenbook 14,ASU-ZENBOOK-14-10209,8GB · 256GB,White,#F3F1EC,4567,2.2,1,jd,,Dongguan Lianxin Computer Parts,no,"Qalab kombiyuutar / xafiis cusub, dammaanad 12 bil."
GRS-CMP-10209,CMP,ASUS,Zenbook 14,ASU-ZENBOOK-14-10209,16GB · 512GB,White,#F3F1EC,5709,2.2,1,jd,,Dongguan Lianxin Computer Parts,no,"Qalab kombiyuutar / xafiis cusub, dammaanad 12 bil."
GRS-CMP-10209,CMP,ASUS,Zenbook 14,ASU-ZENBOOK-14-10209,32GB · 1TB,White,#F3F1EC,7764,2.2,1,jd,,Dongguan Lianxin Computer Parts,no,"Qalab kombiyuutar / xafiis cusub, dammaanad 12 bil."
GRS-CMP-10210,CMP,ASUS,TUF F15,ASU-TUF-F15-10210,8GB · 256GB,White,#F3F1EC,5040,2.2,1,jd,,Dongguan Lianxin Computer Parts,no,"Qalab kombiyuutar / xafiis cusub, dammaanad 12 bil."
GRS-CMP-10210,CMP,ASUS,TUF F15,ASU-TUF-F15-10210,16GB · 512GB,White,#F3F1EC,6300,2.2,1,jd,,Dongguan Lianxin Computer Parts,no,"Qalab kombiyuutar / xafiis cusub, dammaanad 12 bil."
GRS-CMP-10210,CMP,ASUS,TUF F15,ASU-TUF-F15-10210,32GB · 1TB,White,#F3F1EC,8568,2.2,1,jd,,Dongguan Lianxin Computer Parts,no,"Qalab kombiyuutar / xafiis cusub, dammaanad 12 bil."
GRS-CMP-10211,CMP,ASUS,TUF A15,ASU-TUF-A15-10211,8GB · 256GB,White,#F3F1EC,6040,2.2,1,jd,,Dongguan Lianxin Computer Parts,no,"Qalab kombiyuutar / xafiis cusub, dammaanad 12 bil."
GRS-CMP-10211,CMP,ASUS,TUF A15,ASU-TUF-A15-10211,16GB · 512GB,White,#F3F1EC,7551,2.2,1,jd,,Dongguan Lianxin Computer Parts,no,"Qalab kombiyuutar / xafiis cusub, dammaanad 12 bil."
GRS-CMP-10211,CMP,ASUS,TUF A15,ASU-TUF-A15-10211,32GB · 1TB,White,#F3F1EC,10269,2.2,1,jd,,Dongguan Lianxin Computer Parts,no,"Qalab kombiyuutar / xafiis cusub, dammaanad 12 bil."
GRS-CMP-10212,CMP,ASUS,ROG Strix G16,ASU-ROG-STRIX-G16-10212,8GB · 256GB,White,#F3F1EC,6392,2.2,1,jd,,Dongguan Lianxin Computer Parts,no,"Qalab kombiyuutar / xafiis cusub, dammaanad 12 bil."
GRS-CMP-10212,CMP,ASUS,ROG Strix G16,ASU-ROG-STRIX-G16-10212,16GB · 512GB,White,#F3F1EC,7991,2.2,1,jd,,Dongguan Lianxin Computer Parts,no,"Qalab kombiyuutar / xafiis cusub, dammaanad 12 bil."
GRS-CMP-10212,CMP,ASUS,ROG Strix G16,ASU-ROG-STRIX-G16-10212,32GB · 1TB,White,#F3F1EC,10867,2.2,1,jd,,Dongguan Lianxin Computer Parts,no,"Qalab kombiyuutar / xafiis cusub, dammaanad 12 bil."
GRS-CMP-10213,CMP,ASUS,ExpertBook B1,ASU-EXPERTBOOK-B1-10213,8GB · 256GB,White,#F3F1EC,6737,2.2,1,jd,,Dongguan Lianxin Computer Parts,no,"Qalab kombiyuutar / xafiis cusub, dammaanad 12 bil."
GRS-CMP-10213,CMP,ASUS,ExpertBook B1,ASU-EXPERTBOOK-B1-10213,16GB · 512GB,White,#F3F1EC,8421,2.2,1,jd,,Dongguan Lianxin Computer Parts,no,"Qalab kombiyuutar / xafiis cusub, dammaanad 12 bil."
GRS-CMP-10213,CMP,ASUS,ExpertBook B1,ASU-EXPERTBOOK-B1-10213,32GB · 1TB,White,#F3F1EC,11452,2.2,1,jd,,Dongguan Lianxin Computer Parts,no,"Qalab kombiyuutar / xafiis cusub, dammaanad 12 bil."
GRS-CMP-10214,CMP,Acer,Aspire 3,ACE-ASPIRE-3-10214,8GB · 256GB,White,#F3F1EC,3036,2.2,1,jd,,Dongguan Lianxin Computer Parts,no,"Qalab kombiyuutar / xafiis cusub, dammaanad 12 bil."
GRS-CMP-10214,CMP,Acer,Aspire 3,ACE-ASPIRE-3-10214,16GB · 512GB,White,#F3F1EC,3795,2.2,1,jd,,Dongguan Lianxin Computer Parts,no,"Qalab kombiyuutar / xafiis cusub, dammaanad 12 bil."
GRS-CMP-10214,CMP,Acer,Aspire 3,ACE-ASPIRE-3-10214,32GB · 1TB,White,#F3F1EC,5162,2.2,1,jd,,Dongguan Lianxin Computer Parts,no,"Qalab kombiyuutar / xafiis cusub, dammaanad 12 bil."
GRS-CMP-10215,CMP,Acer,Aspire 5,ACE-ASPIRE-5-10215,8GB · 256GB,White,#F3F1EC,3294,2.2,1,jd,,Dongguan Lianxin Computer Parts,no,"Qalab kombiyuutar / xafiis cusub, dammaanad 12 bil."
GRS-CMP-10215,CMP,Acer,Aspire 5,ACE-ASPIRE-5-10215,16GB · 512GB,White,#F3F1EC,4118,2.2,1,jd,,Dongguan Lianxin Computer Parts,no,"Qalab kombiyuutar / xafiis cusub, dammaanad 12 bil."
GRS-CMP-10215,CMP,Acer,Aspire 5,ACE-ASPIRE-5-10215,32GB · 1TB,White,#F3F1EC,5600,2.2,1,jd,,Dongguan Lianxin Computer Parts,no,"Qalab kombiyuutar / xafiis cusub, dammaanad 12 bil."
GRS-CMP-10216,CMP,Acer,Swift Go 14,ACE-SWIFT-GO-14-10216,8GB · 256GB,White,#F3F1EC,3904,2.2,1,jd,,Dongguan Lianxin Computer Parts,no,"Qalab kombiyuutar / xafiis cusub, dammaanad 12 bil."
GRS-CMP-10216,CMP,Acer,Swift Go 14,ACE-SWIFT-GO-14-10216,16GB · 512GB,White,#F3F1EC,4880,2.2,1,jd,,Dongguan Lianxin Computer Parts,no,"Qalab kombiyuutar / xafiis cusub, dammaanad 12 bil."
GRS-CMP-10216,CMP,Acer,Swift Go 14,ACE-SWIFT-GO-14-10216,32GB · 1TB,White,#F3F1EC,6637,2.2,1,jd,,Dongguan Lianxin Computer Parts,no,"Qalab kombiyuutar / xafiis cusub, dammaanad 12 bil."
GRS-CMP-10217,CMP,Acer,Nitro V15,ACE-NITRO-V15-10217,8GB · 256GB,White,#F3F1EC,4137,2.2,1,jd,,Dongguan Lianxin Computer Parts,no,"Qalab kombiyuutar / xafiis cusub, dammaanad 12 bil."
GRS-CMP-10217,CMP,Acer,Nitro V15,ACE-NITRO-V15-10217,16GB · 512GB,White,#F3F1EC,5171,2.2,1,jd,,Dongguan Lianxin Computer Parts,no,"Qalab kombiyuutar / xafiis cusub, dammaanad 12 bil."
GRS-CMP-10217,CMP,Acer,Nitro V15,ACE-NITRO-V15-10217,32GB · 1TB,White,#F3F1EC,7032,2.2,1,jd,,Dongguan Lianxin Computer Parts,no,"Qalab kombiyuutar / xafiis cusub, dammaanad 12 bil."
GRS-CMP-10218,CMP,Acer,Extensa 15,ACE-EXTENSA-15-10218,8GB · 256GB,White,#F3F1EC,4717,2.2,1,jd,,Dongguan Lianxin Computer Parts,no,"Qalab kombiyuutar / xafiis cusub, dammaanad 12 bil."
GRS-CMP-10218,CMP,Acer,Extensa 15,ACE-EXTENSA-15-10218,16GB · 512GB,White,#F3F1EC,5896,2.2,1,jd,,Dongguan Lianxin Computer Parts,no,"Qalab kombiyuutar / xafiis cusub, dammaanad 12 bil."
GRS-CMP-10218,CMP,Acer,Extensa 15,ACE-EXTENSA-15-10218,32GB · 1TB,White,#F3F1EC,8018,2.2,1,jd,,Dongguan Lianxin Computer Parts,no,"Qalab kombiyuutar / xafiis cusub, dammaanad 12 bil."
GRS-CMP-10219,CMP,Acer,TravelMate P2,ACE-TRAVELMATE-P2-10219,8GB · 256GB,White,#F3F1EC,5412,2.2,1,jd,,Dongguan Lianxin Computer Parts,no,"Qalab kombiyuutar / xafiis cusub, dammaanad 12 bil."
GRS-CMP-10219,CMP,Acer,TravelMate P2,ACE-TRAVELMATE-P2-10219,16GB · 512GB,White,#F3F1EC,6765,2.2,1,jd,,Dongguan Lianxin Computer Parts,no,"Qalab kombiyuutar / xafiis cusub, dammaanad 12 bil."
GRS-CMP-10219,CMP,Acer,TravelMate P2,ACE-TRAVELMATE-P2-10219,32GB · 1TB,White,#F3F1EC,9200,2.2,1,jd,,Dongguan Lianxin Computer Parts,no,"Qalab kombiyuutar / xafiis cusub, dammaanad 12 bil."
GRS-CMP-10220,CMP,Huawei,MateBook D14,HUA-MATEBOOK-D14-10220,8GB · 256GB,White,#F3F1EC,3779,1.8,1,jd,,Dongguan Lianxin Computer Parts,no,"Qalab kombiyuutar / xafiis cusub, dammaanad 12 bil."
GRS-CMP-10220,CMP,Huawei,MateBook D14,HUA-MATEBOOK-D14-10220,16GB · 512GB,White,#F3F1EC,4724,1.8,1,jd,,Dongguan Lianxin Computer Parts,no,"Qalab kombiyuutar / xafiis cusub, dammaanad 12 bil."
GRS-CMP-10220,CMP,Huawei,MateBook D14,HUA-MATEBOOK-D14-10220,32GB · 1TB,White,#F3F1EC,6424,1.8,1,jd,,Dongguan Lianxin Computer Parts,no,"Qalab kombiyuutar / xafiis cusub, dammaanad 12 bil."
GRS-CMP-10221,CMP,Huawei,MateBook D16,HUA-MATEBOOK-D16-10221,8GB · 256GB,White,#F3F1EC,4367,1.8,1,jd,,Dongguan Lianxin Computer Parts,no,"Qalab kombiyuutar / xafiis cusub, dammaanad 12 bil."
GRS-CMP-10221,CMP,Huawei,MateBook D16,HUA-MATEBOOK-D16-10221,16GB · 512GB,White,#F3F1EC,5458,1.8,1,jd,,Dongguan Lianxin Computer Parts,no,"Qalab kombiyuutar / xafiis cusub, dammaanad 12 bil."
GRS-CMP-10221,CMP,Huawei,MateBook D16,HUA-MATEBOOK-D16-10221,32GB · 1TB,White,#F3F1EC,7423,1.8,1,jd,,Dongguan Lianxin Computer Parts,no,"Qalab kombiyuutar / xafiis cusub, dammaanad 12 bil."
GRS-CMP-10222,CMP,Huawei,MateBook 14,HUA-MATEBOOK-14-10222,8GB · 256GB,White,#F3F1EC,4686,1.8,1,jd,,Dongguan Lianxin Computer Parts,no,"Qalab kombiyuutar / xafiis cusub, dammaanad 12 bil."
GRS-CMP-10222,CMP,Huawei,MateBook 14,HUA-MATEBOOK-14-10222,16GB · 512GB,White,#F3F1EC,5858,1.8,1,jd,,Dongguan Lianxin Computer Parts,no,"Qalab kombiyuutar / xafiis cusub, dammaanad 12 bil."
GRS-CMP-10222,CMP,Huawei,MateBook 14,HUA-MATEBOOK-14-10222,32GB · 1TB,White,#F3F1EC,7966,1.8,1,jd,,Dongguan Lianxin Computer Parts,no,"Qalab kombiyuutar / xafiis cusub, dammaanad 12 bil."
GRS-CMP-10223,CMP,Huawei,MatePad 11.5,HUA-MATEPAD-11-5-10223,8GB · 256GB,White,#F3F1EC,5381,1.8,1,jd,,Dongguan Lianxin Computer Parts,no,"Qalab kombiyuutar / xafiis cusub, dammaanad 12 bil."
GRS-CMP-10223,CMP,Huawei,MatePad 11.5,HUA-MATEPAD-11-5-10223,16GB · 512GB,White,#F3F1EC,6726,1.8,1,jd,,Dongguan Lianxin Computer Parts,no,"Qalab kombiyuutar / xafiis cusub, dammaanad 12 bil."
GRS-CMP-10223,CMP,Huawei,MatePad 11.5,HUA-MATEPAD-11-5-10223,32GB · 1TB,White,#F3F1EC,9148,1.8,1,jd,,Dongguan Lianxin Computer Parts,no,"Qalab kombiyuutar / xafiis cusub, dammaanad 12 bil."
GRS-CMP-10224,CMP,Huawei,MatePad SE,HUA-MATEPAD-SE-10224,8GB · 256GB,White,#F3F1EC,5774,1.8,1,jd,,Dongguan Lianxin Computer Parts,no,"Qalab kombiyuutar / xafiis cusub, dammaanad 12 bil."
GRS-CMP-10224,CMP,Huawei,MatePad SE,HUA-MATEPAD-SE-10224,16GB · 512GB,White,#F3F1EC,7217,1.8,1,jd,,Dongguan Lianxin Computer Parts,no,"Qalab kombiyuutar / xafiis cusub, dammaanad 12 bil."
GRS-CMP-10224,CMP,Huawei,MatePad SE,HUA-MATEPAD-SE-10224,32GB · 1TB,White,#F3F1EC,9816,1.8,1,jd,,Dongguan Lianxin Computer Parts,no,"Qalab kombiyuutar / xafiis cusub, dammaanad 12 bil."
GRS-CMP-10225,CMP,Huawei,MatePad Air,HUA-MATEPAD-AIR-10225,8GB · 256GB,White,#F3F1EC,6197,1.8,1,jd,,Dongguan Lianxin Computer Parts,no,"Qalab kombiyuutar / xafiis cusub, dammaanad 12 bil."
GRS-CMP-10225,CMP,Huawei,MatePad Air,HUA-MATEPAD-AIR-10225,16GB · 512GB,White,#F3F1EC,7746,1.8,1,jd,,Dongguan Lianxin Computer Parts,no,"Qalab kombiyuutar / xafiis cusub, dammaanad 12 bil."
GRS-CMP-10225,CMP,Huawei,MatePad Air,HUA-MATEPAD-AIR-10225,32GB · 1TB,White,#F3F1EC,10535,1.8,1,jd,,Dongguan Lianxin Computer Parts,no,"Qalab kombiyuutar / xafiis cusub, dammaanad 12 bil."
GRS-CMP-10226,CMP,Xiaomi,RedmiBook 15,XIA-REDMIBOOK-15-10226,8GB · 256GB,White,#F3F1EC,3099,2,1,jd,,Dongguan Lianxin Computer Parts,no,"Qalab kombiyuutar / xafiis cusub, dammaanad 12 bil."
GRS-CMP-10226,CMP,Xiaomi,RedmiBook 15,XIA-REDMIBOOK-15-10226,16GB · 512GB,White,#F3F1EC,3873,2,1,jd,,Dongguan Lianxin Computer Parts,no,"Qalab kombiyuutar / xafiis cusub, dammaanad 12 bil."
GRS-CMP-10226,CMP,Xiaomi,RedmiBook 15,XIA-REDMIBOOK-15-10226,32GB · 1TB,White,#F3F1EC,5268,2,1,jd,,Dongguan Lianxin Computer Parts,no,"Qalab kombiyuutar / xafiis cusub, dammaanad 12 bil."
GRS-CMP-10227,CMP,Xiaomi,RedmiBook Pro 14,XIA-REDMIBOOK-PRO-14-10227,8GB · 256GB,White,#F3F1EC,3741,2,1,jd,,Dongguan Lianxin Computer Parts,no,"Qalab kombiyuutar / xafiis cusub, dammaanad 12 bil."
GRS-CMP-10227,CMP,Xiaomi,RedmiBook Pro 14,XIA-REDMIBOOK-PRO-14-10227,16GB · 512GB,White,#F3F1EC,4677,2,1,jd,,Dongguan Lianxin Computer Parts,no,"Qalab kombiyuutar / xafiis cusub, dammaanad 12 bil."
GRS-CMP-10227,CMP,Xiaomi,RedmiBook Pro 14,XIA-REDMIBOOK-PRO-14-10227,32GB · 1TB,White,#F3F1EC,6360,2,1,jd,,Dongguan Lianxin Computer Parts,no,"Qalab kombiyuutar / xafiis cusub, dammaanad 12 bil."
GRS-CMP-10228,CMP,Xiaomi,Book Air 13,XIA-BOOK-AIR-13-10228,8GB · 256GB,White,#F3F1EC,4263,2,1,jd,,Dongguan Lianxin Computer Parts,no,"Qalab kombiyuutar / xafiis cusub, dammaanad 12 bil."
GRS-CMP-10228,CMP,Xiaomi,Book Air 13,XIA-BOOK-AIR-13-10228,16GB · 512GB,White,#F3F1EC,5329,2,1,jd,,Dongguan Lianxin Computer Parts,no,"Qalab kombiyuutar / xafiis cusub, dammaanad 12 bil."
GRS-CMP-10228,CMP,Xiaomi,Book Air 13,XIA-BOOK-AIR-13-10228,32GB · 1TB,White,#F3F1EC,7248,2,1,jd,,Dongguan Lianxin Computer Parts,no,"Qalab kombiyuutar / xafiis cusub, dammaanad 12 bil."
GRS-CMP-10229,CMP,Xiaomi,Pad 6,XIA-PAD-6-10229,8GB · 256GB,White,#F3F1EC,4704,2,1,jd,,Dongguan Lianxin Computer Parts,no,"Qalab kombiyuutar / xafiis cusub, dammaanad 12 bil."
GRS-CMP-10229,CMP,Xiaomi,Pad 6,XIA-PAD-6-10229,16GB · 512GB,White,#F3F1EC,5880,2,1,jd,,Dongguan Lianxin Computer Parts,no,"Qalab kombiyuutar / xafiis cusub, dammaanad 12 bil."
GRS-CMP-10229,CMP,Xiaomi,Pad 6,XIA-PAD-6-10229,32GB · 1TB,White,#F3F1EC,7997,2,1,jd,,Dongguan Lianxin Computer Parts,no,"Qalab kombiyuutar / xafiis cusub, dammaanad 12 bil."
GRS-CMP-10230,CMP,Xiaomi,Pad 7,XIA-PAD-7-10230,8GB · 256GB,White,#F3F1EC,5359,2,1,jd,,Dongguan Lianxin Computer Parts,no,"Qalab kombiyuutar / xafiis cusub, dammaanad 12 bil."
GRS-CMP-10230,CMP,Xiaomi,Pad 7,XIA-PAD-7-10230,16GB · 512GB,White,#F3F1EC,6698,2,1,jd,,Dongguan Lianxin Computer Parts,no,"Qalab kombiyuutar / xafiis cusub, dammaanad 12 bil."
GRS-CMP-10230,CMP,Xiaomi,Pad 7,XIA-PAD-7-10230,32GB · 1TB,White,#F3F1EC,9110,2,1,jd,,Dongguan Lianxin Computer Parts,no,"Qalab kombiyuutar / xafiis cusub, dammaanad 12 bil."
GRS-CMP-10231,CMP,Xiaomi,Redmi Pad SE,XIA-REDMI-PAD-SE-10231,8GB · 256GB,White,#F3F1EC,5431,2,1,jd,,Dongguan Lianxin Computer Parts,no,"Qalab kombiyuutar / xafiis cusub, dammaanad 12 bil."
GRS-CMP-10231,CMP,Xiaomi,Redmi Pad SE,XIA-REDMI-PAD-SE-10231,16GB · 512GB,White,#F3F1EC,6788,2,1,jd,,Dongguan Lianxin Computer Parts,no,"Qalab kombiyuutar / xafiis cusub, dammaanad 12 bil."
GRS-CMP-10231,CMP,Xiaomi,Redmi Pad SE,XIA-REDMI-PAD-SE-10231,32GB · 1TB,White,#F3F1EC,9232,2,1,jd,,Dongguan Lianxin Computer Parts,no,"Qalab kombiyuutar / xafiis cusub, dammaanad 12 bil."
GRS-CMP-10232,CMP,Dell,"monitor SE2222H 22""",DEL-SE2222H-22-10232,Standard,—,,864,5,1,jd,,Dongguan Lianxin Computer Parts,no,"Qalab kombiyuutar / xafiis cusub, dammaanad 12 bil."
GRS-CMP-10233,CMP,Dell,"monitor E2423H 24""",DEL-E2423H-24-10233,Standard,—,,1038,5,1,jd,,Dongguan Lianxin Computer Parts,no,"Qalab kombiyuutar / xafiis cusub, dammaanad 12 bil."
GRS-CMP-10234,CMP,Dell,"monitor P2423D 24""",DEL-P2423D-24-10234,Standard,—,,1156,5,1,jd,,Dongguan Lianxin Computer Parts,no,"Qalab kombiyuutar / xafiis cusub, dammaanad 12 bil."
GRS-CMP-10235,CMP,Dell,"monitor P2723D 27""",DEL-P2723D-27-10235,Standard,—,,1286,5,1,jd,,Dongguan Lianxin Computer Parts,no,"Qalab kombiyuutar / xafiis cusub, dammaanad 12 bil."
GRS-CMP-10236,CMP,Dell,"monitor S2721HS 27""",DEL-S2721HS-27-10236,Standard,—,,1461,5,1,jd,,Dongguan Lianxin Computer Parts,no,"Qalab kombiyuutar / xafiis cusub, dammaanad 12 bil."
GRS-CMP-10237,CMP,Dell,"monitor U2723QE 27""",DEL-U2723QE-27-10237,Standard,—,,1644,5,1,jd,,Dongguan Lianxin Computer Parts,no,"Qalab kombiyuutar / xafiis cusub, dammaanad 12 bil."
GRS-CMP-10238,CMP,LG,"monitor 22MR410 22""",LG-22MR410-22-10238,Standard,—,,849,5,1,jd,,Dongguan Lianxin Computer Parts,no,"Qalab kombiyuutar / xafiis cusub, dammaanad 12 bil."
GRS-CMP-10239,CMP,LG,"monitor 24MR400 24""",LG-24MR400-24-10239,Standard,—,,964,5,1,jd,,Dongguan Lianxin Computer Parts,no,"Qalab kombiyuutar / xafiis cusub, dammaanad 12 bil."
GRS-CMP-10240,CMP,LG,"monitor 27MP400 27""",LG-27MP400-27-10240,Standard,—,,1168,5,1,jd,,Dongguan Lianxin Computer Parts,no,"Qalab kombiyuutar / xafiis cusub, dammaanad 12 bil."
GRS-CMP-10241,CMP,LG,"monitor 27UP850 27""",LG-27UP850-27-10241,Standard,—,,1331,5,1,jd,,Dongguan Lianxin Computer Parts,no,"Qalab kombiyuutar / xafiis cusub, dammaanad 12 bil."
GRS-CMP-10242,CMP,LG,"monitor 24GN600 24""",LG-24GN600-24-10242,Standard,—,,1386,5,1,jd,,Dongguan Lianxin Computer Parts,no,"Qalab kombiyuutar / xafiis cusub, dammaanad 12 bil."
GRS-CMP-10243,CMP,HP,printer LaserJet M111w,HP-LASERJET-M111W-10243,Standard,—,,854,8,1,jd,,Dongguan Lianxin Computer Parts,no,"Qalab kombiyuutar / xafiis cusub, dammaanad 12 bil."
GRS-CMP-10244,CMP,HP,printer LaserJet M141w,HP-LASERJET-M141W-10244,Standard,—,,985,8,1,jd,,Dongguan Lianxin Computer Parts,no,"Qalab kombiyuutar / xafiis cusub, dammaanad 12 bil."
GRS-CMP-10245,CMP,HP,printer LaserJet Pro M15w,HP-LASERJET-PRO-M15W-10245,Standard,—,,1241,8,1,jd,,Dongguan Lianxin Computer Parts,no,"Qalab kombiyuutar / xafiis cusub, dammaanad 12 bil."
GRS-CMP-10246,CMP,HP,printer LaserJet Pro MFP M28w,HP-LASERJET-PRO-MFP--10246,Standard,—,,1259,8,1,jd,,Dongguan Lianxin Computer Parts,no,"Qalab kombiyuutar / xafiis cusub, dammaanad 12 bil."
GRS-CMP-10247,CMP,HP,printer LaserJet MFP M139we,HP-LASERJET-MFP-M139-10247,Standard,—,,1513,8,1,jd,,Dongguan Lianxin Computer Parts,no,"Qalab kombiyuutar / xafiis cusub, dammaanad 12 bil."
GRS-CMP-10248,CMP,HP,printer Smart Tank 515,HP-SMART-TANK-515-10248,Standard,—,,1634,8,1,jd,,Dongguan Lianxin Computer Parts,no,"Qalab kombiyuutar / xafiis cusub, dammaanad 12 bil."
GRS-CMP-10249,CMP,HP,printer Smart Tank 725,HP-SMART-TANK-725-10249,Standard,—,,1724,8,1,jd,,Dongguan Lianxin Computer Parts,no,"Qalab kombiyuutar / xafiis cusub, dammaanad 12 bil."
GRS-CMP-10250,CMP,HP,printer DeskJet 2720,HP-DESKJET-2720-10250,Standard,—,,1975,8,1,jd,,Dongguan Lianxin Computer Parts,no,"Qalab kombiyuutar / xafiis cusub, dammaanad 12 bil."
GRS-CMP-10251,CMP,Canon,PIXMA G2020,CAN-PIXMA-G2020-10251,Standard,—,,942,8,1,jd,,Dongguan Lianxin Computer Parts,no,"Qalab kombiyuutar / xafiis cusub, dammaanad 12 bil."
GRS-CMP-10252,CMP,Canon,PIXMA G3020,CAN-PIXMA-G3020-10252,Standard,—,,1109,8,1,jd,,Dongguan Lianxin Computer Parts,no,"Qalab kombiyuutar / xafiis cusub, dammaanad 12 bil."
GRS-CMP-10253,CMP,Canon,PIXMA G3420,CAN-PIXMA-G3420-10253,Standard,—,,1313,8,1,jd,,Dongguan Lianxin Computer Parts,no,"Qalab kombiyuutar / xafiis cusub, dammaanad 12 bil."
GRS-CMP-10254,CMP,Canon,imageCLASS LBP6030,CAN-IMAGECLASS-LBP60-10254,Standard,—,,1396,8,1,jd,,Dongguan Lianxin Computer Parts,no,"Qalab kombiyuutar / xafiis cusub, dammaanad 12 bil."
GRS-CMP-10255,CMP,Canon,i-SENSYS MF3010,CAN-I-SENSYS-MF3010-10255,Standard,—,,1705,8,1,jd,,Dongguan Lianxin Computer Parts,no,"Qalab kombiyuutar / xafiis cusub, dammaanad 12 bil."
GRS-CMP-10256,CMP,Canon,PIXMA E410,CAN-PIXMA-E410-10256,Standard,—,,1743,8,1,jd,,Dongguan Lianxin Computer Parts,no,"Qalab kombiyuutar / xafiis cusub, dammaanad 12 bil."
GRS-CMP-10257,CMP,Epson,L121,EPS-L121-10257,Standard,—,,1053,8,1,jd,,Dongguan Lianxin Computer Parts,no,"Qalab kombiyuutar / xafiis cusub, dammaanad 12 bil."
GRS-CMP-10258,CMP,Epson,L3210,EPS-L3210-10258,Standard,—,,1207,8,1,jd,,Dongguan Lianxin Computer Parts,no,"Qalab kombiyuutar / xafiis cusub, dammaanad 12 bil."
GRS-CMP-10259,CMP,Epson,L3250,EPS-L3250-10259,Standard,—,,1475,8,1,jd,,Dongguan Lianxin Computer Parts,no,"Qalab kombiyuutar / xafiis cusub, dammaanad 12 bil."
GRS-CMP-10260,CMP,Epson,L5290,EPS-L5290-10260,Standard,—,,1618,8,1,jd,,Dongguan Lianxin Computer Parts,no,"Qalab kombiyuutar / xafiis cusub, dammaanad 12 bil."
GRS-CMP-10261,CMP,Epson,L1210,EPS-L1210-10261,Standard,—,,1832,8,1,jd,,Dongguan Lianxin Computer Parts,no,"Qalab kombiyuutar / xafiis cusub, dammaanad 12 bil."
GRS-CMP-10262,CMP,Epson,EcoTank M1120,EPS-ECOTANK-M1120-10262,Standard,—,,2017,8,1,jd,,Dongguan Lianxin Computer Parts,no,"Qalab kombiyuutar / xafiis cusub, dammaanad 12 bil."
GRS-CMP-10263,CMP,TP-Link,Archer C6,TP-ARCHER-C6-10263,Standard,—,,124,0.5,1,jd,,Dongguan Lianxin Computer Parts,no,"Qalab kombiyuutar / xafiis cusub, dammaanad 12 bil."
GRS-CMP-10264,CMP,TP-Link,Archer AX23,TP-ARCHER-AX23-10264,Standard,—,,147,0.5,1,jd,,Dongguan Lianxin Computer Parts,no,"Qalab kombiyuutar / xafiis cusub, dammaanad 12 bil."
GRS-CMP-10265,CMP,TP-Link,Archer AX55,TP-ARCHER-AX55-10265,Standard,—,,162,0.5,1,jd,,Dongguan Lianxin Computer Parts,no,"Qalab kombiyuutar / xafiis cusub, dammaanad 12 bil."
GRS-CMP-10266,CMP,TP-Link,TL-WR841N,TP-TL-WR841N-10266,Standard,—,,171,0.5,1,jd,,Dongguan Lianxin Computer Parts,no,"Qalab kombiyuutar / xafiis cusub, dammaanad 12 bil."
GRS-CMP-10267,CMP,TP-Link,TL-WR940N,TP-TL-WR940N-10267,Standard,—,,196,0.5,1,jd,,Dongguan Lianxin Computer Parts,no,"Qalab kombiyuutar / xafiis cusub, dammaanad 12 bil."
GRS-CMP-10268,CMP,TP-Link,Deco M4 (2-pack),TP-DECO-M4-2-PACK-10268,Standard,—,,208,0.5,1,jd,,Dongguan Lianxin Computer Parts,no,"Qalab kombiyuutar / xafiis cusub, dammaanad 12 bil."
GRS-CMP-10269,CMP,TP-Link,Deco X20,TP-DECO-X20-10269,Standard,—,,221,0.5,1,jd,,Dongguan Lianxin Computer Parts,no,"Qalab kombiyuutar / xafiis cusub, dammaanad 12 bil."
GRS-CMP-10270,CMP,TP-Link,TL-SG1008D switch,TP-TL-SG1008D-SWITCH-10270,Standard,—,,254,0.5,1,jd,,Dongguan Lianxin Computer Parts,no,"Qalab kombiyuutar / xafiis cusub, dammaanad 12 bil."
GRS-CMP-10271,CMP,TP-Link,TL-SG108E switch,TP-TL-SG108E-SWITCH-10271,Standard,—,,281,0.5,1,jd,,Dongguan Lianxin Computer Parts,no,"Qalab kombiyuutar / xafiis cusub, dammaanad 12 bil."
GRS-CMP-10272,CMP,TP-Link,Archer T3U adapter,TP-ARCHER-T3U-ADAPTE-10272,Standard,—,,282,0.5,1,jd,,Dongguan Lianxin Computer Parts,no,"Qalab kombiyuutar / xafiis cusub, dammaanad 12 bil."
GRS-CMP-10273,CMP,TP-Link,Tapo C200,TP-TAPO-C200-10273,Standard,—,,303,0.5,1,jd,,Dongguan Lianxin Computer Parts,no,"Qalab kombiyuutar / xafiis cusub, dammaanad 12 bil."
GRS-CMP-10274,CMP,TP-Link,Tapo C210,TP-TAPO-C210-10274,Standard,—,,325,0.5,1,jd,,Dongguan Lianxin Computer Parts,no,"Qalab kombiyuutar / xafiis cusub, dammaanad 12 bil."
GRS-CMP-10275,CMP,Huawei,WiFi AX3,HUA-WIFI-AX3-10275,Standard,—,,256,0.6,1,jd,,Dongguan Lianxin Computer Parts,no,"Qalab kombiyuutar / xafiis cusub, dammaanad 12 bil."
GRS-CMP-10276,CMP,Huawei,WiFi AX2,HUA-WIFI-AX2-10276,Standard,—,,291,0.6,1,jd,,Dongguan Lianxin Computer Parts,no,"Qalab kombiyuutar / xafiis cusub, dammaanad 12 bil."
GRS-CMP-10277,CMP,Huawei,B311 4G router,HUA-B311-4G-ROUTER-10277,Standard,—,,335,0.6,1,jd,,Dongguan Lianxin Computer Parts,no,"Qalab kombiyuutar / xafiis cusub, dammaanad 12 bil."
GRS-CMP-10278,CMP,Huawei,B535 4G CPE,HUA-B535-4G-CPE-10278,Standard,—,,381,0.6,1,jd,,Dongguan Lianxin Computer Parts,no,"Qalab kombiyuutar / xafiis cusub, dammaanad 12 bil."
GRS-CMP-10279,CMP,Huawei,E5576 MiFi,HUA-E5576-MIFI-10279,Standard,—,,405,0.6,1,jd,,Dongguan Lianxin Computer Parts,no,"Qalab kombiyuutar / xafiis cusub, dammaanad 12 bil."
GRS-CMP-10280,CMP,Huawei,WiFi Mesh 3,HUA-WIFI-MESH-3-10280,Standard,—,,466,0.6,1,jd,,Dongguan Lianxin Computer Parts,no,"Qalab kombiyuutar / xafiis cusub, dammaanad 12 bil."
GRS-CMP-10281,CMP,Logitech,M170 mouse,LOG-M170-MOUSE-10281,Standard,—,,94,0.3,1,jd,,Dongguan Lianxin Computer Parts,no,"Qalab kombiyuutar / xafiis cusub, dammaanad 12 bil."
GRS-CMP-10282,CMP,Logitech,M185 mouse,LOG-M185-MOUSE-10282,Standard,—,,99,0.3,1,jd,,Dongguan Lianxin Computer Parts,no,"Qalab kombiyuutar / xafiis cusub, dammaanad 12 bil."
GRS-CMP-10283,CMP,Logitech,MK270 combo,LOG-MK270-COMBO-10283,Standard,—,,125,0.3,1,jd,,Dongguan Lianxin Computer Parts,no,"Qalab kombiyuutar / xafiis cusub, dammaanad 12 bil."
GRS-CMP-10284,CMP,Logitech,MK295 combo,LOG-MK295-COMBO-10284,Standard,—,,137,0.3,1,jd,,Dongguan Lianxin Computer Parts,no,"Qalab kombiyuutar / xafiis cusub, dammaanad 12 bil."
GRS-CMP-10285,CMP,Logitech,K380 keyboard,LOG-K380-KEYBOARD-10285,Standard,—,,141,0.3,1,jd,,Dongguan Lianxin Computer Parts,no,"Qalab kombiyuutar / xafiis cusub, dammaanad 12 bil."
GRS-CMP-10286,CMP,Logitech,C270 webcam,LOG-C270-WEBCAM-10286,Standard,—,,161,0.3,1,jd,,Dongguan Lianxin Computer Parts,no,"Qalab kombiyuutar / xafiis cusub, dammaanad 12 bil."
GRS-CMP-10287,CMP,Logitech,C920 webcam,LOG-C920-WEBCAM-10287,Standard,—,,179,0.3,1,jd,,Dongguan Lianxin Computer Parts,no,"Qalab kombiyuutar / xafiis cusub, dammaanad 12 bil."
GRS-CMP-10288,CMP,Logitech,H111 headset,LOG-H111-HEADSET-10288,Standard,—,,200,0.3,1,jd,,Dongguan Lianxin Computer Parts,no,"Qalab kombiyuutar / xafiis cusub, dammaanad 12 bil."
GRS-CMP-10289,CMP,Kingston,DataTraveler 32GB,KIN-DATATRAVELER-32G-10289,Standard,—,,79,0.05,5,jd,,Dongguan Lianxin Computer Parts,no,"Qalab kombiyuutar / xafiis cusub, dammaanad 12 bil."
GRS-CMP-10290,CMP,Kingston,DataTraveler 64GB,KIN-DATATRAVELER-64G-10290,Standard,—,,94,0.05,5,jd,,Dongguan Lianxin Computer Parts,no,"Qalab kombiyuutar / xafiis cusub, dammaanad 12 bil."
GRS-CMP-10291,CMP,Kingston,DataTraveler 128GB,KIN-DATATRAVELER-128-10291,Standard,—,,110,0.05,5,jd,,Dongguan Lianxin Computer Parts,no,"Qalab kombiyuutar / xafiis cusub, dammaanad 12 bil."
GRS-CMP-10292,CMP,Kingston,A400 SSD 240GB,KIN-A400-SSD-240GB-10292,Standard,—,,123,0.05,5,jd,,Dongguan Lianxin Computer Parts,no,"Qalab kombiyuutar / xafiis cusub, dammaanad 12 bil."
GRS-CMP-10293,CMP,Kingston,A400 SSD 480GB,KIN-A400-SSD-480GB-10293,Standard,—,,138,0.05,5,jd,,Dongguan Lianxin Computer Parts,no,"Qalab kombiyuutar / xafiis cusub, dammaanad 12 bil."
GRS-CMP-10294,CMP,Kingston,NV2 SSD 500GB,KIN-NV2-SSD-500GB-10294,Standard,—,,143,0.05,5,jd,,Dongguan Lianxin Computer Parts,no,"Qalab kombiyuutar / xafiis cusub, dammaanad 12 bil."
GRS-CMP-10295,CMP,Kingston,NV2 SSD 1TB,KIN-NV2-SSD-1TB-10295,Standard,—,,160,0.05,5,jd,,Dongguan Lianxin Computer Parts,no,"Qalab kombiyuutar / xafiis cusub, dammaanad 12 bil."
GRS-CMP-10296,CMP,Kingston,Canvas Select microSD 64GB,KIN-CANVAS-SELECT-MI-10296,Standard,—,,164,0.05,5,jd,,Dongguan Lianxin Computer Parts,no,"Qalab kombiyuutar / xafiis cusub, dammaanad 12 bil."
GRS-CMP-10297,CMP,Kingston,Canvas Select microSD 128GB,KIN-CANVAS-SELECT-MI-10297,Standard,—,,187,0.05,5,jd,,Dongguan Lianxin Computer Parts,no,"Qalab kombiyuutar / xafiis cusub, dammaanad 12 bil."
GRS-CMP-10298,CMP,Generic,"Laptop bag 15.6""",GEN-LAPTOP-BAG-15-6-10298,Standard,—,,208,1.5,5,1688,,Dongguan Lianxin Computer Parts,no,"Qalab kombiyuutar / xafiis cusub, dammaanad 12 bil."
GRS-CMP-10299,CMP,Generic,Laptop stand,GEN-LAPTOP-STAND-10299,Standard,—,,236,1.5,5,1688,,Dongguan Lianxin Computer Parts,no,"Qalab kombiyuutar / xafiis cusub, dammaanad 12 bil."
GRS-CMP-10300,CMP,Generic,Mouse pad XL,GEN-MOUSE-PAD-XL-10300,Standard,—,,271,1.5,5,1688,,Dongguan Lianxin Computer Parts,no,"Qalab kombiyuutar / xafiis cusub, dammaanad 12 bil."
GRS-CMP-10301,CMP,Generic,HDMI cable 2m,GEN-HDMI-CABLE-2M-10301,Standard,—,,286,1.5,5,1688,,Dongguan Lianxin Computer Parts,no,"Qalab kombiyuutar / xafiis cusub, dammaanad 12 bil."
GRS-CMP-10302,CMP,Generic,HDMI cable 5m,GEN-HDMI-CABLE-5M-10302,Standard,—,,344,1.5,5,1688,,Dongguan Lianxin Computer Parts,no,"Qalab kombiyuutar / xafiis cusub, dammaanad 12 bil."
GRS-CMP-10303,CMP,Generic,USB hub 4-port,GEN-USB-HUB-4-PORT-10303,Standard,—,,381,1.5,5,1688,,Dongguan Lianxin Computer Parts,no,"Qalab kombiyuutar / xafiis cusub, dammaanad 12 bil."
GRS-CMP-10304,CMP,Generic,Power strip 6-way,GEN-POWER-STRIP-6-WA-10304,Standard,—,,414,1.5,5,1688,,Dongguan Lianxin Computer Parts,no,"Qalab kombiyuutar / xafiis cusub, dammaanad 12 bil."
GRS-CMP-10305,CMP,Generic,UPS 650VA,GEN-UPS-650VA-10305,Standard,—,,426,1.5,5,1688,,Dongguan Lianxin Computer Parts,no,"Qalab kombiyuutar / xafiis cusub, dammaanad 12 bil."
GRS-CMP-10306,CMP,Generic,UPS 1000VA,GEN-UPS-1000VA-10306,Standard,—,,472,1.5,5,1688,,Dongguan Lianxin Computer Parts,no,"Qalab kombiyuutar / xafiis cusub, dammaanad 12 bil."
GRS-CMP-10307,CMP,Generic,UPS 2000VA,GEN-UPS-2000VA-10307,Standard,—,,477,1.5,5,1688,,Dongguan Lianxin Computer Parts,no,"Qalab kombiyuutar / xafiis cusub, dammaanad 12 bil."
GRS-CMP-10308,CMP,Generic,Laptop charger universal,GEN-LAPTOP-CHARGER-U-10308,Standard,—,,546,1.5,5,1688,,Dongguan Lianxin Computer Parts,no,"Qalab kombiyuutar / xafiis cusub, dammaanad 12 bil."
GRS-CMP-10309,CMP,Generic,Screen cleaning kit,GEN-SCREEN-CLEANING--10309,Standard,—,,576,1.5,5,1688,,Dongguan Lianxin Computer Parts,no,"Qalab kombiyuutar / xafiis cusub, dammaanad 12 bil."
GRS-SOL-10310,SOL,Jinko,solar panel 450W mono,JIN-450W-MONO-10310,Standard,—,,471,25,1,1688,,Hangzhou Solar Tech,no,Qalab solar tayo leh — ku habboon guryaha iyo ganacsiga Soomaaliya.
GRS-SOL-10311,SOL,Jinko,solar panel 500W mono,JIN-500W-MONO-10311,Standard,—,,529,25,1,1688,,Hangzhou Solar Tech,no,Qalab solar tayo leh — ku habboon guryaha iyo ganacsiga Soomaaliya.
GRS-SOL-10312,SOL,Jinko,solar panel 550W mono,JIN-550W-MONO-10312,Standard,—,,629,25,1,1688,,Hangzhou Solar Tech,no,Qalab solar tayo leh — ku habboon guryaha iyo ganacsiga Soomaaliya.
GRS-SOL-10313,SOL,Jinko,solar panel 580W mono,JIN-580W-MONO-10313,Standard,—,,715,25,1,1688,,Hangzhou Solar Tech,no,Qalab solar tayo leh — ku habboon guryaha iyo ganacsiga Soomaaliya.
GRS-SOL-10314,SOL,Jinko,solar panel 610W mono,JIN-610W-MONO-10314,Standard,—,,813,25,1,1688,,Hangzhou Solar Tech,no,Qalab solar tayo leh — ku habboon guryaha iyo ganacsiga Soomaaliya.
GRS-SOL-10315,SOL,Jinko,solar panel 670W mono,JIN-670W-MONO-10315,Standard,—,,863,25,1,1688,,Hangzhou Solar Tech,no,Qalab solar tayo leh — ku habboon guryaha iyo ganacsiga Soomaaliya.
GRS-SOL-10316,SOL,Canadian Solar,panel 455W,CAN-455W-10316,Standard,—,,491,25,1,1688,,Hangzhou Solar Tech,no,Qalab solar tayo leh — ku habboon guryaha iyo ganacsiga Soomaaliya.
GRS-SOL-10317,SOL,Canadian Solar,panel 500W,CAN-500W-10317,Standard,—,,626,25,1,1688,,Hangzhou Solar Tech,no,Qalab solar tayo leh — ku habboon guryaha iyo ganacsiga Soomaaliya.
GRS-SOL-10318,SOL,Canadian Solar,panel 550W,CAN-550W-10318,Standard,—,,650,25,1,1688,,Hangzhou Solar Tech,no,Qalab solar tayo leh — ku habboon guryaha iyo ganacsiga Soomaaliya.
GRS-SOL-10319,SOL,Canadian Solar,panel 600W,CAN-600W-10319,Standard,—,,797,25,1,1688,,Hangzhou Solar Tech,no,Qalab solar tayo leh — ku habboon guryaha iyo ganacsiga Soomaaliya.
GRS-SOL-10320,SOL,Canadian Solar,panel 650W,CAN-650W-10320,Standard,—,,819,25,1,1688,,Hangzhou Solar Tech,no,Qalab solar tayo leh — ku habboon guryaha iyo ganacsiga Soomaaliya.
GRS-SOL-10321,SOL,LONGi,Hi-MO panel 450W,LON-450W-10321,Standard,—,,490,25,1,alibaba,,Hangzhou Solar Tech,no,Qalab solar tayo leh — ku habboon guryaha iyo ganacsiga Soomaaliya.
GRS-SOL-10322,SOL,LONGi,Hi-MO panel 500W,LON-500W-10322,Standard,—,,600,25,1,alibaba,,Hangzhou Solar Tech,no,Qalab solar tayo leh — ku habboon guryaha iyo ganacsiga Soomaaliya.
GRS-SOL-10323,SOL,LONGi,Hi-MO panel 550W,LON-550W-10323,Standard,—,,632,25,1,alibaba,,Hangzhou Solar Tech,no,Qalab solar tayo leh — ku habboon guryaha iyo ganacsiga Soomaaliya.
GRS-SOL-10324,SOL,LONGi,Hi-MO panel 580W,LON-580W-10324,Standard,—,,709,25,1,alibaba,,Hangzhou Solar Tech,no,Qalab solar tayo leh — ku habboon guryaha iyo ganacsiga Soomaaliya.
GRS-SOL-10325,SOL,LONGi,Hi-MO panel 620W,LON-620W-10325,Standard,—,,822,25,1,alibaba,,Hangzhou Solar Tech,no,Qalab solar tayo leh — ku habboon guryaha iyo ganacsiga Soomaaliya.
GRS-SOL-10326,SOL,Growatt,inverter SPF 3000TL,GRO-SPF-3000TL-10326,Standard,—,,3902,22,1,1688,,Hangzhou Solar Tech,no,Qalab solar tayo leh — ku habboon guryaha iyo ganacsiga Soomaaliya.
GRS-SOL-10327,SOL,Growatt,inverter SPF 5000ES,GRO-SPF-5000ES-10327,Standard,—,,4588,22,1,1688,,Hangzhou Solar Tech,no,Qalab solar tayo leh — ku habboon guryaha iyo ganacsiga Soomaaliya.
GRS-SOL-10328,SOL,Growatt,inverter SPF 6000ES Plus,GRO-SPF-6000ES-PLUS-10328,Standard,—,,5130,22,1,1688,,Hangzhou Solar Tech,no,Qalab solar tayo leh — ku habboon guryaha iyo ganacsiga Soomaaliya.
GRS-SOL-10329,SOL,Growatt,inverter MIN 3000TL-X,GRO-MIN-3000TL-X-10329,Standard,—,,5925,22,1,1688,,Hangzhou Solar Tech,no,Qalab solar tayo leh — ku habboon guryaha iyo ganacsiga Soomaaliya.
GRS-SOL-10330,SOL,Growatt,inverter MIN 5000TL-X,GRO-MIN-5000TL-X-10330,Standard,—,,6226,22,1,1688,,Hangzhou Solar Tech,no,Qalab solar tayo leh — ku habboon guryaha iyo ganacsiga Soomaaliya.
GRS-SOL-10331,SOL,Growatt,inverter MOD 10KTL3-X,GRO-MOD-10KTL3-X-10331,Standard,—,,7209,22,1,1688,,Hangzhou Solar Tech,no,Qalab solar tayo leh — ku habboon guryaha iyo ganacsiga Soomaaliya.
GRS-SOL-10332,SOL,Growatt,inverter SPH 5000,GRO-SPH-5000-10332,Standard,—,,7078,22,1,1688,,Hangzhou Solar Tech,no,Qalab solar tayo leh — ku habboon guryaha iyo ganacsiga Soomaaliya.
GRS-SOL-10333,SOL,Growatt,inverter SPH 8000,GRO-SPH-8000-10333,Standard,—,,7787,22,1,1688,,Hangzhou Solar Tech,no,Qalab solar tayo leh — ku habboon guryaha iyo ganacsiga Soomaaliya.
GRS-SOL-10334,SOL,Deye,hybrid inverter 5kW SUN-5K,DEY-5KW-SUN-5K-10334,Standard,—,,5217,30,1,1688,,Hangzhou Solar Tech,no,Qalab solar tayo leh — ku habboon guryaha iyo ganacsiga Soomaaliya.
GRS-SOL-10335,SOL,Deye,hybrid inverter 6kW SUN-6K,DEY-6KW-SUN-6K-10335,Standard,—,,5880,30,1,1688,,Hangzhou Solar Tech,no,Qalab solar tayo leh — ku habboon guryaha iyo ganacsiga Soomaaliya.
GRS-SOL-10336,SOL,Deye,hybrid inverter 8kW SUN-8K,DEY-8KW-SUN-8K-10336,Standard,—,,7052,30,1,1688,,Hangzhou Solar Tech,no,Qalab solar tayo leh — ku habboon guryaha iyo ganacsiga Soomaaliya.
GRS-SOL-10337,SOL,Deye,hybrid inverter 10kW SUN-10K,DEY-10KW-SUN-10K-10337,Standard,—,,7824,30,1,1688,,Hangzhou Solar Tech,no,Qalab solar tayo leh — ku habboon guryaha iyo ganacsiga Soomaaliya.
GRS-SOL-10338,SOL,Deye,hybrid inverter 12kW SUN-12K,DEY-12KW-SUN-12K-10338,Standard,—,,8551,30,1,1688,,Hangzhou Solar Tech,no,Qalab solar tayo leh — ku habboon guryaha iyo ganacsiga Soomaaliya.
GRS-SOL-10339,SOL,Deye,hybrid inverter Three-phase 15kW,DEY-THREE-PHASE-15KW-10339,Standard,—,,9746,30,1,1688,,Hangzhou Solar Tech,no,Qalab solar tayo leh — ku habboon guryaha iyo ganacsiga Soomaaliya.
GRS-SOL-10340,SOL,Felicity,lithium battery 48V 100Ah,FEL-48V-100AH-10340,Standard,—,,5540,45,1,1688,,Hangzhou Solar Tech,no,Qalab solar tayo leh — ku habboon guryaha iyo ganacsiga Soomaaliya.
GRS-SOL-10341,SOL,Felicity,lithium battery 48V 200Ah,FEL-48V-200AH-10341,Standard,—,,6236,45,1,1688,,Hangzhou Solar Tech,no,Qalab solar tayo leh — ku habboon guryaha iyo ganacsiga Soomaaliya.
GRS-SOL-10342,SOL,Felicity,lithium battery 51.2V 100Ah,FEL-51-2V-100AH-10342,Standard,—,,7157,45,1,1688,,Hangzhou Solar Tech,no,Qalab solar tayo leh — ku habboon guryaha iyo ganacsiga Soomaaliya.
GRS-SOL-10343,SOL,Felicity,lithium battery 51.2V 200Ah,FEL-51-2V-200AH-10343,Standard,—,,8477,45,1,1688,,Hangzhou Solar Tech,no,Qalab solar tayo leh — ku habboon guryaha iyo ganacsiga Soomaaliya.
GRS-SOL-10344,SOL,Felicity,lithium battery 24V 100Ah,FEL-24V-100AH-10344,Standard,—,,9454,45,1,1688,,Hangzhou Solar Tech,no,Qalab solar tayo leh — ku habboon guryaha iyo ganacsiga Soomaaliya.
GRS-SOL-10345,SOL,Felicity,lithium battery 12V 100Ah LiFePO4,FEL-12V-100AH-LIFEPO-10345,Standard,—,,9553,45,1,1688,,Hangzhou Solar Tech,no,Qalab solar tayo leh — ku habboon guryaha iyo ganacsiga Soomaaliya.
GRS-SOL-10346,SOL,Generic,Deep-cycle gel battery 12V 100Ah,GEN-12V-100AH-10346,Standard,—,,1355,28,1,1688,,Hangzhou Solar Tech,no,Qalab solar tayo leh — ku habboon guryaha iyo ganacsiga Soomaaliya.
GRS-SOL-10347,SOL,Generic,Deep-cycle gel battery 12V 150Ah,GEN-12V-150AH-10347,Standard,—,,1593,28,1,1688,,Hangzhou Solar Tech,no,Qalab solar tayo leh — ku habboon guryaha iyo ganacsiga Soomaaliya.
GRS-SOL-10348,SOL,Generic,Deep-cycle gel battery 12V 200Ah,GEN-12V-200AH-10348,Standard,—,,1721,28,1,1688,,Hangzhou Solar Tech,no,Qalab solar tayo leh — ku habboon guryaha iyo ganacsiga Soomaaliya.
GRS-SOL-10349,SOL,Generic,Deep-cycle gel battery 2V 1000Ah,GEN-2V-1000AH-10349,Standard,—,,1941,28,1,1688,,Hangzhou Solar Tech,no,Qalab solar tayo leh — ku habboon guryaha iyo ganacsiga Soomaaliya.
GRS-SOL-10350,SOL,Generic,Deep-cycle gel battery 2V 2000Ah,GEN-2V-2000AH-10350,Standard,—,,2055,28,1,1688,,Hangzhou Solar Tech,no,Qalab solar tayo leh — ku habboon guryaha iyo ganacsiga Soomaaliya.
GRS-SOL-10351,SOL,Generic,Deep-cycle gel battery 12V 65Ah,GEN-12V-65AH-10351,Standard,—,,2350,28,1,1688,,Hangzhou Solar Tech,no,Qalab solar tayo leh — ku habboon guryaha iyo ganacsiga Soomaaliya.
GRS-SOL-10352,SOL,Victron,SmartSolar MPPT 100/30,VIC-SMARTSOLAR-MPPT--10352,Standard,—,,1601,3,1,alibaba,,Hangzhou Solar Tech,no,Qalab solar tayo leh — ku habboon guryaha iyo ganacsiga Soomaaliya.
GRS-SOL-10353,SOL,Victron,SmartSolar MPPT 100/50,VIC-SMARTSOLAR-MPPT--10353,Standard,—,,1879,3,1,alibaba,,Hangzhou Solar Tech,no,Qalab solar tayo leh — ku habboon guryaha iyo ganacsiga Soomaaliya.
GRS-SOL-10354,SOL,Victron,SmartSolar MPPT 150/60,VIC-SMARTSOLAR-MPPT--10354,Standard,—,,1992,3,1,alibaba,,Hangzhou Solar Tech,no,Qalab solar tayo leh — ku habboon guryaha iyo ganacsiga Soomaaliya.
GRS-SOL-10355,SOL,Victron,SmartSolar MPPT 150/85,VIC-SMARTSOLAR-MPPT--10355,Standard,—,,2501,3,1,alibaba,,Hangzhou Solar Tech,no,Qalab solar tayo leh — ku habboon guryaha iyo ganacsiga Soomaaliya.
GRS-SOL-10356,SOL,Victron,BlueSolar 75/15,VIC-BLUESOLAR-75-15-10356,Standard,—,,2629,3,1,alibaba,,Hangzhou Solar Tech,no,Qalab solar tayo leh — ku habboon guryaha iyo ganacsiga Soomaaliya.
GRS-SOL-10357,SOL,Victron,Orion-Tr 12/12-18,VIC-ORION-TR-12-12-1-10357,Standard,—,,2846,3,1,alibaba,,Hangzhou Solar Tech,no,Qalab solar tayo leh — ku habboon guryaha iyo ganacsiga Soomaaliya.
GRS-SOL-10358,SOL,Generic,Solar street light 60W,GEN-60W-10358,Standard,—,,269,9,2,1688,,Hangzhou Solar Tech,no,Qalab solar tayo leh — ku habboon guryaha iyo ganacsiga Soomaaliya.
GRS-SOL-10359,SOL,Generic,Solar street light 100W,GEN-100W-10359,Standard,—,,304,9,2,1688,,Hangzhou Solar Tech,no,Qalab solar tayo leh — ku habboon guryaha iyo ganacsiga Soomaaliya.
GRS-SOL-10360,SOL,Generic,Solar street light 150W,GEN-150W-10360,Standard,—,,343,9,2,1688,,Hangzhou Solar Tech,no,Qalab solar tayo leh — ku habboon guryaha iyo ganacsiga Soomaaliya.
GRS-SOL-10361,SOL,Generic,Solar street light 200W,GEN-200W-10361,Standard,—,,394,9,2,1688,,Hangzhou Solar Tech,no,Qalab solar tayo leh — ku habboon guryaha iyo ganacsiga Soomaaliya.
GRS-SOL-10362,SOL,Generic,Solar street light 300W,GEN-300W-10362,Standard,—,,404,9,2,1688,,Hangzhou Solar Tech,no,Qalab solar tayo leh — ku habboon guryaha iyo ganacsiga Soomaaliya.
GRS-SOL-10363,SOL,Generic,Solar street light 400W,GEN-400W-10363,Standard,—,,470,9,2,1688,,Hangzhou Solar Tech,no,Qalab solar tayo leh — ku habboon guryaha iyo ganacsiga Soomaaliya.
GRS-SOL-10364,SOL,Generic,Solar floodlight 40W,GEN-40W-10364,Standard,—,,89,3,5,1688,,Hangzhou Solar Tech,no,Qalab solar tayo leh — ku habboon guryaha iyo ganacsiga Soomaaliya.
GRS-SOL-10365,SOL,Generic,Solar floodlight 60W,GEN-60W-10365,Standard,—,,110,3,5,1688,,Hangzhou Solar Tech,no,Qalab solar tayo leh — ku habboon guryaha iyo ganacsiga Soomaaliya.
GRS-SOL-10366,SOL,Generic,Solar floodlight 100W,GEN-100W-10366,Standard,—,,125,3,5,1688,,Hangzhou Solar Tech,no,Qalab solar tayo leh — ku habboon guryaha iyo ganacsiga Soomaaliya.
GRS-SOL-10367,SOL,Generic,Solar floodlight 200W,GEN-200W-10367,Standard,—,,130,3,5,1688,,Hangzhou Solar Tech,no,Qalab solar tayo leh — ku habboon guryaha iyo ganacsiga Soomaaliya.
GRS-SOL-10368,SOL,Generic,Solar floodlight 300W,GEN-300W-10368,Standard,—,,147,3,5,1688,,Hangzhou Solar Tech,no,Qalab solar tayo leh — ku habboon guryaha iyo ganacsiga Soomaaliya.
GRS-SOL-10369,SOL,Generic,Solar home kit 300W + 1kW inverter,GEN-300W-+-1KW-INVER-10369,Standard,—,,860,30,1,1688,,Hangzhou Solar Tech,no,Qalab solar tayo leh — ku habboon guryaha iyo ganacsiga Soomaaliya.
GRS-SOL-10370,SOL,Generic,Solar home kit 500W + 2kW inverter,GEN-500W-+-2KW-INVER-10370,Standard,—,,1036,30,1,1688,,Hangzhou Solar Tech,no,Qalab solar tayo leh — ku habboon guryaha iyo ganacsiga Soomaaliya.
GRS-SOL-10371,SOL,Generic,Solar home kit 1kW + 3kW inverter,GEN-1KW-+-3KW-INVERT-10371,Standard,—,,1233,30,1,1688,,Hangzhou Solar Tech,no,Qalab solar tayo leh — ku habboon guryaha iyo ganacsiga Soomaaliya.
GRS-SOL-10372,SOL,Generic,Solar home kit 2kW + 5kW inverter,GEN-2KW-+-5KW-INVERT-10372,Standard,—,,1396,30,1,1688,,Hangzhou Solar Tech,no,Qalab solar tayo leh — ku habboon guryaha iyo ganacsiga Soomaaliya.
GRS-SOL-10373,SOL,Generic,Solar home kit 3kW + 5kW lithium,GEN-3KW-+-5KW-LITHIU-10373,Standard,—,,1472,30,1,1688,,Hangzhou Solar Tech,no,Qalab solar tayo leh — ku habboon guryaha iyo ganacsiga Soomaaliya.
GRS-SOL-10374,SOL,Generic,Solar home kit 5kW + 8kW lithium,GEN-5KW-+-8KW-LITHIU-10374,Standard,—,,1584,30,1,1688,,Hangzhou Solar Tech,no,Qalab solar tayo leh — ku habboon guryaha iyo ganacsiga Soomaaliya.
GRS-SOL-10375,SOL,Generic,Solar water pump 0.5HP,GEN-0-5HP-10375,Standard,—,,1156,18,1,1688,,Hangzhou Solar Tech,no,Qalab solar tayo leh — ku habboon guryaha iyo ganacsiga Soomaaliya.
GRS-SOL-10376,SOL,Generic,Solar water pump 1HP,GEN-1HP-10376,Standard,—,,1412,18,1,1688,,Hangzhou Solar Tech,no,Qalab solar tayo leh — ku habboon guryaha iyo ganacsiga Soomaaliya.
GRS-SOL-10377,SOL,Generic,Solar water pump 2HP,GEN-2HP-10377,Standard,—,,1665,18,1,1688,,Hangzhou Solar Tech,no,Qalab solar tayo leh — ku habboon guryaha iyo ganacsiga Soomaaliya.
GRS-SOL-10378,SOL,Generic,Solar water pump 3HP,GEN-3HP-10378,Standard,—,,1697,18,1,1688,,Hangzhou Solar Tech,no,Qalab solar tayo leh — ku habboon guryaha iyo ganacsiga Soomaaliya.
GRS-SOL-10379,SOL,Generic,Solar water pump 5HP,GEN-5HP-10379,Standard,—,,2034,18,1,1688,,Hangzhou Solar Tech,no,Qalab solar tayo leh — ku habboon guryaha iyo ganacsiga Soomaaliya.
GRS-SOL-10380,SOL,Generic,Solar water pump 7.5HP,GEN-7-5HP-10380,Standard,—,,2036,18,1,1688,,Hangzhou Solar Tech,no,Qalab solar tayo leh — ku habboon guryaha iyo ganacsiga Soomaaliya.
GRS-SOL-10381,SOL,Generic,Solar cable & connectors — PV cable 4mm² 100m,GEN-PV-CABLE-4MM-100-10381,Standard,—,,154,10,2,1688,,Hangzhou Solar Tech,no,Qalab solar tayo leh — ku habboon guryaha iyo ganacsiga Soomaaliya.
GRS-SOL-10382,SOL,Generic,Solar cable & connectors — PV cable 6mm² 100m,GEN-PV-CABLE-6MM-100-10382,Standard,—,,180,10,2,1688,,Hangzhou Solar Tech,no,Qalab solar tayo leh — ku habboon guryaha iyo ganacsiga Soomaaliya.
GRS-SOL-10383,SOL,Generic,Solar cable & connectors — MC4 connectors (10 pairs),GEN-MC4-CONNECTORS-1-10383,Standard,—,,216,10,2,1688,,Hangzhou Solar Tech,no,Qalab solar tayo leh — ku habboon guryaha iyo ganacsiga Soomaaliya.
GRS-SOL-10384,SOL,Generic,Solar cable & connectors — Combiner box 4-in-1,GEN-COMBINER-BOX-4-I-10384,Standard,—,,232,10,2,1688,,Hangzhou Solar Tech,no,Qalab solar tayo leh — ku habboon guryaha iyo ganacsiga Soomaaliya.
GRS-SOL-10385,SOL,Generic,Solar cable & connectors — DC breaker 63A,GEN-DC-BREAKER-63A-10385,Standard,—,,258,10,2,1688,,Hangzhou Solar Tech,no,Qalab solar tayo leh — ku habboon guryaha iyo ganacsiga Soomaaliya.
GRS-SOL-10386,SOL,Generic,Solar cable & connectors — AC breaker 32A,GEN-AC-BREAKER-32A-10386,Standard,—,,292,10,2,1688,,Hangzhou Solar Tech,no,Qalab solar tayo leh — ku habboon guryaha iyo ganacsiga Soomaaliya.
GRS-SOL-10387,SOL,Generic,Solar cable & connectors — Mounting rails (set),GEN-MOUNTING-RAILS-S-10387,Standard,—,,299,10,2,1688,,Hangzhou Solar Tech,no,Qalab solar tayo leh — ku habboon guryaha iyo ganacsiga Soomaaliya.
GRS-SOL-10388,SOL,Generic,Solar cable & connectors — Roof hooks (set of 20),GEN-ROOF-HOOKS-SET-O-10388,Standard,—,,349,10,2,1688,,Hangzhou Solar Tech,no,Qalab solar tayo leh — ku habboon guryaha iyo ganacsiga Soomaaliya.
GRS-SOL-10389,SOL,Honda,generator EU22i 2.2kW,HON-EU22I-2-2KW-10389,Standard,—,,4010,45,1,1688,,Hangzhou Solar Tech,no,Qalab solar tayo leh — ku habboon guryaha iyo ganacsiga Soomaaliya.
GRS-SOL-10390,SOL,Honda,generator EU30is 3kW,HON-EU30IS-3KW-10390,Standard,—,,4878,45,1,1688,,Hangzhou Solar Tech,no,Qalab solar tayo leh — ku habboon guryaha iyo ganacsiga Soomaaliya.
GRS-SOL-10391,SOL,Honda,generator EG5500 5.5kW,HON-EG5500-5-5KW-10391,Standard,—,,5378,45,1,1688,,Hangzhou Solar Tech,no,Qalab solar tayo leh — ku habboon guryaha iyo ganacsiga Soomaaliya.
GRS-SOL-10392,SOL,Honda,generator EM10000 10kW,HON-EM10000-10KW-10392,Standard,—,,5991,45,1,1688,,Hangzhou Solar Tech,no,Qalab solar tayo leh — ku habboon guryaha iyo ganacsiga Soomaaliya.
GRS-SOL-10393,SOL,Honda,generator GX160 engine,HON-GX160-ENGINE-10393,Standard,—,,6913,45,1,1688,,Hangzhou Solar Tech,no,Qalab solar tayo leh — ku habboon guryaha iyo ganacsiga Soomaaliya.
GRS-SOL-10394,SOL,Honda,generator GX270 engine,HON-GX270-ENGINE-10394,Standard,—,,7503,45,1,1688,,Hangzhou Solar Tech,no,Qalab solar tayo leh — ku habboon guryaha iyo ganacsiga Soomaaliya.
GRS-SOL-10395,SOL,Kipor,generator IG2000 2kW,KIP-IG2000-2KW-10395,Standard,—,,2955,60,1,1688,,Hangzhou Solar Tech,no,Qalab solar tayo leh — ku habboon guryaha iyo ganacsiga Soomaaliya.
GRS-SOL-10396,SOL,Kipor,generator IG3000 3kW,KIP-IG3000-3KW-10396,Standard,—,,3444,60,1,1688,,Hangzhou Solar Tech,no,Qalab solar tayo leh — ku habboon guryaha iyo ganacsiga Soomaaliya.
GRS-SOL-10397,SOL,Kipor,generator KDE6700 5kW diesel,KIP-KDE6700-5KW-DIES-10397,Standard,—,,3974,60,1,1688,,Hangzhou Solar Tech,no,Qalab solar tayo leh — ku habboon guryaha iyo ganacsiga Soomaaliya.
GRS-SOL-10398,SOL,Kipor,generator KDE12STA 10kW diesel,KIP-KDE12STA-10KW-DI-10398,Standard,—,,4259,60,1,1688,,Hangzhou Solar Tech,no,Qalab solar tayo leh — ku habboon guryaha iyo ganacsiga Soomaaliya.
GRS-SOL-10399,SOL,Kipor,generator KDE16STA 12kW diesel,KIP-KDE16STA-12KW-DI-10399,Standard,—,,4745,60,1,1688,,Hangzhou Solar Tech,no,Qalab solar tayo leh — ku habboon guryaha iyo ganacsiga Soomaaliya.
GRS-SOL-10400,SOL,Kipor,generator KDE35SS3 30kW diesel,KIP-KDE35SS3-30KW-DI-10400,Standard,—,,5485,60,1,1688,,Hangzhou Solar Tech,no,Qalab solar tayo leh — ku habboon guryaha iyo ganacsiga Soomaaliya.
GRS-SOL-10401,SOL,Generic,Voltage stabilizer 1kVA,GEN-1KVA-10401,Standard,—,,386,12,1,1688,,Hangzhou Solar Tech,no,Qalab solar tayo leh — ku habboon guryaha iyo ganacsiga Soomaaliya.
GRS-SOL-10402,SOL,Generic,Voltage stabilizer 3kVA,GEN-3KVA-10402,Standard,—,,442,12,1,1688,,Hangzhou Solar Tech,no,Qalab solar tayo leh — ku habboon guryaha iyo ganacsiga Soomaaliya.
GRS-SOL-10403,SOL,Generic,Voltage stabilizer 5kVA,GEN-5KVA-10403,Standard,—,,523,12,1,1688,,Hangzhou Solar Tech,no,Qalab solar tayo leh — ku habboon guryaha iyo ganacsiga Soomaaliya.
GRS-SOL-10404,SOL,Generic,Voltage stabilizer 10kVA,GEN-10KVA-10404,Standard,—,,570,12,1,1688,,Hangzhou Solar Tech,no,Qalab solar tayo leh — ku habboon guryaha iyo ganacsiga Soomaaliya.
GRS-SOL-10405,SOL,Generic,Voltage stabilizer 15kVA,GEN-15KVA-10405,Standard,—,,650,12,1,1688,,Hangzhou Solar Tech,no,Qalab solar tayo leh — ku habboon guryaha iyo ganacsiga Soomaaliya.
GRS-APL-10406,APL,Midea,inverter AC 1HP,MID-1HP-10406,Standard,—,,1452,42,1,jd,,Guangzhou Baiyun Home Appliance,no,"Qalab guri cusub, 220V, koronto yar."
GRS-APL-10407,APL,Midea,inverter AC 1.5HP,MID-1-5HP-10407,Standard,—,,1790,42,1,jd,,Guangzhou Baiyun Home Appliance,no,"Qalab guri cusub, 220V, koronto yar."
GRS-APL-10408,APL,Midea,inverter AC 2HP,MID-2HP-10408,Standard,—,,2054,42,1,jd,,Guangzhou Baiyun Home Appliance,no,"Qalab guri cusub, 220V, koronto yar."
GRS-APL-10409,APL,Midea,inverter AC 2.5HP,MID-2-5HP-10409,Standard,—,,2327,42,1,jd,,Guangzhou Baiyun Home Appliance,no,"Qalab guri cusub, 220V, koronto yar."
GRS-APL-10410,APL,Midea,inverter AC 3HP,MID-3HP-10410,Standard,—,,2406,42,1,jd,,Guangzhou Baiyun Home Appliance,no,"Qalab guri cusub, 220V, koronto yar."
GRS-APL-10411,APL,Gree,AC 1HP,GRE-1HP-10411,Standard,—,,1418,42,1,jd,,Guangzhou Baiyun Home Appliance,no,"Qalab guri cusub, 220V, koronto yar."
GRS-APL-10412,APL,Gree,AC 1.5HP,GRE-1-5HP-10412,Standard,—,,1767,42,1,jd,,Guangzhou Baiyun Home Appliance,no,"Qalab guri cusub, 220V, koronto yar."
GRS-APL-10413,APL,Gree,AC 2HP,GRE-2HP-10413,Standard,—,,1849,42,1,jd,,Guangzhou Baiyun Home Appliance,no,"Qalab guri cusub, 220V, koronto yar."
GRS-APL-10414,APL,Gree,AC 2.5HP,GRE-2-5HP-10414,Standard,—,,2274,42,1,jd,,Guangzhou Baiyun Home Appliance,no,"Qalab guri cusub, 220V, koronto yar."
GRS-APL-10415,APL,Gree,AC 3HP,GRE-3HP-10415,Standard,—,,2489,42,1,jd,,Guangzhou Baiyun Home Appliance,no,"Qalab guri cusub, 220V, koronto yar."
GRS-APL-10416,APL,Gree,AC Cassette 4HP,GRE-CASSETTE-4HP-10416,Standard,—,,2495,42,1,jd,,Guangzhou Baiyun Home Appliance,no,"Qalab guri cusub, 220V, koronto yar."
GRS-APL-10417,APL,Gree,AC Floor standing 5HP,GRE-FLOOR-STANDING-5-10417,Standard,—,,2753,42,1,jd,,Guangzhou Baiyun Home Appliance,no,"Qalab guri cusub, 220V, koronto yar."
GRS-APL-10418,APL,Haier,fridge 2-door 200L,HAI-2-DOOR-200L-10418,Standard,White,#F3F1EC,1952,58,1,jd,,Guangzhou Baiyun Home Appliance,no,"Qalab guri cusub, 220V, koronto yar."
GRS-APL-10418,APL,Haier,fridge 2-door 200L,HAI-2-DOOR-200L-10418,Standard,Black,#26262A,1952,58,1,jd,,Guangzhou Baiyun Home Appliance,no,"Qalab guri cusub, 220V, koronto yar."
GRS-APL-10418,APL,Haier,fridge 2-door 200L,HAI-2-DOOR-200L-10418,Standard,Silver,#C4C7CC,1952,58,1,jd,,Guangzhou Baiyun Home Appliance,no,"Qalab guri cusub, 220V, koronto yar."
GRS-APL-10419,APL,Haier,fridge 2-door 260L,HAI-2-DOOR-260L-10419,Standard,White,#F3F1EC,2140,58,1,jd,,Guangzhou Baiyun Home Appliance,no,"Qalab guri cusub, 220V, koronto yar."
GRS-APL-10419,APL,Haier,fridge 2-door 260L,HAI-2-DOOR-260L-10419,Standard,Black,#26262A,2140,58,1,jd,,Guangzhou Baiyun Home Appliance,no,"Qalab guri cusub, 220V, koronto yar."
GRS-APL-10419,APL,Haier,fridge 2-door 260L,HAI-2-DOOR-260L-10419,Standard,Silver,#C4C7CC,2140,58,1,jd,,Guangzhou Baiyun Home Appliance,no,"Qalab guri cusub, 220V, koronto yar."
GRS-APL-10420,APL,Haier,fridge 2-door 320L,HAI-2-DOOR-320L-10420,Standard,White,#F3F1EC,2387,58,1,jd,,Guangzhou Baiyun Home Appliance,no,"Qalab guri cusub, 220V, koronto yar."
GRS-APL-10420,APL,Haier,fridge 2-door 320L,HAI-2-DOOR-320L-10420,Standard,Black,#26262A,2387,58,1,jd,,Guangzhou Baiyun Home Appliance,no,"Qalab guri cusub, 220V, koronto yar."
GRS-APL-10420,APL,Haier,fridge 2-door 320L,HAI-2-DOOR-320L-10420,Standard,Silver,#C4C7CC,2387,58,1,jd,,Guangzhou Baiyun Home Appliance,no,"Qalab guri cusub, 220V, koronto yar."
GRS-APL-10421,APL,Haier,fridge 2-door 400L,HAI-2-DOOR-400L-10421,Standard,White,#F3F1EC,2924,58,1,jd,,Guangzhou Baiyun Home Appliance,no,"Qalab guri cusub, 220V, koronto yar."
GRS-APL-10421,APL,Haier,fridge 2-door 400L,HAI-2-DOOR-400L-10421,Standard,Black,#26262A,2924,58,1,jd,,Guangzhou Baiyun Home Appliance,no,"Qalab guri cusub, 220V, koronto yar."
GRS-APL-10421,APL,Haier,fridge 2-door 400L,HAI-2-DOOR-400L-10421,Standard,Silver,#C4C7CC,2924,58,1,jd,,Guangzhou Baiyun Home Appliance,no,"Qalab guri cusub, 220V, koronto yar."
GRS-APL-10422,APL,Haier,fridge Side-by-side 500L,HAI-SIDE-BY-SIDE-500-10422,Standard,White,#F3F1EC,3087,58,1,jd,,Guangzhou Baiyun Home Appliance,no,"Qalab guri cusub, 220V, koronto yar."
GRS-APL-10422,APL,Haier,fridge Side-by-side 500L,HAI-SIDE-BY-SIDE-500-10422,Standard,Black,#26262A,3087,58,1,jd,,Guangzhou Baiyun Home Appliance,no,"Qalab guri cusub, 220V, koronto yar."
GRS-APL-10422,APL,Haier,fridge Side-by-side 500L,HAI-SIDE-BY-SIDE-500-10422,Standard,Silver,#C4C7CC,3087,58,1,jd,,Guangzhou Baiyun Home Appliance,no,"Qalab guri cusub, 220V, koronto yar."
GRS-APL-10423,APL,Haier,fridge Chest freezer 200L,HAI-CHEST-FREEZER-20-10423,Standard,White,#F3F1EC,3539,58,1,jd,,Guangzhou Baiyun Home Appliance,no,"Qalab guri cusub, 220V, koronto yar."
GRS-APL-10423,APL,Haier,fridge Chest freezer 200L,HAI-CHEST-FREEZER-20-10423,Standard,Black,#26262A,3539,58,1,jd,,Guangzhou Baiyun Home Appliance,no,"Qalab guri cusub, 220V, koronto yar."
GRS-APL-10423,APL,Haier,fridge Chest freezer 200L,HAI-CHEST-FREEZER-20-10423,Standard,Silver,#C4C7CC,3539,58,1,jd,,Guangzhou Baiyun Home Appliance,no,"Qalab guri cusub, 220V, koronto yar."
GRS-APL-10424,APL,Haier,fridge Chest freezer 300L,HAI-CHEST-FREEZER-30-10424,Standard,White,#F3F1EC,3557,58,1,jd,,Guangzhou Baiyun Home Appliance,no,"Qalab guri cusub, 220V, koronto yar."
GRS-APL-10424,APL,Haier,fridge Chest freezer 300L,HAI-CHEST-FREEZER-30-10424,Standard,Black,#26262A,3557,58,1,jd,,Guangzhou Baiyun Home Appliance,no,"Qalab guri cusub, 220V, koronto yar."
GRS-APL-10424,APL,Haier,fridge Chest freezer 300L,HAI-CHEST-FREEZER-30-10424,Standard,Silver,#C4C7CC,3557,58,1,jd,,Guangzhou Baiyun Home Appliance,no,"Qalab guri cusub, 220V, koronto yar."
GRS-APL-10425,APL,Haier,fridge Chest freezer 500L,HAI-CHEST-FREEZER-50-10425,Standard,White,#F3F1EC,3981,58,1,jd,,Guangzhou Baiyun Home Appliance,no,"Qalab guri cusub, 220V, koronto yar."
GRS-APL-10425,APL,Haier,fridge Chest freezer 500L,HAI-CHEST-FREEZER-50-10425,Standard,Black,#26262A,3981,58,1,jd,,Guangzhou Baiyun Home Appliance,no,"Qalab guri cusub, 220V, koronto yar."
GRS-APL-10425,APL,Haier,fridge Chest freezer 500L,HAI-CHEST-FREEZER-50-10425,Standard,Silver,#C4C7CC,3981,58,1,jd,,Guangzhou Baiyun Home Appliance,no,"Qalab guri cusub, 220V, koronto yar."
GRS-APL-10426,APL,Hisense,Fridge 2-door 250L,HIS-FRIDGE-2-DOOR-25-10426,Standard,White,#F3F1EC,1840,55,1,jd,,Guangzhou Baiyun Home Appliance,no,"Qalab guri cusub, 220V, koronto yar."
GRS-APL-10426,APL,Hisense,Fridge 2-door 250L,HIS-FRIDGE-2-DOOR-25-10426,Standard,Black,#26262A,1840,55,1,jd,,Guangzhou Baiyun Home Appliance,no,"Qalab guri cusub, 220V, koronto yar."
GRS-APL-10426,APL,Hisense,Fridge 2-door 250L,HIS-FRIDGE-2-DOOR-25-10426,Standard,Silver,#C4C7CC,1840,55,1,jd,,Guangzhou Baiyun Home Appliance,no,"Qalab guri cusub, 220V, koronto yar."
GRS-APL-10427,APL,Hisense,Fridge 2-door 350L,HIS-FRIDGE-2-DOOR-35-10427,Standard,White,#F3F1EC,1967,55,1,jd,,Guangzhou Baiyun Home Appliance,no,"Qalab guri cusub, 220V, koronto yar."
GRS-APL-10427,APL,Hisense,Fridge 2-door 350L,HIS-FRIDGE-2-DOOR-35-10427,Standard,Black,#26262A,1967,55,1,jd,,Guangzhou Baiyun Home Appliance,no,"Qalab guri cusub, 220V, koronto yar."
GRS-APL-10427,APL,Hisense,Fridge 2-door 350L,HIS-FRIDGE-2-DOOR-35-10427,Standard,Silver,#C4C7CC,1967,55,1,jd,,Guangzhou Baiyun Home Appliance,no,"Qalab guri cusub, 220V, koronto yar."
GRS-APL-10428,APL,Hisense,Chest freezer 250L,HIS-CHEST-FREEZER-25-10428,Standard,White,#F3F1EC,2291,55,1,jd,,Guangzhou Baiyun Home Appliance,no,"Qalab guri cusub, 220V, koronto yar."
GRS-APL-10428,APL,Hisense,Chest freezer 250L,HIS-CHEST-FREEZER-25-10428,Standard,Black,#26262A,2291,55,1,jd,,Guangzhou Baiyun Home Appliance,no,"Qalab guri cusub, 220V, koronto yar."
GRS-APL-10428,APL,Hisense,Chest freezer 250L,HIS-CHEST-FREEZER-25-10428,Standard,Silver,#C4C7CC,2291,55,1,jd,,Guangzhou Baiyun Home Appliance,no,"Qalab guri cusub, 220V, koronto yar."
GRS-APL-10429,APL,Hisense,Chest freezer 400L,HIS-CHEST-FREEZER-40-10429,Standard,White,#F3F1EC,2722,55,1,jd,,Guangzhou Baiyun Home Appliance,no,"Qalab guri cusub, 220V, koronto yar."
GRS-APL-10429,APL,Hisense,Chest freezer 400L,HIS-CHEST-FREEZER-40-10429,Standard,Black,#26262A,2722,55,1,jd,,Guangzhou Baiyun Home Appliance,no,"Qalab guri cusub, 220V, koronto yar."
GRS-APL-10429,APL,Hisense,Chest freezer 400L,HIS-CHEST-FREEZER-40-10429,Standard,Silver,#C4C7CC,2722,55,1,jd,,Guangzhou Baiyun Home Appliance,no,"Qalab guri cusub, 220V, koronto yar."
GRS-APL-10430,APL,Hisense,Upright freezer 200L,HIS-UPRIGHT-FREEZER--10430,Standard,White,#F3F1EC,3098,55,1,jd,,Guangzhou Baiyun Home Appliance,no,"Qalab guri cusub, 220V, koronto yar."
GRS-APL-10430,APL,Hisense,Upright freezer 200L,HIS-UPRIGHT-FREEZER--10430,Standard,Black,#26262A,3098,55,1,jd,,Guangzhou Baiyun Home Appliance,no,"Qalab guri cusub, 220V, koronto yar."
GRS-APL-10430,APL,Hisense,Upright freezer 200L,HIS-UPRIGHT-FREEZER--10430,Standard,Silver,#C4C7CC,3098,55,1,jd,,Guangzhou Baiyun Home Appliance,no,"Qalab guri cusub, 220V, koronto yar."
GRS-APL-10431,APL,Hisense,Water dispenser,HIS-WATER-DISPENSER-10431,Standard,White,#F3F1EC,3422,55,1,jd,,Guangzhou Baiyun Home Appliance,no,"Qalab guri cusub, 220V, koronto yar."
GRS-APL-10431,APL,Hisense,Water dispenser,HIS-WATER-DISPENSER-10431,Standard,Black,#26262A,3422,55,1,jd,,Guangzhou Baiyun Home Appliance,no,"Qalab guri cusub, 220V, koronto yar."
GRS-APL-10431,APL,Hisense,Water dispenser,HIS-WATER-DISPENSER-10431,Standard,Silver,#C4C7CC,3422,55,1,jd,,Guangzhou Baiyun Home Appliance,no,"Qalab guri cusub, 220V, koronto yar."
GRS-APL-10432,APL,Hisense,Washing machine 7kg,HIS-WASHING-MACHINE--10432,Standard,White,#F3F1EC,3365,55,1,jd,,Guangzhou Baiyun Home Appliance,no,"Qalab guri cusub, 220V, koronto yar."
GRS-APL-10432,APL,Hisense,Washing machine 7kg,HIS-WASHING-MACHINE--10432,Standard,Black,#26262A,3365,55,1,jd,,Guangzhou Baiyun Home Appliance,no,"Qalab guri cusub, 220V, koronto yar."
GRS-APL-10432,APL,Hisense,Washing machine 7kg,HIS-WASHING-MACHINE--10432,Standard,Silver,#C4C7CC,3365,55,1,jd,,Guangzhou Baiyun Home Appliance,no,"Qalab guri cusub, 220V, koronto yar."
GRS-APL-10433,APL,Hisense,Washing machine 9kg,HIS-WASHING-MACHINE--10433,Standard,White,#F3F1EC,3819,55,1,jd,,Guangzhou Baiyun Home Appliance,no,"Qalab guri cusub, 220V, koronto yar."
GRS-APL-10433,APL,Hisense,Washing machine 9kg,HIS-WASHING-MACHINE--10433,Standard,Black,#26262A,3819,55,1,jd,,Guangzhou Baiyun Home Appliance,no,"Qalab guri cusub, 220V, koronto yar."
GRS-APL-10433,APL,Hisense,Washing machine 9kg,HIS-WASHING-MACHINE--10433,Standard,Silver,#C4C7CC,3819,55,1,jd,,Guangzhou Baiyun Home Appliance,no,"Qalab guri cusub, 220V, koronto yar."
GRS-APL-10434,APL,Midea,washing machine 6kg top-load,MID-6KG-TOP-LOAD-10434,Standard,—,,1340,35,1,jd,,Guangzhou Baiyun Home Appliance,no,"Qalab guri cusub, 220V, koronto yar."
GRS-APL-10435,APL,Midea,washing machine 8kg top-load,MID-8KG-TOP-LOAD-10435,Standard,—,,1509,35,1,jd,,Guangzhou Baiyun Home Appliance,no,"Qalab guri cusub, 220V, koronto yar."
GRS-APL-10436,APL,Midea,washing machine 10kg top-load,MID-10KG-TOP-LOAD-10436,Standard,—,,1754,35,1,jd,,Guangzhou Baiyun Home Appliance,no,"Qalab guri cusub, 220V, koronto yar."
GRS-APL-10437,APL,Midea,washing machine 8kg front-load,MID-8KG-FRONT-LOAD-10437,Standard,—,,1852,35,1,jd,,Guangzhou Baiyun Home Appliance,no,"Qalab guri cusub, 220V, koronto yar."
GRS-APL-10438,APL,Midea,washing machine 10kg front-load,MID-10KG-FRONT-LOAD-10438,Standard,—,,2022,35,1,jd,,Guangzhou Baiyun Home Appliance,no,"Qalab guri cusub, 220V, koronto yar."
GRS-APL-10439,APL,Midea,washing machine Twin tub 10kg,MID-TWIN-TUB-10KG-10439,Standard,—,,2229,35,1,jd,,Guangzhou Baiyun Home Appliance,no,"Qalab guri cusub, 220V, koronto yar."
GRS-APL-10440,APL,Samsung,"TV 32"" HD",SAM-32-HD-10440,Standard,—,,1417,12,1,jd,,Guangzhou Baiyun Home Appliance,no,"Qalab guri cusub, 220V, koronto yar."
GRS-APL-10441,APL,Samsung,"TV 43"" FHD",SAM-43-FHD-10441,Standard,—,,1751,12,1,jd,,Guangzhou Baiyun Home Appliance,no,"Qalab guri cusub, 220V, koronto yar."
GRS-APL-10442,APL,Samsung,"TV 50"" 4K",SAM-50-4K-10442,Standard,—,,1984,12,1,jd,,Guangzhou Baiyun Home Appliance,no,"Qalab guri cusub, 220V, koronto yar."
GRS-APL-10443,APL,Samsung,"TV 55"" 4K",SAM-55-4K-10443,Standard,—,,2238,12,1,jd,,Guangzhou Baiyun Home Appliance,no,"Qalab guri cusub, 220V, koronto yar."
GRS-APL-10444,APL,Samsung,"TV 65"" 4K",SAM-65-4K-10444,Standard,—,,2356,12,1,jd,,Guangzhou Baiyun Home Appliance,no,"Qalab guri cusub, 220V, koronto yar."
GRS-APL-10445,APL,Samsung,"TV 75"" 4K",SAM-75-4K-10445,Standard,—,,2598,12,1,jd,,Guangzhou Baiyun Home Appliance,no,"Qalab guri cusub, 220V, koronto yar."
GRS-APL-10446,APL,Hisense,"TV 32"" HD",HIS-32-HD-10446,Standard,—,,1254,12,1,jd,,Guangzhou Baiyun Home Appliance,no,"Qalab guri cusub, 220V, koronto yar."
GRS-APL-10447,APL,Hisense,"TV 43"" FHD",HIS-43-FHD-10447,Standard,—,,1570,12,1,jd,,Guangzhou Baiyun Home Appliance,no,"Qalab guri cusub, 220V, koronto yar."
GRS-APL-10448,APL,Hisense,"TV 50"" 4K",HIS-50-4K-10448,Standard,—,,1817,12,1,jd,,Guangzhou Baiyun Home Appliance,no,"Qalab guri cusub, 220V, koronto yar."
GRS-APL-10449,APL,Hisense,"TV 55"" 4K",HIS-55-4K-10449,Standard,—,,2023,12,1,jd,,Guangzhou Baiyun Home Appliance,no,"Qalab guri cusub, 220V, koronto yar."
GRS-APL-10450,APL,Hisense,"TV 65"" 4K",HIS-65-4K-10450,Standard,—,,2028,12,1,jd,,Guangzhou Baiyun Home Appliance,no,"Qalab guri cusub, 220V, koronto yar."
GRS-APL-10451,APL,Hisense,"TV 75"" 4K",HIS-75-4K-10451,Standard,—,,2217,12,1,jd,,Guangzhou Baiyun Home Appliance,no,"Qalab guri cusub, 220V, koronto yar."
GRS-APL-10452,APL,Hisense,"TV 85"" 4K",HIS-85-4K-10452,Standard,—,,2686,12,1,jd,,Guangzhou Baiyun Home Appliance,no,"Qalab guri cusub, 220V, koronto yar."
GRS-APL-10453,APL,TCL,"TV 32"" HD",TCL-32-HD-10453,Standard,—,,1195,12,1,jd,,Guangzhou Baiyun Home Appliance,no,"Qalab guri cusub, 220V, koronto yar."
GRS-APL-10454,APL,TCL,"TV 43"" FHD",TCL-43-FHD-10454,Standard,—,,1436,12,1,jd,,Guangzhou Baiyun Home Appliance,no,"Qalab guri cusub, 220V, koronto yar."
GRS-APL-10455,APL,TCL,"TV 50"" 4K",TCL-50-4K-10455,Standard,—,,1551,12,1,jd,,Guangzhou Baiyun Home Appliance,no,"Qalab guri cusub, 220V, koronto yar."
GRS-APL-10456,APL,TCL,"TV 55"" 4K",TCL-55-4K-10456,Standard,—,,1769,12,1,jd,,Guangzhou Baiyun Home Appliance,no,"Qalab guri cusub, 220V, koronto yar."
GRS-APL-10457,APL,TCL,"TV 65"" 4K",TCL-65-4K-10457,Standard,—,,1972,12,1,jd,,Guangzhou Baiyun Home Appliance,no,"Qalab guri cusub, 220V, koronto yar."
GRS-APL-10458,APL,TCL,"TV 75"" 4K",TCL-75-4K-10458,Standard,—,,2142,12,1,jd,,Guangzhou Baiyun Home Appliance,no,"Qalab guri cusub, 220V, koronto yar."
GRS-APL-10459,APL,Xiaomi,"TV A 32""",XIA-A-32-10459,Standard,—,,1316,12,1,jd,,Guangzhou Baiyun Home Appliance,no,"Qalab guri cusub, 220V, koronto yar."
GRS-APL-10460,APL,Xiaomi,"TV A 43""",XIA-A-43-10460,Standard,—,,1420,12,1,jd,,Guangzhou Baiyun Home Appliance,no,"Qalab guri cusub, 220V, koronto yar."
GRS-APL-10461,APL,Xiaomi,"TV A 50""",XIA-A-50-10461,Standard,—,,1757,12,1,jd,,Guangzhou Baiyun Home Appliance,no,"Qalab guri cusub, 220V, koronto yar."
GRS-APL-10462,APL,Xiaomi,"TV A 55""",XIA-A-55-10462,Standard,—,,2003,12,1,jd,,Guangzhou Baiyun Home Appliance,no,"Qalab guri cusub, 220V, koronto yar."
GRS-APL-10463,APL,Xiaomi,"TV A 65""",XIA-A-65-10463,Standard,—,,2050,12,1,jd,,Guangzhou Baiyun Home Appliance,no,"Qalab guri cusub, 220V, koronto yar."
GRS-APL-10464,APL,Xiaomi,"TV A Pro 75""",XIA-A-PRO-75-10464,Standard,—,,2327,12,1,jd,,Guangzhou Baiyun Home Appliance,no,"Qalab guri cusub, 220V, koronto yar."
GRS-APL-10465,APL,Midea,"ceiling / stand fan 16"" stand fan",MID-16-STAND-FAN-10465,Standard,—,,134,4,2,1688,,Guangzhou Baiyun Home Appliance,no,"Qalab guri cusub, 220V, koronto yar."
GRS-APL-10466,APL,Midea,"ceiling / stand fan 18"" stand fan",MID-18-STAND-FAN-10466,Standard,—,,149,4,2,1688,,Guangzhou Baiyun Home Appliance,no,"Qalab guri cusub, 220V, koronto yar."
GRS-APL-10467,APL,Midea,"ceiling / stand fan Ceiling fan 56""",MID-CEILING-FAN-56-10467,Standard,—,,165,4,2,1688,,Guangzhou Baiyun Home Appliance,no,"Qalab guri cusub, 220V, koronto yar."
GRS-APL-10468,APL,Midea,"ceiling / stand fan Rechargeable fan 16""",MID-RECHARGEABLE-FAN-10468,Standard,—,,185,4,2,1688,,Guangzhou Baiyun Home Appliance,no,"Qalab guri cusub, 220V, koronto yar."
GRS-APL-10469,APL,Midea,"ceiling / stand fan Table fan 12""",MID-TABLE-FAN-12-10469,Standard,—,,214,4,2,1688,,Guangzhou Baiyun Home Appliance,no,"Qalab guri cusub, 220V, koronto yar."
GRS-APL-10470,APL,Midea,ceiling / stand fan Air cooler 30L,MID-AIR-COOLER-30L-10470,Standard,—,,220,4,2,1688,,Guangzhou Baiyun Home Appliance,no,"Qalab guri cusub, 220V, koronto yar."
GRS-APL-10471,APL,Midea,ceiling / stand fan Air cooler 60L,MID-AIR-COOLER-60L-10471,Standard,—,,267,4,2,1688,,Guangzhou Baiyun Home Appliance,no,"Qalab guri cusub, 220V, koronto yar."
GRS-APL-10472,APL,Midea,microwave / oven 20L microwave,MID-20L-MICROWAVE-10472,Standard,—,,518,14,1,jd,,Guangzhou Baiyun Home Appliance,no,"Qalab guri cusub, 220V, koronto yar."
GRS-APL-10473,APL,Midea,microwave / oven 23L microwave,MID-23L-MICROWAVE-10473,Standard,—,,594,14,1,jd,,Guangzhou Baiyun Home Appliance,no,"Qalab guri cusub, 220V, koronto yar."
GRS-APL-10474,APL,Midea,microwave / oven 25L microwave,MID-25L-MICROWAVE-10474,Standard,—,,689,14,1,jd,,Guangzhou Baiyun Home Appliance,no,"Qalab guri cusub, 220V, koronto yar."
GRS-APL-10475,APL,Midea,microwave / oven 30L oven,MID-30L-OVEN-10475,Standard,—,,751,14,1,jd,,Guangzhou Baiyun Home Appliance,no,"Qalab guri cusub, 220V, koronto yar."
GRS-APL-10476,APL,Midea,microwave / oven 45L oven,MID-45L-OVEN-10476,Standard,—,,811,14,1,jd,,Guangzhou Baiyun Home Appliance,no,"Qalab guri cusub, 220V, koronto yar."
GRS-APL-10477,APL,Midea,microwave / oven 60L oven,MID-60L-OVEN-10477,Standard,—,,911,14,1,jd,,Guangzhou Baiyun Home Appliance,no,"Qalab guri cusub, 220V, koronto yar."
GRS-APL-10478,APL,Philips,Air fryer HD9252,PHI-AIR-FRYER-HD9252-10478,Standard,—,,500,4,1,jd,,Guangzhou Baiyun Home Appliance,no,"Qalab guri cusub, 220V, koronto yar."
GRS-APL-10479,APL,Philips,Air fryer XL HD9280,PHI-AIR-FRYER-XL-HD9-10479,Standard,—,,614,4,1,jd,,Guangzhou Baiyun Home Appliance,no,"Qalab guri cusub, 220V, koronto yar."
GRS-APL-10480,APL,Philips,Blender HR2041,PHI-BLENDER-HR2041-10480,Standard,—,,684,4,1,jd,,Guangzhou Baiyun Home Appliance,no,"Qalab guri cusub, 220V, koronto yar."
GRS-APL-10481,APL,Philips,Blender HR3655,PHI-BLENDER-HR3655-10481,Standard,—,,719,4,1,jd,,Guangzhou Baiyun Home Appliance,no,"Qalab guri cusub, 220V, koronto yar."
GRS-APL-10482,APL,Philips,Rice cooker HD4515,PHI-RICE-COOKER-HD45-10482,Standard,—,,860,4,1,jd,,Guangzhou Baiyun Home Appliance,no,"Qalab guri cusub, 220V, koronto yar."
GRS-APL-10483,APL,Philips,Steam iron GC1740,PHI-STEAM-IRON-GC174-10483,Standard,—,,926,4,1,jd,,Guangzhou Baiyun Home Appliance,no,"Qalab guri cusub, 220V, koronto yar."
GRS-APL-10484,APL,Philips,Kettle HD9350,PHI-KETTLE-HD9350-10484,Standard,—,,1013,4,1,jd,,Guangzhou Baiyun Home Appliance,no,"Qalab guri cusub, 220V, koronto yar."
GRS-APL-10485,APL,Philips,Hair dryer BHD006,PHI-HAIR-DRYER-BHD00-10485,Standard,—,,1100,4,1,jd,,Guangzhou Baiyun Home Appliance,no,"Qalab guri cusub, 220V, koronto yar."
GRS-APL-10486,APL,Xiaomi,Smart kettle Pro,XIA-SMART-KETTLE-PRO-10486,Standard,—,,247,3,1,jd,,Guangzhou Baiyun Home Appliance,no,"Qalab guri cusub, 220V, koronto yar."
GRS-APL-10487,APL,Xiaomi,Rice cooker 3L,XIA-RICE-COOKER-3L-10487,Standard,—,,304,3,1,jd,,Guangzhou Baiyun Home Appliance,no,"Qalab guri cusub, 220V, koronto yar."
GRS-APL-10488,APL,Xiaomi,Air purifier 4 Lite,XIA-AIR-PURIFIER-4-L-10488,Standard,—,,345,3,1,jd,,Guangzhou Baiyun Home Appliance,no,"Qalab guri cusub, 220V, koronto yar."
GRS-APL-10489,APL,Xiaomi,Vacuum G10,XIA-VACUUM-G10-10489,Standard,—,,379,3,1,jd,,Guangzhou Baiyun Home Appliance,no,"Qalab guri cusub, 220V, koronto yar."
GRS-APL-10490,APL,Xiaomi,Robot vacuum E10,XIA-ROBOT-VACUUM-E10-10490,Standard,—,,423,3,1,jd,,Guangzhou Baiyun Home Appliance,no,"Qalab guri cusub, 220V, koronto yar."
GRS-APL-10491,APL,Xiaomi,Hand blender,XIA-HAND-BLENDER-10491,Standard,—,,464,3,1,jd,,Guangzhou Baiyun Home Appliance,no,"Qalab guri cusub, 220V, koronto yar."
GRS-APL-10492,APL,Xiaomi,Air fryer 4L,XIA-AIR-FRYER-4L-10492,Standard,—,,484,3,1,jd,,Guangzhou Baiyun Home Appliance,no,"Qalab guri cusub, 220V, koronto yar."
GRS-APL-10493,APL,Xiaomi,Induction cooker,XIA-INDUCTION-COOKER-10493,Standard,—,,544,3,1,jd,,Guangzhou Baiyun Home Appliance,no,"Qalab guri cusub, 220V, koronto yar."
GRS-APL-10494,APL,Generic,Water heater / cooler Electric shower heater,GEN-ELECTRIC-SHOWER--10494,Standard,—,,285,8,2,1688,,Guangzhou Baiyun Home Appliance,no,"Qalab guri cusub, 220V, koronto yar."
GRS-APL-10495,APL,Generic,Water heater / cooler Storage geyser 30L,GEN-STORAGE-GEYSER-3-10495,Standard,—,,341,8,2,1688,,Guangzhou Baiyun Home Appliance,no,"Qalab guri cusub, 220V, koronto yar."
GRS-APL-10496,APL,Generic,Water heater / cooler Storage geyser 50L,GEN-STORAGE-GEYSER-5-10496,Standard,—,,395,8,2,1688,,Guangzhou Baiyun Home Appliance,no,"Qalab guri cusub, 220V, koronto yar."
GRS-APL-10497,APL,Generic,Water heater / cooler Water dispenser hot/cold,GEN-WATER-DISPENSER--10497,Standard,—,,418,8,2,1688,,Guangzhou Baiyun Home Appliance,no,"Qalab guri cusub, 220V, koronto yar."
GRS-APL-10498,APL,Generic,Water heater / cooler Water dispenser bottom-load,GEN-WATER-DISPENSER--10498,Standard,—,,483,8,2,1688,,Guangzhou Baiyun Home Appliance,no,"Qalab guri cusub, 220V, koronto yar."
GRS-APL-10499,APL,Generic,Water heater / cooler Ice maker,GEN-ICE-MAKER-10499,Standard,—,,549,8,2,1688,,Guangzhou Baiyun Home Appliance,no,"Qalab guri cusub, 220V, koronto yar."
GRS-APL-10500,APL,Generic,Water heater / cooler Water filter 5-stage,GEN-WATER-FILTER-5-S-10500,Standard,—,,597,8,2,1688,,Guangzhou Baiyun Home Appliance,no,"Qalab guri cusub, 220V, koronto yar."
GRS-APL-10501,APL,Generic,Water heater / cooler RO purifier 75GPD,GEN-RO-PURIFIER-75GP-10501,Standard,—,,616,8,2,1688,,Guangzhou Baiyun Home Appliance,no,"Qalab guri cusub, 220V, koronto yar."
GRS-APL-10502,APL,Generic,Cooking appliance Gas stove 2-burner,GEN-GAS-STOVE-2-BURN-10502,Standard,—,,253,8,2,1688,,Guangzhou Baiyun Home Appliance,no,"Qalab guri cusub, 220V, koronto yar."
GRS-APL-10503,APL,Generic,Cooking appliance Gas stove 3-burner,GEN-GAS-STOVE-3-BURN-10503,Standard,—,,284,8,2,1688,,Guangzhou Baiyun Home Appliance,no,"Qalab guri cusub, 220V, koronto yar."
GRS-APL-10504,APL,Generic,Cooking appliance Gas stove 4-burner,GEN-GAS-STOVE-4-BURN-10504,Standard,—,,311,8,2,1688,,Guangzhou Baiyun Home Appliance,no,"Qalab guri cusub, 220V, koronto yar."
GRS-APL-10505,APL,Generic,Cooking appliance Gas cooker with oven,GEN-GAS-COOKER-WITH--10505,Standard,—,,362,8,2,1688,,Guangzhou Baiyun Home Appliance,no,"Qalab guri cusub, 220V, koronto yar."
GRS-APL-10506,APL,Generic,Cooking appliance Induction 2-plate,GEN-INDUCTION-2-PLAT-10506,Standard,—,,397,8,2,1688,,Guangzhou Baiyun Home Appliance,no,"Qalab guri cusub, 220V, koronto yar."
GRS-APL-10507,APL,Generic,Cooking appliance Electric hotplate,GEN-ELECTRIC-HOTPLAT-10507,Standard,—,,434,8,2,1688,,Guangzhou Baiyun Home Appliance,no,"Qalab guri cusub, 220V, koronto yar."
GRS-APL-10508,APL,Generic,Cooking appliance Pressure cooker 6L,GEN-PRESSURE-COOKER--10508,Standard,—,,464,8,2,1688,,Guangzhou Baiyun Home Appliance,no,"Qalab guri cusub, 220V, koronto yar."
GRS-APL-10509,APL,Generic,Cooking appliance Pressure cooker 12L,GEN-PRESSURE-COOKER--10509,Standard,—,,539,8,2,1688,,Guangzhou Baiyun Home Appliance,no,"Qalab guri cusub, 220V, koronto yar."
GRS-APL-10510,APL,Generic,Iron / small appliance Steam iron 2000W,GEN-STEAM-IRON-2000W-10510,Standard,—,,71,2,5,1688,,Guangzhou Baiyun Home Appliance,no,"Qalab guri cusub, 220V, koronto yar."
GRS-APL-10511,APL,Generic,Iron / small appliance Hair dryer 2000W,GEN-HAIR-DRYER-2000W-10511,Standard,—,,83,2,5,1688,,Guangzhou Baiyun Home Appliance,no,"Qalab guri cusub, 220V, koronto yar."
GRS-APL-10512,APL,Generic,Iron / small appliance Hair clipper,GEN-HAIR-CLIPPER-10512,Standard,—,,95,2,5,1688,,Guangzhou Baiyun Home Appliance,no,"Qalab guri cusub, 220V, koronto yar."
GRS-APL-10513,APL,Generic,Iron / small appliance Electric shaver,GEN-ELECTRIC-SHAVER-10513,Standard,—,,110,2,5,1688,,Guangzhou Baiyun Home Appliance,no,"Qalab guri cusub, 220V, koronto yar."
GRS-APL-10514,APL,Generic,Iron / small appliance Toaster 2-slice,GEN-TOASTER-2-SLICE-10514,Standard,—,,108,2,5,1688,,Guangzhou Baiyun Home Appliance,no,"Qalab guri cusub, 220V, koronto yar."
GRS-APL-10515,APL,Generic,Iron / small appliance Sandwich maker,GEN-SANDWICH-MAKER-10515,Standard,—,,128,2,5,1688,,Guangzhou Baiyun Home Appliance,no,"Qalab guri cusub, 220V, koronto yar."
GRS-APL-10516,APL,Generic,Iron / small appliance Juicer,GEN-JUICER-10516,Standard,—,,141,2,5,1688,,Guangzhou Baiyun Home Appliance,no,"Qalab guri cusub, 220V, koronto yar."
GRS-APL-10517,APL,Generic,Iron / small appliance Food processor 800W,GEN-FOOD-PROCESSOR-8-10517,Standard,—,,144,2,5,1688,,Guangzhou Baiyun Home Appliance,no,"Qalab guri cusub, 220V, koronto yar."
GRS-HOM-10518,HOM,Generic,Cookware — Non-stick pot set 8pc,GEN-NON-STICK-POT-SE-10518,Standard,—,,89,3,5,1688,,Yiwu Jinlong Household Goods,no,"Alaab wax-karin iyo guri, tayo wanaagsan."
GRS-HOM-10519,HOM,Generic,Cookware — Non-stick pan 28cm,GEN-NON-STICK-PAN-28-10519,Standard,—,,99,3,5,1688,,Yiwu Jinlong Household Goods,no,"Alaab wax-karin iyo guri, tayo wanaagsan."
GRS-HOM-10520,HOM,Generic,Cookware — Pressure pot 8L,GEN-PRESSURE-POT-8L-10520,Standard,—,,114,3,5,1688,,Yiwu Jinlong Household Goods,no,"Alaab wax-karin iyo guri, tayo wanaagsan."
GRS-HOM-10521,HOM,Generic,Cookware — Stainless pot set 12pc,GEN-STAINLESS-POT-SE-10521,Standard,—,,131,3,5,1688,,Yiwu Jinlong Household Goods,no,"Alaab wax-karin iyo guri, tayo wanaagsan."
GRS-HOM-10522,HOM,Generic,Cookware — Rice pot 30cm,GEN-RICE-POT-30CM-10522,Standard,—,,140,3,5,1688,,Yiwu Jinlong Household Goods,no,"Alaab wax-karin iyo guri, tayo wanaagsan."
GRS-HOM-10523,HOM,Generic,Cookware — Big aluminium pot 50cm,GEN-BIG-ALUMINIUM-PO-10523,Standard,—,,157,3,5,1688,,Yiwu Jinlong Household Goods,no,"Alaab wax-karin iyo guri, tayo wanaagsan."
GRS-HOM-10524,HOM,Generic,Cookware — Frying pan 32cm,GEN-FRYING-PAN-32CM-10524,Standard,—,,185,3,5,1688,,Yiwu Jinlong Household Goods,no,"Alaab wax-karin iyo guri, tayo wanaagsan."
GRS-HOM-10525,HOM,Generic,Cookware — Tea kettle 3L,GEN-TEA-KETTLE-3L-10525,Standard,—,,192,3,5,1688,,Yiwu Jinlong Household Goods,no,"Alaab wax-karin iyo guri, tayo wanaagsan."
GRS-HOM-10526,HOM,Generic,Water tank 500L,GEN-500L-10526,Standard,—,,350,12,1,1688,,Yiwu Jinlong Household Goods,no,"Alaab wax-karin iyo guri, tayo wanaagsan."
GRS-HOM-10527,HOM,Generic,Water tank 1000L,GEN-1000L-10527,Standard,—,,429,12,1,1688,,Yiwu Jinlong Household Goods,no,"Alaab wax-karin iyo guri, tayo wanaagsan."
GRS-HOM-10528,HOM,Generic,Water tank 2000L,GEN-2000L-10528,Standard,—,,466,12,1,1688,,Yiwu Jinlong Household Goods,no,"Alaab wax-karin iyo guri, tayo wanaagsan."
GRS-HOM-10529,HOM,Generic,Water tank 3000L,GEN-3000L-10529,Standard,—,,549,12,1,1688,,Yiwu Jinlong Household Goods,no,"Alaab wax-karin iyo guri, tayo wanaagsan."
GRS-HOM-10530,HOM,Generic,Water tank 5000L,GEN-5000L-10530,Standard,—,,584,12,1,1688,,Yiwu Jinlong Household Goods,no,"Alaab wax-karin iyo guri, tayo wanaagsan."
GRS-HOM-10531,HOM,Generic,Water tank 10000L,GEN-10000L-10531,Standard,—,,653,12,1,1688,,Yiwu Jinlong Household Goods,no,"Alaab wax-karin iyo guri, tayo wanaagsan."
GRS-HOM-10532,HOM,Generic,Storage / plastic Bucket 20L (pack 10),GEN-BUCKET-20L-PACK--10532,Standard,—,,28,2,10,1688,,Yiwu Jinlong Household Goods,no,"Alaab wax-karin iyo guri, tayo wanaagsan."
GRS-HOM-10533,HOM,Generic,Storage / plastic Basin set (pack 6),GEN-BASIN-SET-PACK-6-10533,Standard,—,,35,2,10,1688,,Yiwu Jinlong Household Goods,no,"Alaab wax-karin iyo guri, tayo wanaagsan."
GRS-HOM-10534,HOM,Generic,Storage / plastic Storage box 50L,GEN-STORAGE-BOX-50L-10534,Standard,—,,41,2,10,1688,,Yiwu Jinlong Household Goods,no,"Alaab wax-karin iyo guri, tayo wanaagsan."
GRS-HOM-10535,HOM,Generic,Storage / plastic Storage box 100L,GEN-STORAGE-BOX-100L-10535,Standard,—,,42,2,10,1688,,Yiwu Jinlong Household Goods,no,"Alaab wax-karin iyo guri, tayo wanaagsan."
GRS-HOM-10536,HOM,Generic,Storage / plastic Jerrycan 20L,GEN-JERRYCAN-20L-10536,Standard,—,,52,2,10,1688,,Yiwu Jinlong Household Goods,no,"Alaab wax-karin iyo guri, tayo wanaagsan."
GRS-HOM-10537,HOM,Generic,Storage / plastic Jerrycan 25L,GEN-JERRYCAN-25L-10537,Standard,—,,52,2,10,1688,,Yiwu Jinlong Household Goods,no,"Alaab wax-karin iyo guri, tayo wanaagsan."
GRS-HOM-10538,HOM,Generic,Storage / plastic Thermos flask 2L,GEN-THERMOS-FLASK-2L-10538,Standard,—,,59,2,10,1688,,Yiwu Jinlong Household Goods,no,"Alaab wax-karin iyo guri, tayo wanaagsan."
GRS-HOM-10539,HOM,Generic,Storage / plastic Thermos flask 3L,GEN-THERMOS-FLASK-3L-10539,Standard,—,,61,2,10,1688,,Yiwu Jinlong Household Goods,no,"Alaab wax-karin iyo guri, tayo wanaagsan."
GRS-HOM-10540,HOM,Generic,Storage / plastic Lunch box set,GEN-LUNCH-BOX-SET-10540,Standard,—,,68,2,10,1688,,Yiwu Jinlong Household Goods,no,"Alaab wax-karin iyo guri, tayo wanaagsan."
GRS-HOM-10541,HOM,Generic,Bedding — Mattress cover,GEN-MATTRESS-COVER-10541,Standard,—,,122,3,5,1688,,Yiwu Jinlong Household Goods,no,"Alaab wax-karin iyo guri, tayo wanaagsan."
GRS-HOM-10542,HOM,Generic,Bedding — Blanket (Tanzanian) 2pc,GEN-BLANKET-TANZANIA-10542,Standard,—,,132,3,5,1688,,Yiwu Jinlong Household Goods,no,"Alaab wax-karin iyo guri, tayo wanaagsan."
GRS-HOM-10543,HOM,Generic,Bedding — Duvet set,GEN-DUVET-SET-10543,Standard,—,,167,3,5,1688,,Yiwu Jinlong Household Goods,no,"Alaab wax-karin iyo guri, tayo wanaagsan."
GRS-HOM-10544,HOM,Generic,Bedding — Pillow (pack 4),GEN-PILLOW-PACK-4-10544,Standard,—,,176,3,5,1688,,Yiwu Jinlong Household Goods,no,"Alaab wax-karin iyo guri, tayo wanaagsan."
GRS-HOM-10545,HOM,Generic,Bedding — Bed sheet set,GEN-BED-SHEET-SET-10545,Standard,—,,197,3,5,1688,,Yiwu Jinlong Household Goods,no,"Alaab wax-karin iyo guri, tayo wanaagsan."
GRS-HOM-10546,HOM,Generic,Bedding — Mosquito net,GEN-MOSQUITO-NET-10546,Standard,—,,219,3,5,1688,,Yiwu Jinlong Household Goods,no,"Alaab wax-karin iyo guri, tayo wanaagsan."
GRS-HOM-10547,HOM,Generic,Bedding — Prayer mat (pack 5),GEN-PRAYER-MAT-PACK--10547,Standard,—,,231,3,5,1688,,Yiwu Jinlong Household Goods,no,"Alaab wax-karin iyo guri, tayo wanaagsan."
GRS-HOM-10548,HOM,Generic,Bedding — Floor mat 3x4m,GEN-FLOOR-MAT-3X4M-10548,Standard,—,,248,3,5,1688,,Yiwu Jinlong Household Goods,no,"Alaab wax-karin iyo guri, tayo wanaagsan."
GRS-HOM-10549,HOM,Generic,Kitchen ware — Cutlery set 24pc,GEN-CUTLERY-SET-24PC-10549,Standard,—,,61,2,5,1688,,Yiwu Jinlong Household Goods,no,"Alaab wax-karin iyo guri, tayo wanaagsan."
GRS-HOM-10550,HOM,Generic,Kitchen ware — Plate set 24pc,GEN-PLATE-SET-24PC-10550,Standard,—,,70,2,5,1688,,Yiwu Jinlong Household Goods,no,"Alaab wax-karin iyo guri, tayo wanaagsan."
GRS-HOM-10551,HOM,Generic,Kitchen ware — Glass set 12pc,GEN-GLASS-SET-12PC-10551,Standard,—,,77,2,5,1688,,Yiwu Jinlong Household Goods,no,"Alaab wax-karin iyo guri, tayo wanaagsan."
GRS-HOM-10552,HOM,Generic,Kitchen ware — Knife set 6pc,GEN-KNIFE-SET-6PC-10552,Standard,—,,91,2,5,1688,,Yiwu Jinlong Household Goods,no,"Alaab wax-karin iyo guri, tayo wanaagsan."
GRS-HOM-10553,HOM,Generic,Kitchen ware — Thermos cup,GEN-THERMOS-CUP-10553,Standard,—,,96,2,5,1688,,Yiwu Jinlong Household Goods,no,"Alaab wax-karin iyo guri, tayo wanaagsan."
GRS-HOM-10554,HOM,Generic,Kitchen ware — Food container (pack 10),GEN-FOOD-CONTAINER-P-10554,Standard,—,,102,2,5,1688,,Yiwu Jinlong Household Goods,no,"Alaab wax-karin iyo guri, tayo wanaagsan."
GRS-HOM-10555,HOM,Generic,Kitchen ware — Colander set,GEN-COLANDER-SET-10555,Standard,—,,114,2,5,1688,,Yiwu Jinlong Household Goods,no,"Alaab wax-karin iyo guri, tayo wanaagsan."
GRS-HOM-10556,HOM,Generic,Kitchen ware — Spice rack,GEN-SPICE-RACK-10556,Standard,—,,120,2,5,1688,,Yiwu Jinlong Household Goods,no,"Alaab wax-karin iyo guri, tayo wanaagsan."
GRS-HOM-10557,HOM,Generic,Cleaning — Broom & mop set,GEN-BROOM-MOP-SET-10557,Standard,—,,38,3,5,1688,,Yiwu Jinlong Household Goods,no,"Alaab wax-karin iyo guri, tayo wanaagsan."
GRS-HOM-10558,HOM,Generic,Cleaning — Vacuum cleaner 2000W,GEN-VACUUM-CLEANER-2-10558,Standard,—,,48,3,5,1688,,Yiwu Jinlong Household Goods,no,"Alaab wax-karin iyo guri, tayo wanaagsan."
GRS-HOM-10559,HOM,Generic,Cleaning — Steam cleaner,GEN-STEAM-CLEANER-10559,Standard,—,,52,3,5,1688,,Yiwu Jinlong Household Goods,no,"Alaab wax-karin iyo guri, tayo wanaagsan."
GRS-HOM-10560,HOM,Generic,Cleaning — Floor mop 360°,GEN-FLOOR-MOP-360-10560,Standard,—,,62,3,5,1688,,Yiwu Jinlong Household Goods,no,"Alaab wax-karin iyo guri, tayo wanaagsan."
GRS-HOM-10561,HOM,Generic,Cleaning — Trash bins (pack 3),GEN-TRASH-BINS-PACK--10561,Standard,—,,68,3,5,1688,,Yiwu Jinlong Household Goods,no,"Alaab wax-karin iyo guri, tayo wanaagsan."
GRS-HOM-10562,HOM,Generic,Cleaning — Laundry basket,GEN-LAUNDRY-BASKET-10562,Standard,—,,68,3,5,1688,,Yiwu Jinlong Household Goods,no,"Alaab wax-karin iyo guri, tayo wanaagsan."
GRS-HOM-10563,HOM,Generic,Cleaning — Drying rack,GEN-DRYING-RACK-10563,Standard,—,,83,3,5,1688,,Yiwu Jinlong Household Goods,no,"Alaab wax-karin iyo guri, tayo wanaagsan."
GRS-HOM-10564,HOM,Generic,Cleaning — Iron board,GEN-IRON-BOARD-10564,Standard,—,,89,3,5,1688,,Yiwu Jinlong Household Goods,no,"Alaab wax-karin iyo guri, tayo wanaagsan."
GRS-HOM-10565,HOM,Generic,Lighting — LED bulb 9W (pack 10),GEN-LED-BULB-9W-PACK-10565,Standard,—,,24,1,5,1688,,Yiwu Jinlong Household Goods,no,"Alaab wax-karin iyo guri, tayo wanaagsan."
GRS-HOM-10566,HOM,Generic,Lighting — LED bulb 15W (pack 10),GEN-LED-BULB-15W-PAC-10566,Standard,—,,30,1,5,1688,,Yiwu Jinlong Household Goods,no,"Alaab wax-karin iyo guri, tayo wanaagsan."
GRS-HOM-10567,HOM,Generic,Lighting — LED tube 18W (pack 10),GEN-LED-TUBE-18W-PAC-10567,Standard,—,,33,1,5,1688,,Yiwu Jinlong Household Goods,no,"Alaab wax-karin iyo guri, tayo wanaagsan."
GRS-HOM-10568,HOM,Generic,Lighting — Rechargeable lantern,GEN-RECHARGEABLE-LAN-10568,Standard,—,,37,1,5,1688,,Yiwu Jinlong Household Goods,no,"Alaab wax-karin iyo guri, tayo wanaagsan."
GRS-HOM-10569,HOM,Generic,Lighting — LED floodlight 50W,GEN-LED-FLOODLIGHT-5-10569,Standard,—,,43,1,5,1688,,Yiwu Jinlong Household Goods,no,"Alaab wax-karin iyo guri, tayo wanaagsan."
GRS-HOM-10570,HOM,Generic,Lighting — LED floodlight 100W,GEN-LED-FLOODLIGHT-1-10570,Standard,—,,44,1,5,1688,,Yiwu Jinlong Household Goods,no,"Alaab wax-karin iyo guri, tayo wanaagsan."
GRS-HOM-10571,HOM,Generic,Lighting — Ceiling light 24W,GEN-CEILING-LIGHT-24-10571,Standard,—,,49,1,5,1688,,Yiwu Jinlong Household Goods,no,"Alaab wax-karin iyo guri, tayo wanaagsan."
GRS-HOM-10572,HOM,Generic,Lighting — Emergency light,GEN-EMERGENCY-LIGHT-10572,Standard,—,,56,1,5,1688,,Yiwu Jinlong Household Goods,no,"Alaab wax-karin iyo guri, tayo wanaagsan."
GRS-HOM-10573,HOM,Generic,Lighting — Solar garden light (pack 4),GEN-SOLAR-GARDEN-LIG-10573,Standard,—,,59,1,5,1688,,Yiwu Jinlong Household Goods,no,"Alaab wax-karin iyo guri, tayo wanaagsan."
GRS-HOM-10574,HOM,Generic,Household — Curtains (pair),GEN-CURTAINS-PAIR-10574,Standard,—,,50,2,5,1688,,Yiwu Jinlong Household Goods,no,"Alaab wax-karin iyo guri, tayo wanaagsan."
GRS-HOM-10575,HOM,Generic,Household — Wall clock,GEN-WALL-CLOCK-10575,Standard,—,,61,2,5,1688,,Yiwu Jinlong Household Goods,no,"Alaab wax-karin iyo guri, tayo wanaagsan."
GRS-HOM-10576,HOM,Generic,Household — Carpet 2x3m,GEN-CARPET-2X3M-10576,Standard,—,,69,2,5,1688,,Yiwu Jinlong Household Goods,no,"Alaab wax-karin iyo guri, tayo wanaagsan."
GRS-HOM-10577,HOM,Generic,Household — Carpet 3x4m,GEN-CARPET-3X4M-10577,Standard,—,,75,2,5,1688,,Yiwu Jinlong Household Goods,no,"Alaab wax-karin iyo guri, tayo wanaagsan."
GRS-HOM-10578,HOM,Generic,Household — Sofa cover,GEN-SOFA-COVER-10578,Standard,—,,78,2,5,1688,,Yiwu Jinlong Household Goods,no,"Alaab wax-karin iyo guri, tayo wanaagsan."
GRS-HOM-10579,HOM,Generic,Household — Door mat,GEN-DOOR-MAT-10579,Standard,—,,91,2,5,1688,,Yiwu Jinlong Household Goods,no,"Alaab wax-karin iyo guri, tayo wanaagsan."
GRS-HOM-10580,HOM,Generic,Household — Umbrella (pack 5),GEN-UMBRELLA-PACK-5-10580,Standard,—,,97,2,5,1688,,Yiwu Jinlong Household Goods,no,"Alaab wax-karin iyo guri, tayo wanaagsan."
GRS-HOM-10581,HOM,Generic,"Household — Suitcase 24""",GEN-SUITCASE-24-10581,Standard,—,,102,2,5,1688,,Yiwu Jinlong Household Goods,no,"Alaab wax-karin iyo guri, tayo wanaagsan."
GRS-HOM-10582,HOM,Generic,Household — Suitcase set 3pc,GEN-SUITCASE-SET-3PC-10582,Standard,—,,108,2,5,1688,,Yiwu Jinlong Household Goods,no,"Alaab wax-karin iyo guri, tayo wanaagsan."
GRS-FRN-10583,FRN,Generic,Office chair Ergonomic mesh,GEN-ERGONOMIC-MESH-10583,Standard,White,#F3F1EC,381,16,2,1688,,Foshan Shunde Furniture Works,no,"Alaab guri cusub, la keeno Muqdisho."
GRS-FRN-10583,FRN,Generic,Office chair Ergonomic mesh,GEN-ERGONOMIC-MESH-10583,Standard,Black,#26262A,381,16,2,1688,,Foshan Shunde Furniture Works,no,"Alaab guri cusub, la keeno Muqdisho."
GRS-FRN-10583,FRN,Generic,Office chair Ergonomic mesh,GEN-ERGONOMIC-MESH-10583,Standard,Silver,#C4C7CC,381,16,2,1688,,Foshan Shunde Furniture Works,no,"Alaab guri cusub, la keeno Muqdisho."
GRS-FRN-10584,FRN,Generic,Office chair Executive leather,GEN-EXECUTIVE-LEATHE-10584,Standard,White,#F3F1EC,421,16,2,1688,,Foshan Shunde Furniture Works,no,"Alaab guri cusub, la keeno Muqdisho."
GRS-FRN-10584,FRN,Generic,Office chair Executive leather,GEN-EXECUTIVE-LEATHE-10584,Standard,Black,#26262A,421,16,2,1688,,Foshan Shunde Furniture Works,no,"Alaab guri cusub, la keeno Muqdisho."
GRS-FRN-10584,FRN,Generic,Office chair Executive leather,GEN-EXECUTIVE-LEATHE-10584,Standard,Silver,#C4C7CC,421,16,2,1688,,Foshan Shunde Furniture Works,no,"Alaab guri cusub, la keeno Muqdisho."
GRS-FRN-10585,FRN,Generic,Office chair Visitor chair,GEN-VISITOR-CHAIR-10585,Standard,White,#F3F1EC,498,16,2,1688,,Foshan Shunde Furniture Works,no,"Alaab guri cusub, la keeno Muqdisho."
GRS-FRN-10585,FRN,Generic,Office chair Visitor chair,GEN-VISITOR-CHAIR-10585,Standard,Black,#26262A,498,16,2,1688,,Foshan Shunde Furniture Works,no,"Alaab guri cusub, la keeno Muqdisho."
GRS-FRN-10585,FRN,Generic,Office chair Visitor chair,GEN-VISITOR-CHAIR-10585,Standard,Silver,#C4C7CC,498,16,2,1688,,Foshan Shunde Furniture Works,no,"Alaab guri cusub, la keeno Muqdisho."
GRS-FRN-10586,FRN,Generic,Office chair High-back boss,GEN-HIGH-BACK-BOSS-10586,Standard,White,#F3F1EC,574,16,2,1688,,Foshan Shunde Furniture Works,no,"Alaab guri cusub, la keeno Muqdisho."
GRS-FRN-10586,FRN,Generic,Office chair High-back boss,GEN-HIGH-BACK-BOSS-10586,Standard,Black,#26262A,574,16,2,1688,,Foshan Shunde Furniture Works,no,"Alaab guri cusub, la keeno Muqdisho."
GRS-FRN-10586,FRN,Generic,Office chair High-back boss,GEN-HIGH-BACK-BOSS-10586,Standard,Silver,#C4C7CC,574,16,2,1688,,Foshan Shunde Furniture Works,no,"Alaab guri cusub, la keeno Muqdisho."
GRS-FRN-10587,FRN,Generic,Office chair Gaming chair,GEN-GAMING-CHAIR-10587,Standard,White,#F3F1EC,620,16,2,1688,,Foshan Shunde Furniture Works,no,"Alaab guri cusub, la keeno Muqdisho."
GRS-FRN-10587,FRN,Generic,Office chair Gaming chair,GEN-GAMING-CHAIR-10587,Standard,Black,#26262A,620,16,2,1688,,Foshan Shunde Furniture Works,no,"Alaab guri cusub, la keeno Muqdisho."
GRS-FRN-10587,FRN,Generic,Office chair Gaming chair,GEN-GAMING-CHAIR-10587,Standard,Silver,#C4C7CC,620,16,2,1688,,Foshan Shunde Furniture Works,no,"Alaab guri cusub, la keeno Muqdisho."
GRS-FRN-10588,FRN,Generic,Office chair Drafting chair,GEN-DRAFTING-CHAIR-10588,Standard,White,#F3F1EC,664,16,2,1688,,Foshan Shunde Furniture Works,no,"Alaab guri cusub, la keeno Muqdisho."
GRS-FRN-10588,FRN,Generic,Office chair Drafting chair,GEN-DRAFTING-CHAIR-10588,Standard,Black,#26262A,664,16,2,1688,,Foshan Shunde Furniture Works,no,"Alaab guri cusub, la keeno Muqdisho."
GRS-FRN-10588,FRN,Generic,Office chair Drafting chair,GEN-DRAFTING-CHAIR-10588,Standard,Silver,#C4C7CC,664,16,2,1688,,Foshan Shunde Furniture Works,no,"Alaab guri cusub, la keeno Muqdisho."
GRS-FRN-10589,FRN,Generic,Office chair Task chair basic,GEN-TASK-CHAIR-BASIC-10589,Standard,White,#F3F1EC,752,16,2,1688,,Foshan Shunde Furniture Works,no,"Alaab guri cusub, la keeno Muqdisho."
GRS-FRN-10589,FRN,Generic,Office chair Task chair basic,GEN-TASK-CHAIR-BASIC-10589,Standard,Black,#26262A,752,16,2,1688,,Foshan Shunde Furniture Works,no,"Alaab guri cusub, la keeno Muqdisho."
GRS-FRN-10589,FRN,Generic,Office chair Task chair basic,GEN-TASK-CHAIR-BASIC-10589,Standard,Silver,#C4C7CC,752,16,2,1688,,Foshan Shunde Furniture Works,no,"Alaab guri cusub, la keeno Muqdisho."
GRS-FRN-10590,FRN,Generic,Plastic chair / table Plastic chair stackable,GEN-PLASTIC-CHAIR-ST-10590,Standard,—,,22,3,20,1688,,Foshan Shunde Furniture Works,no,"Alaab guri cusub, la keeno Muqdisho."
GRS-FRN-10591,FRN,Generic,Plastic chair / table Plastic chair with arms,GEN-PLASTIC-CHAIR-WI-10591,Standard,—,,26,3,20,1688,,Foshan Shunde Furniture Works,no,"Alaab guri cusub, la keeno Muqdisho."
GRS-FRN-10592,FRN,Generic,Plastic chair / table Plastic table 4-seat,GEN-PLASTIC-TABLE-4--10592,Standard,—,,29,3,20,1688,,Foshan Shunde Furniture Works,no,"Alaab guri cusub, la keeno Muqdisho."
GRS-FRN-10593,FRN,Generic,Plastic chair / table Plastic table round,GEN-PLASTIC-TABLE-RO-10593,Standard,—,,35,3,20,1688,,Foshan Shunde Furniture Works,no,"Alaab guri cusub, la keeno Muqdisho."
GRS-FRN-10594,FRN,Generic,Plastic chair / table Folding chair,GEN-FOLDING-CHAIR-10594,Standard,—,,38,3,20,1688,,Foshan Shunde Furniture Works,no,"Alaab guri cusub, la keeno Muqdisho."
GRS-FRN-10595,FRN,Generic,Plastic chair / table Folding table 1.8m,GEN-FOLDING-TABLE-1--10595,Standard,—,,41,3,20,1688,,Foshan Shunde Furniture Works,no,"Alaab guri cusub, la keeno Muqdisho."
GRS-FRN-10596,FRN,Generic,Plastic chair / table Bar stool,GEN-BAR-STOOL-10596,Standard,—,,42,3,20,1688,,Foshan Shunde Furniture Works,no,"Alaab guri cusub, la keeno Muqdisho."
GRS-FRN-10597,FRN,Generic,Plastic chair / table Kids chair,GEN-KIDS-CHAIR-10597,Standard,—,,44,3,20,1688,,Foshan Shunde Furniture Works,no,"Alaab guri cusub, la keeno Muqdisho."
GRS-FRN-10598,FRN,Generic,Bed & mattress Single bed frame,GEN-SINGLE-BED-FRAME-10598,Standard,—,,733,40,1,1688,,Foshan Shunde Furniture Works,no,"Alaab guri cusub, la keeno Muqdisho."
GRS-FRN-10599,FRN,Generic,Bed & mattress Double bed frame,GEN-DOUBLE-BED-FRAME-10599,Standard,—,,840,40,1,1688,,Foshan Shunde Furniture Works,no,"Alaab guri cusub, la keeno Muqdisho."
GRS-FRN-10600,FRN,Generic,Bed & mattress Queen bed frame,GEN-QUEEN-BED-FRAME-10600,Standard,—,,938,40,1,1688,,Foshan Shunde Furniture Works,no,"Alaab guri cusub, la keeno Muqdisho."
GRS-FRN-10601,FRN,Generic,Bed & mattress Bunk bed,GEN-BUNK-BED-10601,Standard,—,,1018,40,1,1688,,Foshan Shunde Furniture Works,no,"Alaab guri cusub, la keeno Muqdisho."
GRS-FRN-10602,FRN,Generic,Bed & mattress Foam mattress 3ft,GEN-FOAM-MATTRESS-3F-10602,Standard,—,,1117,40,1,1688,,Foshan Shunde Furniture Works,no,"Alaab guri cusub, la keeno Muqdisho."
GRS-FRN-10603,FRN,Generic,Bed & mattress Foam mattress 4.5ft,GEN-FOAM-MATTRESS-4--10603,Standard,—,,1288,40,1,1688,,Foshan Shunde Furniture Works,no,"Alaab guri cusub, la keeno Muqdisho."
GRS-FRN-10604,FRN,Generic,Bed & mattress Foam mattress 6ft,GEN-FOAM-MATTRESS-6F-10604,Standard,—,,1383,40,1,1688,,Foshan Shunde Furniture Works,no,"Alaab guri cusub, la keeno Muqdisho."
GRS-FRN-10605,FRN,Generic,Bed & mattress Spring mattress 6ft,GEN-SPRING-MATTRESS--10605,Standard,—,,1500,40,1,1688,,Foshan Shunde Furniture Works,no,"Alaab guri cusub, la keeno Muqdisho."
GRS-FRN-10606,FRN,Generic,Sofa 3-seater fabric,GEN-3-SEATER-FABRIC-10606,Standard,White,#F3F1EC,1626,60,1,1688,,Foshan Shunde Furniture Works,no,"Alaab guri cusub, la keeno Muqdisho."
GRS-FRN-10606,FRN,Generic,Sofa 3-seater fabric,GEN-3-SEATER-FABRIC-10606,Standard,Black,#26262A,1626,60,1,1688,,Foshan Shunde Furniture Works,no,"Alaab guri cusub, la keeno Muqdisho."
GRS-FRN-10606,FRN,Generic,Sofa 3-seater fabric,GEN-3-SEATER-FABRIC-10606,Standard,Silver,#C4C7CC,1626,60,1,1688,,Foshan Shunde Furniture Works,no,"Alaab guri cusub, la keeno Muqdisho."
GRS-FRN-10607,FRN,Generic,Sofa 2-seater fabric,GEN-2-SEATER-FABRIC-10607,Standard,White,#F3F1EC,1912,60,1,1688,,Foshan Shunde Furniture Works,no,"Alaab guri cusub, la keeno Muqdisho."
GRS-FRN-10607,FRN,Generic,Sofa 2-seater fabric,GEN-2-SEATER-FABRIC-10607,Standard,Black,#26262A,1912,60,1,1688,,Foshan Shunde Furniture Works,no,"Alaab guri cusub, la keeno Muqdisho."
GRS-FRN-10607,FRN,Generic,Sofa 2-seater fabric,GEN-2-SEATER-FABRIC-10607,Standard,Silver,#C4C7CC,1912,60,1,1688,,Foshan Shunde Furniture Works,no,"Alaab guri cusub, la keeno Muqdisho."
GRS-FRN-10608,FRN,Generic,Sofa 3+2 set fabric,GEN-3+2-SET-FABRIC-10608,Standard,White,#F3F1EC,2033,60,1,1688,,Foshan Shunde Furniture Works,no,"Alaab guri cusub, la keeno Muqdisho."
GRS-FRN-10608,FRN,Generic,Sofa 3+2 set fabric,GEN-3+2-SET-FABRIC-10608,Standard,Black,#26262A,2033,60,1,1688,,Foshan Shunde Furniture Works,no,"Alaab guri cusub, la keeno Muqdisho."
GRS-FRN-10608,FRN,Generic,Sofa 3+2 set fabric,GEN-3+2-SET-FABRIC-10608,Standard,Silver,#C4C7CC,2033,60,1,1688,,Foshan Shunde Furniture Works,no,"Alaab guri cusub, la keeno Muqdisho."
GRS-FRN-10609,FRN,Generic,Sofa L-shape corner,GEN-L-SHAPE-CORNER-10609,Standard,White,#F3F1EC,2297,60,1,1688,,Foshan Shunde Furniture Works,no,"Alaab guri cusub, la keeno Muqdisho."
GRS-FRN-10609,FRN,Generic,Sofa L-shape corner,GEN-L-SHAPE-CORNER-10609,Standard,Black,#26262A,2297,60,1,1688,,Foshan Shunde Furniture Works,no,"Alaab guri cusub, la keeno Muqdisho."
GRS-FRN-10609,FRN,Generic,Sofa L-shape corner,GEN-L-SHAPE-CORNER-10609,Standard,Silver,#C4C7CC,2297,60,1,1688,,Foshan Shunde Furniture Works,no,"Alaab guri cusub, la keeno Muqdisho."
GRS-FRN-10610,FRN,Generic,Sofa Majlis floor sofa set,GEN-MAJLIS-FLOOR-SOF-10610,Standard,White,#F3F1EC,2775,60,1,1688,,Foshan Shunde Furniture Works,no,"Alaab guri cusub, la keeno Muqdisho."
GRS-FRN-10610,FRN,Generic,Sofa Majlis floor sofa set,GEN-MAJLIS-FLOOR-SOF-10610,Standard,Black,#26262A,2775,60,1,1688,,Foshan Shunde Furniture Works,no,"Alaab guri cusub, la keeno Muqdisho."
GRS-FRN-10610,FRN,Generic,Sofa Majlis floor sofa set,GEN-MAJLIS-FLOOR-SOF-10610,Standard,Silver,#C4C7CC,2775,60,1,1688,,Foshan Shunde Furniture Works,no,"Alaab guri cusub, la keeno Muqdisho."
GRS-FRN-10611,FRN,Generic,Sofa Leather 3-seater,GEN-LEATHER-3-SEATER-10611,Standard,White,#F3F1EC,3024,60,1,1688,,Foshan Shunde Furniture Works,no,"Alaab guri cusub, la keeno Muqdisho."
GRS-FRN-10611,FRN,Generic,Sofa Leather 3-seater,GEN-LEATHER-3-SEATER-10611,Standard,Black,#26262A,3024,60,1,1688,,Foshan Shunde Furniture Works,no,"Alaab guri cusub, la keeno Muqdisho."
GRS-FRN-10611,FRN,Generic,Sofa Leather 3-seater,GEN-LEATHER-3-SEATER-10611,Standard,Silver,#C4C7CC,3024,60,1,1688,,Foshan Shunde Furniture Works,no,"Alaab guri cusub, la keeno Muqdisho."
GRS-FRN-10612,FRN,Generic,Sofa Recliner,GEN-RECLINER-10612,Standard,White,#F3F1EC,3279,60,1,1688,,Foshan Shunde Furniture Works,no,"Alaab guri cusub, la keeno Muqdisho."
GRS-FRN-10612,FRN,Generic,Sofa Recliner,GEN-RECLINER-10612,Standard,Black,#26262A,3279,60,1,1688,,Foshan Shunde Furniture Works,no,"Alaab guri cusub, la keeno Muqdisho."
GRS-FRN-10612,FRN,Generic,Sofa Recliner,GEN-RECLINER-10612,Standard,Silver,#C4C7CC,3279,60,1,1688,,Foshan Shunde Furniture Works,no,"Alaab guri cusub, la keeno Muqdisho."
GRS-FRN-10613,FRN,Generic,Sofa Sofa bed,GEN-SOFA-BED-10613,Standard,White,#F3F1EC,3205,60,1,1688,,Foshan Shunde Furniture Works,no,"Alaab guri cusub, la keeno Muqdisho."
GRS-FRN-10613,FRN,Generic,Sofa Sofa bed,GEN-SOFA-BED-10613,Standard,Black,#26262A,3205,60,1,1688,,Foshan Shunde Furniture Works,no,"Alaab guri cusub, la keeno Muqdisho."
GRS-FRN-10613,FRN,Generic,Sofa Sofa bed,GEN-SOFA-BED-10613,Standard,Silver,#C4C7CC,3205,60,1,1688,,Foshan Shunde Furniture Works,no,"Alaab guri cusub, la keeno Muqdisho."
GRS-FRN-10614,FRN,Generic,Wardrobe / storage 2-door wardrobe,GEN-2-DOOR-WARDROBE-10614,Standard,—,,758,45,1,1688,,Foshan Shunde Furniture Works,no,"Alaab guri cusub, la keeno Muqdisho."
GRS-FRN-10615,FRN,Generic,Wardrobe / storage 3-door wardrobe,GEN-3-DOOR-WARDROBE-10615,Standard,—,,902,45,1,1688,,Foshan Shunde Furniture Works,no,"Alaab guri cusub, la keeno Muqdisho."
GRS-FRN-10616,FRN,Generic,Wardrobe / storage 4-door wardrobe,GEN-4-DOOR-WARDROBE-10616,Standard,—,,1047,45,1,1688,,Foshan Shunde Furniture Works,no,"Alaab guri cusub, la keeno Muqdisho."
GRS-FRN-10617,FRN,Generic,Wardrobe / storage Shoe rack,GEN-SHOE-RACK-10617,Standard,—,,1202,45,1,1688,,Foshan Shunde Furniture Works,no,"Alaab guri cusub, la keeno Muqdisho."
GRS-FRN-10618,FRN,Generic,Wardrobe / storage Chest of drawers,GEN-CHEST-OF-DRAWERS-10618,Standard,—,,1249,45,1,1688,,Foshan Shunde Furniture Works,no,"Alaab guri cusub, la keeno Muqdisho."
GRS-FRN-10619,FRN,Generic,Wardrobe / storage Bookshelf,GEN-BOOKSHELF-10619,Standard,—,,1447,45,1,1688,,Foshan Shunde Furniture Works,no,"Alaab guri cusub, la keeno Muqdisho."
GRS-FRN-10620,FRN,Generic,Wardrobe / storage TV stand,GEN-TV-STAND-10620,Standard,—,,1488,45,1,1688,,Foshan Shunde Furniture Works,no,"Alaab guri cusub, la keeno Muqdisho."
GRS-FRN-10621,FRN,Generic,Wardrobe / storage Kitchen cabinet set,GEN-KITCHEN-CABINET--10621,Standard,—,,1612,45,1,1688,,Foshan Shunde Furniture Works,no,"Alaab guri cusub, la keeno Muqdisho."
GRS-FRN-10622,FRN,Generic,Office furniture Desk 1.2m,GEN-DESK-1-2M-10622,Standard,—,,664,40,1,1688,,Foshan Shunde Furniture Works,no,"Alaab guri cusub, la keeno Muqdisho."
GRS-FRN-10623,FRN,Generic,Office furniture Desk 1.6m,GEN-DESK-1-6M-10623,Standard,—,,759,40,1,1688,,Foshan Shunde Furniture Works,no,"Alaab guri cusub, la keeno Muqdisho."
GRS-FRN-10624,FRN,Generic,Office furniture Manager desk,GEN-MANAGER-DESK-10624,Standard,—,,871,40,1,1688,,Foshan Shunde Furniture Works,no,"Alaab guri cusub, la keeno Muqdisho."
GRS-FRN-10625,FRN,Generic,Office furniture Filing cabinet 4-drawer,GEN-FILING-CABINET-4-10625,Standard,—,,947,40,1,1688,,Foshan Shunde Furniture Works,no,"Alaab guri cusub, la keeno Muqdisho."
GRS-FRN-10626,FRN,Generic,Office furniture Conference table 3m,GEN-CONFERENCE-TABLE-10626,Standard,—,,1063,40,1,1688,,Foshan Shunde Furniture Works,no,"Alaab guri cusub, la keeno Muqdisho."
GRS-FRN-10627,FRN,Generic,Office furniture Reception desk,GEN-RECEPTION-DESK-10627,Standard,—,,1129,40,1,1688,,Foshan Shunde Furniture Works,no,"Alaab guri cusub, la keeno Muqdisho."
GRS-FRN-10628,FRN,Generic,Office furniture Workstation 4-person,GEN-WORKSTATION-4-PE-10628,Standard,—,,1250,40,1,1688,,Foshan Shunde Furniture Works,no,"Alaab guri cusub, la keeno Muqdisho."
GRS-FRN-10629,FRN,Generic,Office furniture Steel shelving 5-tier,GEN-STEEL-SHELVING-5-10629,Standard,—,,1418,40,1,1688,,Foshan Shunde Furniture Works,no,"Alaab guri cusub, la keeno Muqdisho."
GRS-FRN-10630,FRN,Generic,Dining / school Dining table 6-seat,GEN-DINING-TABLE-6-S-10630,Standard,—,,520,30,2,1688,,Foshan Shunde Furniture Works,no,"Alaab guri cusub, la keeno Muqdisho."
GRS-FRN-10631,FRN,Generic,Dining / school Dining table 8-seat,GEN-DINING-TABLE-8-S-10631,Standard,—,,550,30,2,1688,,Foshan Shunde Furniture Works,no,"Alaab guri cusub, la keeno Muqdisho."
GRS-FRN-10632,FRN,Generic,Dining / school Dining chairs (set 6),GEN-DINING-CHAIRS-SE-10632,Standard,—,,630,30,2,1688,,Foshan Shunde Furniture Works,no,"Alaab guri cusub, la keeno Muqdisho."
GRS-FRN-10633,FRN,Generic,Dining / school School desk & chair set,GEN-SCHOOL-DESK-CHAI-10633,Standard,—,,767,30,2,1688,,Foshan Shunde Furniture Works,no,"Alaab guri cusub, la keeno Muqdisho."
GRS-FRN-10634,FRN,Generic,Dining / school Classroom desk (pack 10),GEN-CLASSROOM-DESK-P-10634,Standard,—,,832,30,2,1688,,Foshan Shunde Furniture Works,no,"Alaab guri cusub, la keeno Muqdisho."
GRS-FRN-10635,FRN,Generic,Dining / school Whiteboard 120x90,GEN-WHITEBOARD-120X9-10635,Standard,—,,929,30,2,1688,,Foshan Shunde Furniture Works,no,"Alaab guri cusub, la keeno Muqdisho."
GRS-FRN-10636,FRN,Generic,Dining / school Teacher table,GEN-TEACHER-TABLE-10636,Standard,—,,946,30,2,1688,,Foshan Shunde Furniture Works,no,"Alaab guri cusub, la keeno Muqdisho."
GRS-FRN-10637,FRN,Generic,Dining / school Bookcase steel,GEN-BOOKCASE-STEEL-10637,Standard,—,,1050,30,2,1688,,Foshan Shunde Furniture Works,no,"Alaab guri cusub, la keeno Muqdisho."
GRS-CLO-10638,CLO,Generic,Men's wear — Cotton thobe (khamiis),GEN-COTTON-THOBE-KHA-10638,Standard,White,#F3F1EC,44,0.5,10,1688,,Yiwu Jinlong Household Goods,no,"Dhar iyo kabo cusub, cabbirro kala duwan."
GRS-CLO-10638,CLO,Generic,Men's wear — Cotton thobe (khamiis),GEN-COTTON-THOBE-KHA-10638,Standard,Black,#26262A,44,0.5,10,1688,,Yiwu Jinlong Household Goods,no,"Dhar iyo kabo cusub, cabbirro kala duwan."
GRS-CLO-10638,CLO,Generic,Men's wear — Cotton thobe (khamiis),GEN-COTTON-THOBE-KHA-10638,Standard,Silver,#C4C7CC,44,0.5,10,1688,,Yiwu Jinlong Household Goods,no,"Dhar iyo kabo cusub, cabbirro kala duwan."
GRS-CLO-10639,CLO,Generic,Men's wear — Macawis (sarong),GEN-MACAWIS-SARONG-10639,Standard,White,#F3F1EC,54,0.5,10,1688,,Yiwu Jinlong Household Goods,no,"Dhar iyo kabo cusub, cabbirro kala duwan."
GRS-CLO-10639,CLO,Generic,Men's wear — Macawis (sarong),GEN-MACAWIS-SARONG-10639,Standard,Black,#26262A,54,0.5,10,1688,,Yiwu Jinlong Household Goods,no,"Dhar iyo kabo cusub, cabbirro kala duwan."
GRS-CLO-10639,CLO,Generic,Men's wear — Macawis (sarong),GEN-MACAWIS-SARONG-10639,Standard,Silver,#C4C7CC,54,0.5,10,1688,,Yiwu Jinlong Household Goods,no,"Dhar iyo kabo cusub, cabbirro kala duwan."
GRS-CLO-10640,CLO,Generic,Men's wear — Dress shirt,GEN-DRESS-SHIRT-10640,Standard,White,#F3F1EC,58,0.5,10,1688,,Yiwu Jinlong Household Goods,no,"Dhar iyo kabo cusub, cabbirro kala duwan."
GRS-CLO-10640,CLO,Generic,Men's wear — Dress shirt,GEN-DRESS-SHIRT-10640,Standard,Black,#26262A,58,0.5,10,1688,,Yiwu Jinlong Household Goods,no,"Dhar iyo kabo cusub, cabbirro kala duwan."
GRS-CLO-10640,CLO,Generic,Men's wear — Dress shirt,GEN-DRESS-SHIRT-10640,Standard,Silver,#C4C7CC,58,0.5,10,1688,,Yiwu Jinlong Household Goods,no,"Dhar iyo kabo cusub, cabbirro kala duwan."
GRS-CLO-10641,CLO,Generic,Men's wear — Polo shirt (pack 5),GEN-POLO-SHIRT-PACK--10641,Standard,White,#F3F1EC,68,0.5,10,1688,,Yiwu Jinlong Household Goods,no,"Dhar iyo kabo cusub, cabbirro kala duwan."
GRS-CLO-10641,CLO,Generic,Men's wear — Polo shirt (pack 5),GEN-POLO-SHIRT-PACK--10641,Standard,Black,#26262A,68,0.5,10,1688,,Yiwu Jinlong Household Goods,no,"Dhar iyo kabo cusub, cabbirro kala duwan."
GRS-CLO-10641,CLO,Generic,Men's wear — Polo shirt (pack 5),GEN-POLO-SHIRT-PACK--10641,Standard,Silver,#C4C7CC,68,0.5,10,1688,,Yiwu Jinlong Household Goods,no,"Dhar iyo kabo cusub, cabbirro kala duwan."
GRS-CLO-10642,CLO,Generic,Men's wear — Trousers,GEN-TROUSERS-10642,Standard,White,#F3F1EC,78,0.5,10,1688,,Yiwu Jinlong Household Goods,no,"Dhar iyo kabo cusub, cabbirro kala duwan."
GRS-CLO-10642,CLO,Generic,Men's wear — Trousers,GEN-TROUSERS-10642,Standard,Black,#26262A,78,0.5,10,1688,,Yiwu Jinlong Household Goods,no,"Dhar iyo kabo cusub, cabbirro kala duwan."
GRS-CLO-10642,CLO,Generic,Men's wear — Trousers,GEN-TROUSERS-10642,Standard,Silver,#C4C7CC,78,0.5,10,1688,,Yiwu Jinlong Household Goods,no,"Dhar iyo kabo cusub, cabbirro kala duwan."
GRS-CLO-10643,CLO,Generic,Men's wear — Jeans,GEN-JEANS-10643,Standard,White,#F3F1EC,79,0.5,10,1688,,Yiwu Jinlong Household Goods,no,"Dhar iyo kabo cusub, cabbirro kala duwan."
GRS-CLO-10643,CLO,Generic,Men's wear — Jeans,GEN-JEANS-10643,Standard,Black,#26262A,79,0.5,10,1688,,Yiwu Jinlong Household Goods,no,"Dhar iyo kabo cusub, cabbirro kala duwan."
GRS-CLO-10643,CLO,Generic,Men's wear — Jeans,GEN-JEANS-10643,Standard,Silver,#C4C7CC,79,0.5,10,1688,,Yiwu Jinlong Household Goods,no,"Dhar iyo kabo cusub, cabbirro kala duwan."
GRS-CLO-10644,CLO,Generic,Men's wear — Suit jacket,GEN-SUIT-JACKET-10644,Standard,White,#F3F1EC,89,0.5,10,1688,,Yiwu Jinlong Household Goods,no,"Dhar iyo kabo cusub, cabbirro kala duwan."
GRS-CLO-10644,CLO,Generic,Men's wear — Suit jacket,GEN-SUIT-JACKET-10644,Standard,Black,#26262A,89,0.5,10,1688,,Yiwu Jinlong Household Goods,no,"Dhar iyo kabo cusub, cabbirro kala duwan."
GRS-CLO-10644,CLO,Generic,Men's wear — Suit jacket,GEN-SUIT-JACKET-10644,Standard,Silver,#C4C7CC,89,0.5,10,1688,,Yiwu Jinlong Household Goods,no,"Dhar iyo kabo cusub, cabbirro kala duwan."
GRS-CLO-10645,CLO,Generic,Men's wear — Kufi cap (pack 10),GEN-KUFI-CAP-PACK-10-10645,Standard,White,#F3F1EC,98,0.5,10,1688,,Yiwu Jinlong Household Goods,no,"Dhar iyo kabo cusub, cabbirro kala duwan."
GRS-CLO-10645,CLO,Generic,Men's wear — Kufi cap (pack 10),GEN-KUFI-CAP-PACK-10-10645,Standard,Black,#26262A,98,0.5,10,1688,,Yiwu Jinlong Household Goods,no,"Dhar iyo kabo cusub, cabbirro kala duwan."
GRS-CLO-10645,CLO,Generic,Men's wear — Kufi cap (pack 10),GEN-KUFI-CAP-PACK-10-10645,Standard,Silver,#C4C7CC,98,0.5,10,1688,,Yiwu Jinlong Household Goods,no,"Dhar iyo kabo cusub, cabbirro kala duwan."
GRS-CLO-10646,CLO,Generic,Men's wear — Track suit,GEN-TRACK-SUIT-10646,Standard,White,#F3F1EC,108,0.5,10,1688,,Yiwu Jinlong Household Goods,no,"Dhar iyo kabo cusub, cabbirro kala duwan."
GRS-CLO-10646,CLO,Generic,Men's wear — Track suit,GEN-TRACK-SUIT-10646,Standard,Black,#26262A,108,0.5,10,1688,,Yiwu Jinlong Household Goods,no,"Dhar iyo kabo cusub, cabbirro kala duwan."
GRS-CLO-10646,CLO,Generic,Men's wear — Track suit,GEN-TRACK-SUIT-10646,Standard,Silver,#C4C7CC,108,0.5,10,1688,,Yiwu Jinlong Household Goods,no,"Dhar iyo kabo cusub, cabbirro kala duwan."
GRS-CLO-10647,CLO,Generic,Men's wear — T-shirts (pack 10),GEN-T-SHIRTS-PACK-10-10647,Standard,White,#F3F1EC,109,0.5,10,1688,,Yiwu Jinlong Household Goods,no,"Dhar iyo kabo cusub, cabbirro kala duwan."
GRS-CLO-10647,CLO,Generic,Men's wear — T-shirts (pack 10),GEN-T-SHIRTS-PACK-10-10647,Standard,Black,#26262A,109,0.5,10,1688,,Yiwu Jinlong Household Goods,no,"Dhar iyo kabo cusub, cabbirro kala duwan."
GRS-CLO-10647,CLO,Generic,Men's wear — T-shirts (pack 10),GEN-T-SHIRTS-PACK-10-10647,Standard,Silver,#C4C7CC,109,0.5,10,1688,,Yiwu Jinlong Household Goods,no,"Dhar iyo kabo cusub, cabbirro kala duwan."
GRS-CLO-10648,CLO,Generic,Women's wear — Abaya,GEN-ABAYA-10648,Standard,White,#F3F1EC,49,0.5,10,1688,,Yiwu Jinlong Household Goods,no,"Dhar iyo kabo cusub, cabbirro kala duwan."
GRS-CLO-10648,CLO,Generic,Women's wear — Abaya,GEN-ABAYA-10648,Standard,Black,#26262A,49,0.5,10,1688,,Yiwu Jinlong Household Goods,no,"Dhar iyo kabo cusub, cabbirro kala duwan."
GRS-CLO-10648,CLO,Generic,Women's wear — Abaya,GEN-ABAYA-10648,Standard,Silver,#C4C7CC,49,0.5,10,1688,,Yiwu Jinlong Household Goods,no,"Dhar iyo kabo cusub, cabbirro kala duwan."
GRS-CLO-10649,CLO,Generic,Women's wear — Dirac (Somali dress),GEN-DIRAC-SOMALI-DRE-10649,Standard,White,#F3F1EC,55,0.5,10,1688,,Yiwu Jinlong Household Goods,no,"Dhar iyo kabo cusub, cabbirro kala duwan."
GRS-CLO-10649,CLO,Generic,Women's wear — Dirac (Somali dress),GEN-DIRAC-SOMALI-DRE-10649,Standard,Black,#26262A,55,0.5,10,1688,,Yiwu Jinlong Household Goods,no,"Dhar iyo kabo cusub, cabbirro kala duwan."
GRS-CLO-10649,CLO,Generic,Women's wear — Dirac (Somali dress),GEN-DIRAC-SOMALI-DRE-10649,Standard,Silver,#C4C7CC,55,0.5,10,1688,,Yiwu Jinlong Household Goods,no,"Dhar iyo kabo cusub, cabbirro kala duwan."
GRS-CLO-10650,CLO,Generic,Women's wear — Hijab (pack 10),GEN-HIJAB-PACK-10-10650,Standard,White,#F3F1EC,69,0.5,10,1688,,Yiwu Jinlong Household Goods,no,"Dhar iyo kabo cusub, cabbirro kala duwan."
GRS-CLO-10650,CLO,Generic,Women's wear — Hijab (pack 10),GEN-HIJAB-PACK-10-10650,Standard,Black,#26262A,69,0.5,10,1688,,Yiwu Jinlong Household Goods,no,"Dhar iyo kabo cusub, cabbirro kala duwan."
GRS-CLO-10650,CLO,Generic,Women's wear — Hijab (pack 10),GEN-HIJAB-PACK-10-10650,Standard,Silver,#C4C7CC,69,0.5,10,1688,,Yiwu Jinlong Household Goods,no,"Dhar iyo kabo cusub, cabbirro kala duwan."
GRS-CLO-10651,CLO,Generic,Women's wear — Jilbab,GEN-JILBAB-10651,Standard,White,#F3F1EC,70,0.5,10,1688,,Yiwu Jinlong Household Goods,no,"Dhar iyo kabo cusub, cabbirro kala duwan."
GRS-CLO-10651,CLO,Generic,Women's wear — Jilbab,GEN-JILBAB-10651,Standard,Black,#26262A,70,0.5,10,1688,,Yiwu Jinlong Household Goods,no,"Dhar iyo kabo cusub, cabbirro kala duwan."
GRS-CLO-10651,CLO,Generic,Women's wear — Jilbab,GEN-JILBAB-10651,Standard,Silver,#C4C7CC,70,0.5,10,1688,,Yiwu Jinlong Household Goods,no,"Dhar iyo kabo cusub, cabbirro kala duwan."
GRS-CLO-10652,CLO,Generic,Women's wear — Prayer garment,GEN-PRAYER-GARMENT-10652,Standard,White,#F3F1EC,78,0.5,10,1688,,Yiwu Jinlong Household Goods,no,"Dhar iyo kabo cusub, cabbirro kala duwan."
GRS-CLO-10652,CLO,Generic,Women's wear — Prayer garment,GEN-PRAYER-GARMENT-10652,Standard,Black,#26262A,78,0.5,10,1688,,Yiwu Jinlong Household Goods,no,"Dhar iyo kabo cusub, cabbirro kala duwan."
GRS-CLO-10652,CLO,Generic,Women's wear — Prayer garment,GEN-PRAYER-GARMENT-10652,Standard,Silver,#C4C7CC,78,0.5,10,1688,,Yiwu Jinlong Household Goods,no,"Dhar iyo kabo cusub, cabbirro kala duwan."
GRS-CLO-10653,CLO,Generic,Women's wear — Chiffon scarf (pack 10),GEN-CHIFFON-SCARF-PA-10653,Standard,White,#F3F1EC,91,0.5,10,1688,,Yiwu Jinlong Household Goods,no,"Dhar iyo kabo cusub, cabbirro kala duwan."
GRS-CLO-10653,CLO,Generic,Women's wear — Chiffon scarf (pack 10),GEN-CHIFFON-SCARF-PA-10653,Standard,Black,#26262A,91,0.5,10,1688,,Yiwu Jinlong Household Goods,no,"Dhar iyo kabo cusub, cabbirro kala duwan."
GRS-CLO-10653,CLO,Generic,Women's wear — Chiffon scarf (pack 10),GEN-CHIFFON-SCARF-PA-10653,Standard,Silver,#C4C7CC,91,0.5,10,1688,,Yiwu Jinlong Household Goods,no,"Dhar iyo kabo cusub, cabbirro kala duwan."
GRS-CLO-10654,CLO,Generic,Women's wear — Maxi dress,GEN-MAXI-DRESS-10654,Standard,White,#F3F1EC,98,0.5,10,1688,,Yiwu Jinlong Household Goods,no,"Dhar iyo kabo cusub, cabbirro kala duwan."
GRS-CLO-10654,CLO,Generic,Women's wear — Maxi dress,GEN-MAXI-DRESS-10654,Standard,Black,#26262A,98,0.5,10,1688,,Yiwu Jinlong Household Goods,no,"Dhar iyo kabo cusub, cabbirro kala duwan."
GRS-CLO-10654,CLO,Generic,Women's wear — Maxi dress,GEN-MAXI-DRESS-10654,Standard,Silver,#C4C7CC,98,0.5,10,1688,,Yiwu Jinlong Household Goods,no,"Dhar iyo kabo cusub, cabbirro kala duwan."
GRS-CLO-10655,CLO,Generic,Women's wear — Kids dress (pack 5),GEN-KIDS-DRESS-PACK--10655,Standard,White,#F3F1EC,108,0.5,10,1688,,Yiwu Jinlong Household Goods,no,"Dhar iyo kabo cusub, cabbirro kala duwan."
GRS-CLO-10655,CLO,Generic,Women's wear — Kids dress (pack 5),GEN-KIDS-DRESS-PACK--10655,Standard,Black,#26262A,108,0.5,10,1688,,Yiwu Jinlong Household Goods,no,"Dhar iyo kabo cusub, cabbirro kala duwan."
GRS-CLO-10655,CLO,Generic,Women's wear — Kids dress (pack 5),GEN-KIDS-DRESS-PACK--10655,Standard,Silver,#C4C7CC,108,0.5,10,1688,,Yiwu Jinlong Household Goods,no,"Dhar iyo kabo cusub, cabbirro kala duwan."
GRS-CLO-10656,CLO,Generic,Fabric (per roll) — Dirac fabric,GEN-DIRAC-FABRIC-10656,Standard,—,,293,15,2,1688,,Yiwu Jinlong Household Goods,no,"Dhar iyo kabo cusub, cabbirro kala duwan."
GRS-CLO-10657,CLO,Generic,Fabric (per roll) — Abaya crepe,GEN-ABAYA-CREPE-10657,Standard,—,,360,15,2,1688,,Yiwu Jinlong Household Goods,no,"Dhar iyo kabo cusub, cabbirro kala duwan."
GRS-CLO-10658,CLO,Generic,Fabric (per roll) — Cotton lining,GEN-COTTON-LINING-10658,Standard,—,,376,15,2,1688,,Yiwu Jinlong Household Goods,no,"Dhar iyo kabo cusub, cabbirro kala duwan."
GRS-CLO-10659,CLO,Generic,Fabric (per roll) — Chiffon,GEN-CHIFFON-10659,Standard,—,,429,15,2,1688,,Yiwu Jinlong Household Goods,no,"Dhar iyo kabo cusub, cabbirro kala duwan."
GRS-CLO-10660,CLO,Generic,Fabric (per roll) — Silk blend,GEN-SILK-BLEND-10660,Standard,—,,502,15,2,1688,,Yiwu Jinlong Household Goods,no,"Dhar iyo kabo cusub, cabbirro kala duwan."
GRS-CLO-10661,CLO,Generic,Fabric (per roll) — Curtain fabric,GEN-CURTAIN-FABRIC-10661,Standard,—,,513,15,2,1688,,Yiwu Jinlong Household Goods,no,"Dhar iyo kabo cusub, cabbirro kala duwan."
GRS-CLO-10662,CLO,Generic,Fabric (per roll) — Uniform fabric,GEN-UNIFORM-FABRIC-10662,Standard,—,,574,15,2,1688,,Yiwu Jinlong Household Goods,no,"Dhar iyo kabo cusub, cabbirro kala duwan."
GRS-CLO-10663,CLO,Generic,Fabric (per roll) — Denim,GEN-DENIM-10663,Standard,—,,653,15,2,1688,,Yiwu Jinlong Household Goods,no,"Dhar iyo kabo cusub, cabbirro kala duwan."
GRS-CLO-10664,CLO,Generic,Footwear — Sandals (pack 10),GEN-SANDALS-PACK-10-10664,Standard,—,,61,0.8,10,1688,,Yiwu Jinlong Household Goods,no,"Dhar iyo kabo cusub, cabbirro kala duwan."
GRS-CLO-10665,CLO,Generic,Footwear — Leather shoes,GEN-LEATHER-SHOES-10665,Standard,—,,68,0.8,10,1688,,Yiwu Jinlong Household Goods,no,"Dhar iyo kabo cusub, cabbirro kala duwan."
GRS-CLO-10666,CLO,Generic,Footwear — Sports shoes,GEN-SPORTS-SHOES-10666,Standard,—,,76,0.8,10,1688,,Yiwu Jinlong Household Goods,no,"Dhar iyo kabo cusub, cabbirro kala duwan."
GRS-CLO-10667,CLO,Generic,Footwear — Kids shoes (pack 10),GEN-KIDS-SHOES-PACK--10667,Standard,—,,87,0.8,10,1688,,Yiwu Jinlong Household Goods,no,"Dhar iyo kabo cusub, cabbirro kala duwan."
GRS-CLO-10668,CLO,Generic,Footwear — Rubber boots,GEN-RUBBER-BOOTS-10668,Standard,—,,101,0.8,10,1688,,Yiwu Jinlong Household Goods,no,"Dhar iyo kabo cusub, cabbirro kala duwan."
GRS-CLO-10669,CLO,Generic,Footwear — Safety boots,GEN-SAFETY-BOOTS-10669,Standard,—,,106,0.8,10,1688,,Yiwu Jinlong Household Goods,no,"Dhar iyo kabo cusub, cabbirro kala duwan."
GRS-CLO-10670,CLO,Generic,Footwear — Slippers (pack 20),GEN-SLIPPERS-PACK-20-10670,Standard,—,,112,0.8,10,1688,,Yiwu Jinlong Household Goods,no,"Dhar iyo kabo cusub, cabbirro kala duwan."
GRS-CLO-10671,CLO,Generic,Footwear — Flip-flops (pack 20),GEN-FLIP-FLOPS-PACK--10671,Standard,—,,130,0.8,10,1688,,Yiwu Jinlong Household Goods,no,"Dhar iyo kabo cusub, cabbirro kala duwan."
GRS-CLO-10672,CLO,Generic,School — School uniform set,GEN-SCHOOL-UNIFORM-S-10672,Standard,—,,55,0.8,10,1688,,Yiwu Jinlong Household Goods,no,"Dhar iyo kabo cusub, cabbirro kala duwan."
GRS-CLO-10673,CLO,Generic,School — School bag,GEN-SCHOOL-BAG-10673,Standard,—,,67,0.8,10,1688,,Yiwu Jinlong Household Goods,no,"Dhar iyo kabo cusub, cabbirro kala duwan."
GRS-CLO-10674,CLO,Generic,School — Backpack 20L,GEN-BACKPACK-20L-10674,Standard,—,,76,0.8,10,1688,,Yiwu Jinlong Household Goods,no,"Dhar iyo kabo cusub, cabbirro kala duwan."
GRS-CLO-10675,CLO,Generic,School — Exercise books (pack 100),GEN-EXERCISE-BOOKS-P-10675,Standard,—,,85,0.8,10,1688,,Yiwu Jinlong Household Goods,no,"Dhar iyo kabo cusub, cabbirro kala duwan."
GRS-CLO-10676,CLO,Generic,School — Pens (box 50),GEN-PENS-BOX-50-10676,Standard,—,,90,0.8,10,1688,,Yiwu Jinlong Household Goods,no,"Dhar iyo kabo cusub, cabbirro kala duwan."
GRS-CLO-10677,CLO,Generic,School — Pencil case (pack 10),GEN-PENCIL-CASE-PACK-10677,Standard,—,,103,0.8,10,1688,,Yiwu Jinlong Household Goods,no,"Dhar iyo kabo cusub, cabbirro kala duwan."
GRS-CLO-10678,CLO,Generic,School — Geometry set (pack 10),GEN-GEOMETRY-SET-PAC-10678,Standard,—,,105,0.8,10,1688,,Yiwu Jinlong Household Goods,no,"Dhar iyo kabo cusub, cabbirro kala duwan."
GRS-CLO-10679,CLO,Generic,School — Textbook covers,GEN-TEXTBOOK-COVERS-10679,Standard,—,,114,0.8,10,1688,,Yiwu Jinlong Household Goods,no,"Dhar iyo kabo cusub, cabbirro kala duwan."
GRS-BLD-10680,BLD,Hikvision,4-camera CCTV kit,HIK-4-CAMERA-CCTV-KI-10680,Standard,—,,790,5,1,jd,,Dongguan Lianxin Computer Parts,no,"Qalab dhismo, korontada iyo amniga."
GRS-BLD-10681,BLD,Hikvision,8-camera CCTV kit,HIK-8-CAMERA-CCTV-KI-10681,Standard,—,,976,5,1,jd,,Dongguan Lianxin Computer Parts,no,"Qalab dhismo, korontada iyo amniga."
GRS-BLD-10682,BLD,Hikvision,DS-2CD 2MP dome,HIK-DS-2CD-2MP-DOME-10682,Standard,—,,1106,5,1,jd,,Dongguan Lianxin Computer Parts,no,"Qalab dhismo, korontada iyo amniga."
GRS-BLD-10683,BLD,Hikvision,DS-2CD 4MP bullet,HIK-DS-2CD-4MP-BULLE-10683,Standard,—,,1148,5,1,jd,,Dongguan Lianxin Computer Parts,no,"Qalab dhismo, korontada iyo amniga."
GRS-BLD-10684,BLD,Hikvision,DS-7104 DVR,HIK-DS-7104-DVR-10684,Standard,—,,1290,5,1,jd,,Dongguan Lianxin Computer Parts,no,"Qalab dhismo, korontada iyo amniga."
GRS-BLD-10685,BLD,Hikvision,DS-7108 DVR,HIK-DS-7108-DVR-10685,Standard,—,,1417,5,1,jd,,Dongguan Lianxin Computer Parts,no,"Qalab dhismo, korontada iyo amniga."
GRS-BLD-10686,BLD,Hikvision,DS-7208 NVR,HIK-DS-7208-NVR-10686,Standard,—,,1542,5,1,jd,,Dongguan Lianxin Computer Parts,no,"Qalab dhismo, korontada iyo amniga."
GRS-BLD-10687,BLD,Hikvision,DS-K1T fingerprint terminal,HIK-DS-K1T-FINGERPRI-10687,Standard,—,,1675,5,1,jd,,Dongguan Lianxin Computer Parts,no,"Qalab dhismo, korontada iyo amniga."
GRS-BLD-10688,BLD,Dahua,4-camera CCTV kit,DAH-4-CAMERA-CCTV-KI-10688,Standard,—,,740,5,1,jd,,Dongguan Lianxin Computer Parts,no,"Qalab dhismo, korontada iyo amniga."
GRS-BLD-10689,BLD,Dahua,8-camera CCTV kit,DAH-8-CAMERA-CCTV-KI-10689,Standard,—,,838,5,1,jd,,Dongguan Lianxin Computer Parts,no,"Qalab dhismo, korontada iyo amniga."
GRS-BLD-10690,BLD,Dahua,IPC 2MP dome,DAH-IPC-2MP-DOME-10690,Standard,—,,998,5,1,jd,,Dongguan Lianxin Computer Parts,no,"Qalab dhismo, korontada iyo amniga."
GRS-BLD-10691,BLD,Dahua,IPC 4MP bullet,DAH-IPC-4MP-BULLET-10691,Standard,—,,1150,5,1,jd,,Dongguan Lianxin Computer Parts,no,"Qalab dhismo, korontada iyo amniga."
GRS-BLD-10692,BLD,Dahua,XVR 4-ch,DAH-XVR-4-CH-10692,Standard,—,,1236,5,1,jd,,Dongguan Lianxin Computer Parts,no,"Qalab dhismo, korontada iyo amniga."
GRS-BLD-10693,BLD,Dahua,XVR 8-ch,DAH-XVR-8-CH-10693,Standard,—,,1404,5,1,jd,,Dongguan Lianxin Computer Parts,no,"Qalab dhismo, korontada iyo amniga."
GRS-BLD-10694,BLD,Dahua,NVR 8-ch,DAH-NVR-8-CH-10694,Standard,—,,1481,5,1,jd,,Dongguan Lianxin Computer Parts,no,"Qalab dhismo, korontada iyo amniga."
GRS-BLD-10695,BLD,Dahua,Video doorbell,DAH-VIDEO-DOORBELL-10695,Standard,—,,1528,5,1,jd,,Dongguan Lianxin Computer Parts,no,"Qalab dhismo, korontada iyo amniga."
GRS-BLD-10696,BLD,Bosch,GSB 550 drill,BOS-GSB-550-DRILL-10696,Standard,—,,516,3,1,jd,,Dongguan Lianxin Computer Parts,no,"Qalab dhismo, korontada iyo amniga."
GRS-BLD-10697,BLD,Bosch,GSB 13 RE drill,BOS-GSB-13-RE-DRILL-10697,Standard,—,,607,3,1,jd,,Dongguan Lianxin Computer Parts,no,"Qalab dhismo, korontada iyo amniga."
GRS-BLD-10698,BLD,Bosch,GWS 750 grinder,BOS-GWS-750-GRINDER-10698,Standard,—,,643,3,1,jd,,Dongguan Lianxin Computer Parts,no,"Qalab dhismo, korontada iyo amniga."
GRS-BLD-10699,BLD,Bosch,GWS 900 grinder,BOS-GWS-900-GRINDER-10699,Standard,—,,698,3,1,jd,,Dongguan Lianxin Computer Parts,no,"Qalab dhismo, korontada iyo amniga."
GRS-BLD-10700,BLD,Bosch,GBH 2-26 rotary hammer,BOS-GBH-2-26-ROTARY--10700,Standard,—,,822,3,1,jd,,Dongguan Lianxin Computer Parts,no,"Qalab dhismo, korontada iyo amniga."
GRS-BLD-10701,BLD,Bosch,GKS 600 saw,BOS-GKS-600-SAW-10701,Standard,—,,905,3,1,jd,,Dongguan Lianxin Computer Parts,no,"Qalab dhismo, korontada iyo amniga."
GRS-BLD-10702,BLD,Bosch,GST 65 jigsaw,BOS-GST-65-JIGSAW-10702,Standard,—,,988,3,1,jd,,Dongguan Lianxin Computer Parts,no,"Qalab dhismo, korontada iyo amniga."
GRS-BLD-10703,BLD,Bosch,Tool set 100pc,BOS-TOOL-SET-100PC-10703,Standard,—,,1119,3,1,jd,,Dongguan Lianxin Computer Parts,no,"Qalab dhismo, korontada iyo amniga."
GRS-BLD-10704,BLD,Makita,HP1630 drill,MAK-HP1630-DRILL-10704,Standard,—,,662,3,1,jd,,Dongguan Lianxin Computer Parts,no,"Qalab dhismo, korontada iyo amniga."
GRS-BLD-10705,BLD,Makita,HR2470 rotary hammer,MAK-HR2470-ROTARY-HA-10705,Standard,—,,782,3,1,jd,,Dongguan Lianxin Computer Parts,no,"Qalab dhismo, korontada iyo amniga."
GRS-BLD-10706,BLD,Makita,9553NB grinder,MAK-9553NB-GRINDER-10706,Standard,—,,813,3,1,jd,,Dongguan Lianxin Computer Parts,no,"Qalab dhismo, korontada iyo amniga."
GRS-BLD-10707,BLD,Makita,5008MG circular saw,MAK-5008MG-CIRCULAR--10707,Standard,—,,967,3,1,jd,,Dongguan Lianxin Computer Parts,no,"Qalab dhismo, korontada iyo amniga."
GRS-BLD-10708,BLD,Makita,DDF485 cordless drill,MAK-DDF485-CORDLESS--10708,Standard,—,,1103,3,1,jd,,Dongguan Lianxin Computer Parts,no,"Qalab dhismo, korontada iyo amniga."
GRS-BLD-10709,BLD,Makita,DTD152 impact driver,MAK-DTD152-IMPACT-DR-10709,Standard,—,,1112,3,1,jd,,Dongguan Lianxin Computer Parts,no,"Qalab dhismo, korontada iyo amniga."
GRS-BLD-10710,BLD,Makita,Angle grinder 125mm,MAK-ANGLE-GRINDER-12-10710,Standard,—,,1210,3,1,jd,,Dongguan Lianxin Computer Parts,no,"Qalab dhismo, korontada iyo amniga."
GRS-BLD-10711,BLD,Makita,Battery 18V 5Ah,MAK-BATTERY-18V-5AH-10711,Standard,—,,1417,3,1,jd,,Dongguan Lianxin Computer Parts,no,"Qalab dhismo, korontada iyo amniga."
GRS-BLD-10712,BLD,Generic,Electrical — Cable 2.5mm² 100m,GEN-CABLE-2-5MM-100M-10712,Standard,—,,47,4,5,1688,,Dongguan Lianxin Computer Parts,no,"Qalab dhismo, korontada iyo amniga."
GRS-BLD-10713,BLD,Generic,Electrical — Cable 4mm² 100m,GEN-CABLE-4MM-100M-10713,Standard,—,,50,4,5,1688,,Dongguan Lianxin Computer Parts,no,"Qalab dhismo, korontada iyo amniga."
GRS-BLD-10714,BLD,Generic,Electrical — Cable 6mm² 100m,GEN-CABLE-6MM-100M-10714,Standard,—,,60,4,5,1688,,Dongguan Lianxin Computer Parts,no,"Qalab dhismo, korontada iyo amniga."
GRS-BLD-10715,BLD,Generic,Electrical — Breaker 16A,GEN-BREAKER-16A-10715,Standard,—,,64,4,5,1688,,Dongguan Lianxin Computer Parts,no,"Qalab dhismo, korontada iyo amniga."
GRS-BLD-10716,BLD,Generic,Electrical — Breaker 32A,GEN-BREAKER-32A-10716,Standard,—,,76,4,5,1688,,Dongguan Lianxin Computer Parts,no,"Qalab dhismo, korontada iyo amniga."
GRS-BLD-10717,BLD,Generic,Electrical — Distribution board 12-way,GEN-DISTRIBUTION-BOA-10717,Standard,—,,82,4,5,1688,,Dongguan Lianxin Computer Parts,no,"Qalab dhismo, korontada iyo amniga."
GRS-BLD-10718,BLD,Generic,Electrical — Sockets (pack 10),GEN-SOCKETS-PACK-10-10718,Standard,—,,86,4,5,1688,,Dongguan Lianxin Computer Parts,no,"Qalab dhismo, korontada iyo amniga."
GRS-BLD-10719,BLD,Generic,Electrical — Switches (pack 10),GEN-SWITCHES-PACK-10-10719,Standard,—,,92,4,5,1688,,Dongguan Lianxin Computer Parts,no,"Qalab dhismo, korontada iyo amniga."
GRS-BLD-10720,BLD,Generic,Electrical — Conduit 20mm (pack 20),GEN-CONDUIT-20MM-PAC-10720,Standard,—,,106,4,5,1688,,Dongguan Lianxin Computer Parts,no,"Qalab dhismo, korontada iyo amniga."
GRS-BLD-10721,BLD,Generic,Electrical — Extension cord 10m,GEN-EXTENSION-CORD-1-10721,Standard,—,,110,4,5,1688,,Dongguan Lianxin Computer Parts,no,"Qalab dhismo, korontada iyo amniga."
GRS-BLD-10722,BLD,Generic,"Plumbing — PVC pipe 2"" (pack 10)",GEN-PVC-PIPE-2-PACK--10722,Standard,—,,62,5,5,1688,,Dongguan Lianxin Computer Parts,no,"Qalab dhismo, korontada iyo amniga."
GRS-BLD-10723,BLD,Generic,"Plumbing — PVC pipe 4"" (pack 10)",GEN-PVC-PIPE-4-PACK--10723,Standard,—,,69,5,5,1688,,Dongguan Lianxin Computer Parts,no,"Qalab dhismo, korontada iyo amniga."
GRS-BLD-10724,BLD,Generic,Plumbing — PPR pipe 25mm (pack 20),GEN-PPR-PIPE-25MM-PA-10724,Standard,—,,78,5,5,1688,,Dongguan Lianxin Computer Parts,no,"Qalab dhismo, korontada iyo amniga."
GRS-BLD-10725,BLD,Generic,Plumbing — Taps (pack 10),GEN-TAPS-PACK-10-10725,Standard,—,,94,5,5,1688,,Dongguan Lianxin Computer Parts,no,"Qalab dhismo, korontada iyo amniga."
GRS-BLD-10726,BLD,Generic,Plumbing — Toilet set,GEN-TOILET-SET-10726,Standard,—,,100,5,5,1688,,Dongguan Lianxin Computer Parts,no,"Qalab dhismo, korontada iyo amniga."
GRS-BLD-10727,BLD,Generic,Plumbing — Wash basin set,GEN-WASH-BASIN-SET-10727,Standard,—,,108,5,5,1688,,Dongguan Lianxin Computer Parts,no,"Qalab dhismo, korontada iyo amniga."
GRS-BLD-10728,BLD,Generic,Plumbing — Shower mixer,GEN-SHOWER-MIXER-10728,Standard,—,,118,5,5,1688,,Dongguan Lianxin Computer Parts,no,"Qalab dhismo, korontada iyo amniga."
GRS-BLD-10729,BLD,Generic,Plumbing — Water pump 0.5HP,GEN-WATER-PUMP-0-5HP-10729,Standard,—,,131,5,5,1688,,Dongguan Lianxin Computer Parts,no,"Qalab dhismo, korontada iyo amniga."
GRS-BLD-10730,BLD,Generic,Plumbing — Water pump 1HP,GEN-WATER-PUMP-1HP-10730,Standard,—,,140,5,5,1688,,Dongguan Lianxin Computer Parts,no,"Qalab dhismo, korontada iyo amniga."
GRS-BLD-10731,BLD,Generic,Plumbing — Float valve (pack 10),GEN-FLOAT-VALVE-PACK-10731,Standard,—,,154,5,5,1688,,Dongguan Lianxin Computer Parts,no,"Qalab dhismo, korontada iyo amniga."
GRS-BLD-10732,BLD,Generic,Building material — Roofing sheet 0.4mm (bundle),GEN-ROOFING-SHEET-0--10732,Standard,—,,119,20,5,1688,,Dongguan Lianxin Computer Parts,no,"Qalab dhismo, korontada iyo amniga."
GRS-BLD-10733,BLD,Generic,Building material — Galvanised pipe 6m (bundle),GEN-GALVANISED-PIPE--10733,Standard,—,,145,20,5,1688,,Dongguan Lianxin Computer Parts,no,"Qalab dhismo, korontada iyo amniga."
GRS-BLD-10734,BLD,Generic,Building material — Steel bar 12mm (ton),GEN-STEEL-BAR-12MM-T-10734,Standard,—,,162,20,5,1688,,Dongguan Lianxin Computer Parts,no,"Qalab dhismo, korontada iyo amniga."
GRS-BLD-10735,BLD,Generic,Building material — Steel bar 16mm (ton),GEN-STEEL-BAR-16MM-T-10735,Standard,—,,185,20,5,1688,,Dongguan Lianxin Computer Parts,no,"Qalab dhismo, korontada iyo amniga."
GRS-BLD-10736,BLD,Generic,Building material — Wire mesh roll,GEN-WIRE-MESH-ROLL-10736,Standard,—,,204,20,5,1688,,Dongguan Lianxin Computer Parts,no,"Qalab dhismo, korontada iyo amniga."
GRS-BLD-10737,BLD,Generic,Building material — Tile 60x60 (box),GEN-TILE-60X60-BOX-10737,Standard,—,,225,20,5,1688,,Dongguan Lianxin Computer Parts,no,"Qalab dhismo, korontada iyo amniga."
GRS-BLD-10738,BLD,Generic,Building material — Wall paint 20L,GEN-WALL-PAINT-20L-10738,Standard,—,,246,20,5,1688,,Dongguan Lianxin Computer Parts,no,"Qalab dhismo, korontada iyo amniga."
GRS-BLD-10739,BLD,Generic,Building material — Floor tile adhesive (bag 20),GEN-FLOOR-TILE-ADHES-10739,Standard,—,,268,20,5,1688,,Dongguan Lianxin Computer Parts,no,"Qalab dhismo, korontada iyo amniga."
GRS-BLD-10740,BLD,Generic,Building material — Door steel 90x200,GEN-DOOR-STEEL-90X20-10740,Standard,—,,278,20,5,1688,,Dongguan Lianxin Computer Parts,no,"Qalab dhismo, korontada iyo amniga."
GRS-BLD-10741,BLD,Generic,Building material — Window aluminium,GEN-WINDOW-ALUMINIUM-10741,Standard,—,,294,20,5,1688,,Dongguan Lianxin Computer Parts,no,"Qalab dhismo, korontada iyo amniga."
GRS-BLD-10742,BLD,Generic,Security / access — Padlock heavy (pack 10),GEN-PADLOCK-HEAVY-PA-10742,Standard,—,,133,3,2,1688,,Dongguan Lianxin Computer Parts,no,"Qalab dhismo, korontada iyo amniga."
GRS-BLD-10743,BLD,Generic,Security / access — Door lock set,GEN-DOOR-LOCK-SET-10743,Standard,—,,156,3,2,1688,,Dongguan Lianxin Computer Parts,no,"Qalab dhismo, korontada iyo amniga."
GRS-BLD-10744,BLD,Generic,Security / access — Electric fence energiser,GEN-ELECTRIC-FENCE-E-10744,Standard,—,,170,3,2,1688,,Dongguan Lianxin Computer Parts,no,"Qalab dhismo, korontada iyo amniga."
GRS-BLD-10745,BLD,Generic,Security / access — Razor wire 50m,GEN-RAZOR-WIRE-50M-10745,Standard,—,,191,3,2,1688,,Dongguan Lianxin Computer Parts,no,"Qalab dhismo, korontada iyo amniga."
GRS-BLD-10746,BLD,Generic,Security / access — Gate motor sliding,GEN-GATE-MOTOR-SLIDI-10746,Standard,—,,204,3,2,1688,,Dongguan Lianxin Computer Parts,no,"Qalab dhismo, korontada iyo amniga."
GRS-BLD-10747,BLD,Generic,Security / access — Intercom kit,GEN-INTERCOM-KIT-10747,Standard,—,,241,3,2,1688,,Dongguan Lianxin Computer Parts,no,"Qalab dhismo, korontada iyo amniga."
GRS-BLD-10748,BLD,Generic,Security / access — Metal detector,GEN-METAL-DETECTOR-10748,Standard,—,,270,3,2,1688,,Dongguan Lianxin Computer Parts,no,"Qalab dhismo, korontada iyo amniga."
GRS-BLD-10749,BLD,Generic,Security / access — Safe box 30cm,GEN-SAFE-BOX-30CM-10749,Standard,—,,271,3,2,1688,,Dongguan Lianxin Computer Parts,no,"Qalab dhismo, korontada iyo amniga."
GRS-BLD-10750,BLD,Generic,Hand tools — Toolbox 130pc,GEN-TOOLBOX-130PC-10750,Standard,—,,48,3,2,1688,,Dongguan Lianxin Computer Parts,no,"Qalab dhismo, korontada iyo amniga."
GRS-BLD-10751,BLD,Generic,Hand tools — Spanner set 24pc,GEN-SPANNER-SET-24PC-10751,Standard,—,,56,3,2,1688,,Dongguan Lianxin Computer Parts,no,"Qalab dhismo, korontada iyo amniga."
GRS-BLD-10752,BLD,Generic,Hand tools — Screwdriver set 32pc,GEN-SCREWDRIVER-SET--10752,Standard,—,,65,3,2,1688,,Dongguan Lianxin Computer Parts,no,"Qalab dhismo, korontada iyo amniga."
GRS-BLD-10753,BLD,Generic,Hand tools — Hammer set,GEN-HAMMER-SET-10753,Standard,—,,72,3,2,1688,,Dongguan Lianxin Computer Parts,no,"Qalab dhismo, korontada iyo amniga."
GRS-BLD-10754,BLD,Generic,Hand tools — Pliers set,GEN-PLIERS-SET-10754,Standard,—,,87,3,2,1688,,Dongguan Lianxin Computer Parts,no,"Qalab dhismo, korontada iyo amniga."
GRS-BLD-10755,BLD,Generic,Hand tools — Measuring tape (pack 10),GEN-MEASURING-TAPE-P-10755,Standard,—,,85,3,2,1688,,Dongguan Lianxin Computer Parts,no,"Qalab dhismo, korontada iyo amniga."
GRS-BLD-10756,BLD,Generic,Hand tools — Spirit level (pack 5),GEN-SPIRIT-LEVEL-PAC-10756,Standard,—,,96,3,2,1688,,Dongguan Lianxin Computer Parts,no,"Qalab dhismo, korontada iyo amniga."
GRS-BLD-10757,BLD,Generic,Hand tools — Wheelbarrow,GEN-WHEELBARROW-10757,Standard,—,,101,3,2,1688,,Dongguan Lianxin Computer Parts,no,"Qalab dhismo, korontada iyo amniga."
GRS-BLD-10758,BLD,Generic,Hand tools — Ladder 3m aluminium,GEN-LADDER-3M-ALUMIN-10758,Standard,—,,116,3,2,1688,,Dongguan Lianxin Computer Parts,no,"Qalab dhismo, korontada iyo amniga."
GRS-BLD-10759,BLD,Generic,Hand tools — Ladder 5m aluminium,GEN-LADDER-5M-ALUMIN-10759,Standard,—,,126,3,2,1688,,Dongguan Lianxin Computer Parts,no,"Qalab dhismo, korontada iyo amniga."
GRS-VEH-10760,VEH,Bajaj,RE brake pads,BAJ-BRAKE-PADS-10760,Standard,—,,192,3,5,1688,,Guangzhou Baiyun Home Appliance,no,Qaybo baabuur iyo bajaj oo cusub.
GRS-VEH-10761,VEH,Bajaj,RE clutch plate,BAJ-CLUTCH-PLATE-10761,Standard,—,,220,3,5,1688,,Guangzhou Baiyun Home Appliance,no,Qaybo baabuur iyo bajaj oo cusub.
GRS-VEH-10762,VEH,Bajaj,RE piston kit,BAJ-PISTON-KIT-10762,Standard,—,,263,3,5,1688,,Guangzhou Baiyun Home Appliance,no,Qaybo baabuur iyo bajaj oo cusub.
GRS-VEH-10763,VEH,Bajaj,RE spark plug (pack 10),BAJ-SPARK-PLUG-PACK--10763,Standard,—,,299,3,5,1688,,Guangzhou Baiyun Home Appliance,no,Qaybo baabuur iyo bajaj oo cusub.
GRS-VEH-10764,VEH,Bajaj,RE air filter (pack 5),BAJ-AIR-FILTER-PACK--10764,Standard,—,,344,3,5,1688,,Guangzhou Baiyun Home Appliance,no,Qaybo baabuur iyo bajaj oo cusub.
GRS-VEH-10765,VEH,Bajaj,RE oil filter (pack 5),BAJ-OIL-FILTER-PACK--10765,Standard,—,,340,3,5,1688,,Guangzhou Baiyun Home Appliance,no,Qaybo baabuur iyo bajaj oo cusub.
GRS-VEH-10766,VEH,Bajaj,RE headlight,BAJ-HEADLIGHT-10766,Standard,—,,374,3,5,1688,,Guangzhou Baiyun Home Appliance,no,Qaybo baabuur iyo bajaj oo cusub.
GRS-VEH-10767,VEH,Bajaj,RE tail light,BAJ-TAIL-LIGHT-10767,Standard,—,,408,3,5,1688,,Guangzhou Baiyun Home Appliance,no,Qaybo baabuur iyo bajaj oo cusub.
GRS-VEH-10768,VEH,Bajaj,RE side mirror,BAJ-SIDE-MIRROR-10768,Standard,—,,441,3,5,1688,,Guangzhou Baiyun Home Appliance,no,Qaybo baabuur iyo bajaj oo cusub.
GRS-VEH-10769,VEH,Bajaj,RE tyre 4.00-8,BAJ-TYRE-4-00-8-10769,Standard,—,,473,3,5,1688,,Guangzhou Baiyun Home Appliance,no,Qaybo baabuur iyo bajaj oo cusub.
GRS-VEH-10770,VEH,Bajaj,RE tube 4.00-8,BAJ-TUBE-4-00-8-10770,Standard,—,,534,3,5,1688,,Guangzhou Baiyun Home Appliance,no,Qaybo baabuur iyo bajaj oo cusub.
GRS-VEH-10771,VEH,Bajaj,RE chain set,BAJ-CHAIN-SET-10771,Standard,—,,558,3,5,1688,,Guangzhou Baiyun Home Appliance,no,Qaybo baabuur iyo bajaj oo cusub.
GRS-VEH-10772,VEH,Generic,Motorbike tyre 2.75-18,GEN-TYRE-2-75-18-10772,Standard,—,,145,3,5,1688,,Guangzhou Baiyun Home Appliance,no,Qaybo baabuur iyo bajaj oo cusub.
GRS-VEH-10773,VEH,Generic,Motorbike tyre 3.00-17,GEN-TYRE-3-00-17-10773,Standard,—,,167,3,5,1688,,Guangzhou Baiyun Home Appliance,no,Qaybo baabuur iyo bajaj oo cusub.
GRS-VEH-10774,VEH,Generic,Motorbike inner tube 2.75-18,GEN-INNER-TUBE-2-75--10774,Standard,—,,193,3,5,1688,,Guangzhou Baiyun Home Appliance,no,Qaybo baabuur iyo bajaj oo cusub.
GRS-VEH-10775,VEH,Generic,Motorbike brake pads,GEN-BRAKE-PADS-10775,Standard,—,,213,3,5,1688,,Guangzhou Baiyun Home Appliance,no,Qaybo baabuur iyo bajaj oo cusub.
GRS-VEH-10776,VEH,Generic,Motorbike chain & sprocket kit,GEN-CHAIN-SPROCKET-K-10776,Standard,—,,254,3,5,1688,,Guangzhou Baiyun Home Appliance,no,Qaybo baabuur iyo bajaj oo cusub.
GRS-VEH-10777,VEH,Generic,Motorbike spark plug (pack 10),GEN-SPARK-PLUG-PACK--10777,Standard,—,,264,3,5,1688,,Guangzhou Baiyun Home Appliance,no,Qaybo baabuur iyo bajaj oo cusub.
GRS-VEH-10778,VEH,Generic,Motorbike battery 12V 9Ah,GEN-BATTERY-12V-9AH-10778,Standard,—,,296,3,5,1688,,Guangzhou Baiyun Home Appliance,no,Qaybo baabuur iyo bajaj oo cusub.
GRS-VEH-10779,VEH,Generic,Motorbike helmet,GEN-HELMET-10779,Standard,—,,330,3,5,1688,,Guangzhou Baiyun Home Appliance,no,Qaybo baabuur iyo bajaj oo cusub.
GRS-VEH-10780,VEH,Generic,Motorbike handle grips (pack 10),GEN-HANDLE-GRIPS-PAC-10780,Standard,—,,341,3,5,1688,,Guangzhou Baiyun Home Appliance,no,Qaybo baabuur iyo bajaj oo cusub.
GRS-VEH-10781,VEH,Generic,Motorbike mirror pair,GEN-MIRROR-PAIR-10781,Standard,—,,355,3,5,1688,,Guangzhou Baiyun Home Appliance,no,Qaybo baabuur iyo bajaj oo cusub.
GRS-VEH-10782,VEH,Generic,Motorbike headlamp,GEN-HEADLAMP-10782,Standard,—,,408,3,5,1688,,Guangzhou Baiyun Home Appliance,no,Qaybo baabuur iyo bajaj oo cusub.
GRS-VEH-10783,VEH,Generic,Motorbike engine oil 1L (pack 12),GEN-ENGINE-OIL-1L-PA-10783,Standard,—,,435,3,5,1688,,Guangzhou Baiyun Home Appliance,no,Qaybo baabuur iyo bajaj oo cusub.
GRS-VEH-10784,VEH,Generic,Car battery 12V 45Ah,GEN-12V-45AH-10784,Standard,—,,540,15,1,1688,,Guangzhou Baiyun Home Appliance,no,Qaybo baabuur iyo bajaj oo cusub.
GRS-VEH-10785,VEH,Generic,Car battery 12V 60Ah,GEN-12V-60AH-10785,Standard,—,,642,15,1,1688,,Guangzhou Baiyun Home Appliance,no,Qaybo baabuur iyo bajaj oo cusub.
GRS-VEH-10786,VEH,Generic,Car battery 12V 70Ah,GEN-12V-70AH-10786,Standard,—,,766,15,1,1688,,Guangzhou Baiyun Home Appliance,no,Qaybo baabuur iyo bajaj oo cusub.
GRS-VEH-10787,VEH,Generic,Car battery 12V 100Ah,GEN-12V-100AH-10787,Standard,—,,812,15,1,1688,,Guangzhou Baiyun Home Appliance,no,Qaybo baabuur iyo bajaj oo cusub.
GRS-VEH-10788,VEH,Generic,Car battery 12V 150Ah truck,GEN-12V-150AH-TRUCK-10788,Standard,—,,872,15,1,1688,,Guangzhou Baiyun Home Appliance,no,Qaybo baabuur iyo bajaj oo cusub.
GRS-VEH-10789,VEH,Generic,Car battery 24V 200Ah truck,GEN-24V-200AH-TRUCK-10789,Standard,—,,937,15,1,1688,,Guangzhou Baiyun Home Appliance,no,Qaybo baabuur iyo bajaj oo cusub.
GRS-VEH-10790,VEH,Michelin,Tyre 165/70R13,MIC-165-70R13-10790,Standard,—,,527,9,1,1688,,Guangzhou Baiyun Home Appliance,no,Qaybo baabuur iyo bajaj oo cusub.
GRS-VEH-10791,VEH,Michelin,Tyre 175/70R13,MIC-175-70R13-10791,Standard,—,,601,9,1,1688,,Guangzhou Baiyun Home Appliance,no,Qaybo baabuur iyo bajaj oo cusub.
GRS-VEH-10792,VEH,Michelin,Tyre 185/65R15,MIC-185-65R15-10792,Standard,—,,651,9,1,1688,,Guangzhou Baiyun Home Appliance,no,Qaybo baabuur iyo bajaj oo cusub.
GRS-VEH-10793,VEH,Michelin,Tyre 195/65R15,MIC-195-65R15-10793,Standard,—,,742,9,1,1688,,Guangzhou Baiyun Home Appliance,no,Qaybo baabuur iyo bajaj oo cusub.
GRS-VEH-10794,VEH,Michelin,Tyre 205/55R16,MIC-205-55R16-10794,Standard,—,,822,9,1,1688,,Guangzhou Baiyun Home Appliance,no,Qaybo baabuur iyo bajaj oo cusub.
GRS-VEH-10795,VEH,Michelin,Tyre 215/65R16,MIC-215-65R16-10795,Standard,—,,876,9,1,1688,,Guangzhou Baiyun Home Appliance,no,Qaybo baabuur iyo bajaj oo cusub.
GRS-VEH-10796,VEH,Michelin,Tyre 235/65R17,MIC-235-65R17-10796,Standard,—,,1038,9,1,1688,,Guangzhou Baiyun Home Appliance,no,Qaybo baabuur iyo bajaj oo cusub.
GRS-VEH-10797,VEH,Michelin,Tyre 265/70R16 SUV,MIC-265-70R16-SUV-10797,Standard,—,,1080,9,1,1688,,Guangzhou Baiyun Home Appliance,no,Qaybo baabuur iyo bajaj oo cusub.
GRS-VEH-10798,VEH,Michelin,Tyre 7.50R16 truck,MIC-7-50R16-TRUCK-10798,Standard,—,,1104,9,1,1688,,Guangzhou Baiyun Home Appliance,no,Qaybo baabuur iyo bajaj oo cusub.
GRS-VEH-10799,VEH,Michelin,Tyre 11R22.5 truck,MIC-11R22-5-TRUCK-10799,Standard,—,,1148,9,1,1688,,Guangzhou Baiyun Home Appliance,no,Qaybo baabuur iyo bajaj oo cusub.
GRS-VEH-10800,VEH,Generic,Car accessories — Seat covers set,GEN-SEAT-COVERS-SET-10800,Standard,—,,80,2,5,1688,,Guangzhou Baiyun Home Appliance,no,Qaybo baabuur iyo bajaj oo cusub.
GRS-VEH-10801,VEH,Generic,Car accessories — Car floor mats,GEN-CAR-FLOOR-MATS-10801,Standard,—,,91,2,5,1688,,Guangzhou Baiyun Home Appliance,no,Qaybo baabuur iyo bajaj oo cusub.
GRS-VEH-10802,VEH,Generic,Car accessories — Jump starter 12V,GEN-JUMP-STARTER-12V-10802,Standard,—,,109,2,5,1688,,Guangzhou Baiyun Home Appliance,no,Qaybo baabuur iyo bajaj oo cusub.
GRS-VEH-10803,VEH,Generic,Car accessories — Tyre inflator,GEN-TYRE-INFLATOR-10803,Standard,—,,121,2,5,1688,,Guangzhou Baiyun Home Appliance,no,Qaybo baabuur iyo bajaj oo cusub.
GRS-VEH-10804,VEH,Generic,Car accessories — Dash camera,GEN-DASH-CAMERA-10804,Standard,—,,133,2,5,1688,,Guangzhou Baiyun Home Appliance,no,Qaybo baabuur iyo bajaj oo cusub.
GRS-VEH-10805,VEH,Generic,Car accessories — Car vacuum,GEN-CAR-VACUUM-10805,Standard,—,,138,2,5,1688,,Guangzhou Baiyun Home Appliance,no,Qaybo baabuur iyo bajaj oo cusub.
GRS-VEH-10806,VEH,Generic,Car accessories — Steering cover (pack 5),GEN-STEERING-COVER-P-10806,Standard,—,,150,2,5,1688,,Guangzhou Baiyun Home Appliance,no,Qaybo baabuur iyo bajaj oo cusub.
GRS-VEH-10807,VEH,Generic,Car accessories — Tow rope,GEN-TOW-ROPE-10807,Standard,—,,166,2,5,1688,,Guangzhou Baiyun Home Appliance,no,Qaybo baabuur iyo bajaj oo cusub.
GRS-VEH-10808,VEH,Generic,Car accessories — Fire extinguisher (pack 5),GEN-FIRE-EXTINGUISHE-10808,Standard,—,,177,2,5,1688,,Guangzhou Baiyun Home Appliance,no,Qaybo baabuur iyo bajaj oo cusub.
GRS-VEH-10809,VEH,Generic,Car accessories — First-aid kit,GEN-FIRST-AID-KIT-10809,Standard,—,,204,2,5,1688,,Guangzhou Baiyun Home Appliance,no,Qaybo baabuur iyo bajaj oo cusub.
GRS-VEH-10810,VEH,Generic,Toyota parts — Vitz brake pads,GEN-VITZ-BRAKE-PADS-10810,Standard,—,,301,5,2,1688,,Guangzhou Baiyun Home Appliance,no,Qaybo baabuur iyo bajaj oo cusub.
GRS-VEH-10811,VEH,Generic,Toyota parts — Vitz shock absorbers (pair),GEN-VITZ-SHOCK-ABSOR-10811,Standard,—,,354,5,2,1688,,Guangzhou Baiyun Home Appliance,no,Qaybo baabuur iyo bajaj oo cusub.
GRS-VEH-10812,VEH,Generic,Toyota parts — Corolla brake pads,GEN-COROLLA-BRAKE-PA-10812,Standard,—,,419,5,2,1688,,Guangzhou Baiyun Home Appliance,no,Qaybo baabuur iyo bajaj oo cusub.
GRS-VEH-10813,VEH,Generic,Toyota parts — Corolla shock absorbers (pair),GEN-COROLLA-SHOCK-AB-10813,Standard,—,,432,5,2,1688,,Guangzhou Baiyun Home Appliance,no,Qaybo baabuur iyo bajaj oo cusub.
GRS-VEH-10814,VEH,Generic,Toyota parts — Hilux clutch kit,GEN-HILUX-CLUTCH-KIT-10814,Standard,—,,494,5,2,1688,,Guangzhou Baiyun Home Appliance,no,Qaybo baabuur iyo bajaj oo cusub.
GRS-VEH-10815,VEH,Generic,Toyota parts — Hilux shock absorbers (pair),GEN-HILUX-SHOCK-ABSO-10815,Standard,—,,517,5,2,1688,,Guangzhou Baiyun Home Appliance,no,Qaybo baabuur iyo bajaj oo cusub.
GRS-VEH-10816,VEH,Generic,Toyota parts — Land Cruiser fuel filter,GEN-LAND-CRUISER-FUE-10816,Standard,—,,607,5,2,1688,,Guangzhou Baiyun Home Appliance,no,Qaybo baabuur iyo bajaj oo cusub.
GRS-VEH-10817,VEH,Generic,Toyota parts — Prado shock absorbers (pair),GEN-PRADO-SHOCK-ABSO-10817,Standard,—,,598,5,2,1688,,Guangzhou Baiyun Home Appliance,no,Qaybo baabuur iyo bajaj oo cusub.
GRS-VEH-10818,VEH,Generic,Toyota parts — Oil filter (pack 10),GEN-OIL-FILTER-PACK--10818,Standard,—,,710,5,2,1688,,Guangzhou Baiyun Home Appliance,no,Qaybo baabuur iyo bajaj oo cusub.
GRS-VEH-10819,VEH,Generic,Toyota parts — Air filter (pack 5),GEN-AIR-FILTER-PACK--10819,Standard,—,,762,5,2,1688,,Guangzhou Baiyun Home Appliance,no,Qaybo baabuur iyo bajaj oo cusub.
GRS-ELC-10820,ELC,JBL,Tune 230NC,JBL-TUNE-230NC-10820,Standard,White,#F3F1EC,364,0.6,1,jd,,Shenzhen Huaqiang Mobile Trading,no,"Qalab elektaroonik cusub, tayo la hubiyay."
GRS-ELC-10820,ELC,JBL,Tune 230NC,JBL-TUNE-230NC-10820,Standard,Black,#26262A,364,0.6,1,jd,,Shenzhen Huaqiang Mobile Trading,no,"Qalab elektaroonik cusub, tayo la hubiyay."
GRS-ELC-10820,ELC,JBL,Tune 230NC,JBL-TUNE-230NC-10820,Standard,Silver,#C4C7CC,364,0.6,1,jd,,Shenzhen Huaqiang Mobile Trading,no,"Qalab elektaroonik cusub, tayo la hubiyay."
GRS-ELC-10821,ELC,JBL,Tune 520BT,JBL-TUNE-520BT-10821,Standard,White,#F3F1EC,386,0.6,1,jd,,Shenzhen Huaqiang Mobile Trading,no,"Qalab elektaroonik cusub, tayo la hubiyay."
GRS-ELC-10821,ELC,JBL,Tune 520BT,JBL-TUNE-520BT-10821,Standard,Black,#26262A,386,0.6,1,jd,,Shenzhen Huaqiang Mobile Trading,no,"Qalab elektaroonik cusub, tayo la hubiyay."
GRS-ELC-10821,ELC,JBL,Tune 520BT,JBL-TUNE-520BT-10821,Standard,Silver,#C4C7CC,386,0.6,1,jd,,Shenzhen Huaqiang Mobile Trading,no,"Qalab elektaroonik cusub, tayo la hubiyay."
GRS-ELC-10822,ELC,JBL,Go 3,JBL-GO-3-10822,Standard,White,#F3F1EC,449,0.6,1,jd,,Shenzhen Huaqiang Mobile Trading,no,"Qalab elektaroonik cusub, tayo la hubiyay."
GRS-ELC-10822,ELC,JBL,Go 3,JBL-GO-3-10822,Standard,Black,#26262A,449,0.6,1,jd,,Shenzhen Huaqiang Mobile Trading,no,"Qalab elektaroonik cusub, tayo la hubiyay."
GRS-ELC-10822,ELC,JBL,Go 3,JBL-GO-3-10822,Standard,Silver,#C4C7CC,449,0.6,1,jd,,Shenzhen Huaqiang Mobile Trading,no,"Qalab elektaroonik cusub, tayo la hubiyay."
GRS-ELC-10823,ELC,JBL,Flip 6,JBL-FLIP-6-10823,Standard,White,#F3F1EC,531,0.6,1,jd,,Shenzhen Huaqiang Mobile Trading,no,"Qalab elektaroonik cusub, tayo la hubiyay."
GRS-ELC-10823,ELC,JBL,Flip 6,JBL-FLIP-6-10823,Standard,Black,#26262A,531,0.6,1,jd,,Shenzhen Huaqiang Mobile Trading,no,"Qalab elektaroonik cusub, tayo la hubiyay."
GRS-ELC-10823,ELC,JBL,Flip 6,JBL-FLIP-6-10823,Standard,Silver,#C4C7CC,531,0.6,1,jd,,Shenzhen Huaqiang Mobile Trading,no,"Qalab elektaroonik cusub, tayo la hubiyay."
GRS-ELC-10824,ELC,JBL,Charge 5,JBL-CHARGE-5-10824,Standard,White,#F3F1EC,546,0.6,1,jd,,Shenzhen Huaqiang Mobile Trading,no,"Qalab elektaroonik cusub, tayo la hubiyay."
GRS-ELC-10824,ELC,JBL,Charge 5,JBL-CHARGE-5-10824,Standard,Black,#26262A,546,0.6,1,jd,,Shenzhen Huaqiang Mobile Trading,no,"Qalab elektaroonik cusub, tayo la hubiyay."
GRS-ELC-10824,ELC,JBL,Charge 5,JBL-CHARGE-5-10824,Standard,Silver,#C4C7CC,546,0.6,1,jd,,Shenzhen Huaqiang Mobile Trading,no,"Qalab elektaroonik cusub, tayo la hubiyay."
GRS-ELC-10825,ELC,JBL,Clip 5,JBL-CLIP-5-10825,Standard,White,#F3F1EC,628,0.6,1,jd,,Shenzhen Huaqiang Mobile Trading,no,"Qalab elektaroonik cusub, tayo la hubiyay."
GRS-ELC-10825,ELC,JBL,Clip 5,JBL-CLIP-5-10825,Standard,Black,#26262A,628,0.6,1,jd,,Shenzhen Huaqiang Mobile Trading,no,"Qalab elektaroonik cusub, tayo la hubiyay."
GRS-ELC-10825,ELC,JBL,Clip 5,JBL-CLIP-5-10825,Standard,Silver,#C4C7CC,628,0.6,1,jd,,Shenzhen Huaqiang Mobile Trading,no,"Qalab elektaroonik cusub, tayo la hubiyay."
GRS-ELC-10826,ELC,JBL,Boombox 3,JBL-BOOMBOX-3-10826,Standard,White,#F3F1EC,683,0.6,1,jd,,Shenzhen Huaqiang Mobile Trading,no,"Qalab elektaroonik cusub, tayo la hubiyay."
GRS-ELC-10826,ELC,JBL,Boombox 3,JBL-BOOMBOX-3-10826,Standard,Black,#26262A,683,0.6,1,jd,,Shenzhen Huaqiang Mobile Trading,no,"Qalab elektaroonik cusub, tayo la hubiyay."
GRS-ELC-10826,ELC,JBL,Boombox 3,JBL-BOOMBOX-3-10826,Standard,Silver,#C4C7CC,683,0.6,1,jd,,Shenzhen Huaqiang Mobile Trading,no,"Qalab elektaroonik cusub, tayo la hubiyay."
GRS-ELC-10827,ELC,JBL,PartyBox 110,JBL-PARTYBOX-110-10827,Standard,White,#F3F1EC,783,0.6,1,jd,,Shenzhen Huaqiang Mobile Trading,no,"Qalab elektaroonik cusub, tayo la hubiyay."
GRS-ELC-10827,ELC,JBL,PartyBox 110,JBL-PARTYBOX-110-10827,Standard,Black,#26262A,783,0.6,1,jd,,Shenzhen Huaqiang Mobile Trading,no,"Qalab elektaroonik cusub, tayo la hubiyay."
GRS-ELC-10827,ELC,JBL,PartyBox 110,JBL-PARTYBOX-110-10827,Standard,Silver,#C4C7CC,783,0.6,1,jd,,Shenzhen Huaqiang Mobile Trading,no,"Qalab elektaroonik cusub, tayo la hubiyay."
GRS-ELC-10828,ELC,Anker,Soundcore Q30,ANK-Q30-10828,Standard,White,#F3F1EC,303,0.5,1,jd,,Shenzhen Huaqiang Mobile Trading,no,"Qalab elektaroonik cusub, tayo la hubiyay."
GRS-ELC-10828,ELC,Anker,Soundcore Q30,ANK-Q30-10828,Standard,Black,#26262A,303,0.5,1,jd,,Shenzhen Huaqiang Mobile Trading,no,"Qalab elektaroonik cusub, tayo la hubiyay."
GRS-ELC-10828,ELC,Anker,Soundcore Q30,ANK-Q30-10828,Standard,Silver,#C4C7CC,303,0.5,1,jd,,Shenzhen Huaqiang Mobile Trading,no,"Qalab elektaroonik cusub, tayo la hubiyay."
GRS-ELC-10829,ELC,Anker,Soundcore Q20i,ANK-Q20I-10829,Standard,White,#F3F1EC,363,0.5,1,jd,,Shenzhen Huaqiang Mobile Trading,no,"Qalab elektaroonik cusub, tayo la hubiyay."
GRS-ELC-10829,ELC,Anker,Soundcore Q20i,ANK-Q20I-10829,Standard,Black,#26262A,363,0.5,1,jd,,Shenzhen Huaqiang Mobile Trading,no,"Qalab elektaroonik cusub, tayo la hubiyay."
GRS-ELC-10829,ELC,Anker,Soundcore Q20i,ANK-Q20I-10829,Standard,Silver,#C4C7CC,363,0.5,1,jd,,Shenzhen Huaqiang Mobile Trading,no,"Qalab elektaroonik cusub, tayo la hubiyay."
GRS-ELC-10830,ELC,Anker,Soundcore P30i,ANK-P30I-10830,Standard,White,#F3F1EC,387,0.5,1,jd,,Shenzhen Huaqiang Mobile Trading,no,"Qalab elektaroonik cusub, tayo la hubiyay."
GRS-ELC-10830,ELC,Anker,Soundcore P30i,ANK-P30I-10830,Standard,Black,#26262A,387,0.5,1,jd,,Shenzhen Huaqiang Mobile Trading,no,"Qalab elektaroonik cusub, tayo la hubiyay."
GRS-ELC-10830,ELC,Anker,Soundcore P30i,ANK-P30I-10830,Standard,Silver,#C4C7CC,387,0.5,1,jd,,Shenzhen Huaqiang Mobile Trading,no,"Qalab elektaroonik cusub, tayo la hubiyay."
GRS-ELC-10831,ELC,Anker,Soundcore R50i,ANK-R50I-10831,Standard,White,#F3F1EC,459,0.5,1,jd,,Shenzhen Huaqiang Mobile Trading,no,"Qalab elektaroonik cusub, tayo la hubiyay."
GRS-ELC-10831,ELC,Anker,Soundcore R50i,ANK-R50I-10831,Standard,Black,#26262A,459,0.5,1,jd,,Shenzhen Huaqiang Mobile Trading,no,"Qalab elektaroonik cusub, tayo la hubiyay."
GRS-ELC-10831,ELC,Anker,Soundcore R50i,ANK-R50I-10831,Standard,Silver,#C4C7CC,459,0.5,1,jd,,Shenzhen Huaqiang Mobile Trading,no,"Qalab elektaroonik cusub, tayo la hubiyay."
GRS-ELC-10832,ELC,Anker,Soundcore Life Note,ANK-LIFE-NOTE-10832,Standard,White,#F3F1EC,487,0.5,1,jd,,Shenzhen Huaqiang Mobile Trading,no,"Qalab elektaroonik cusub, tayo la hubiyay."
GRS-ELC-10832,ELC,Anker,Soundcore Life Note,ANK-LIFE-NOTE-10832,Standard,Black,#26262A,487,0.5,1,jd,,Shenzhen Huaqiang Mobile Trading,no,"Qalab elektaroonik cusub, tayo la hubiyay."
GRS-ELC-10832,ELC,Anker,Soundcore Life Note,ANK-LIFE-NOTE-10832,Standard,Silver,#C4C7CC,487,0.5,1,jd,,Shenzhen Huaqiang Mobile Trading,no,"Qalab elektaroonik cusub, tayo la hubiyay."
GRS-ELC-10833,ELC,Anker,Soundcore Motion 300,ANK-MOTION-300-10833,Standard,White,#F3F1EC,567,0.5,1,jd,,Shenzhen Huaqiang Mobile Trading,no,"Qalab elektaroonik cusub, tayo la hubiyay."
GRS-ELC-10833,ELC,Anker,Soundcore Motion 300,ANK-MOTION-300-10833,Standard,Black,#26262A,567,0.5,1,jd,,Shenzhen Huaqiang Mobile Trading,no,"Qalab elektaroonik cusub, tayo la hubiyay."
GRS-ELC-10833,ELC,Anker,Soundcore Motion 300,ANK-MOTION-300-10833,Standard,Silver,#C4C7CC,567,0.5,1,jd,,Shenzhen Huaqiang Mobile Trading,no,"Qalab elektaroonik cusub, tayo la hubiyay."
GRS-ELC-10834,ELC,Anker,Soundcore Boom 2,ANK-BOOM-2-10834,Standard,White,#F3F1EC,559,0.5,1,jd,,Shenzhen Huaqiang Mobile Trading,no,"Qalab elektaroonik cusub, tayo la hubiyay."
GRS-ELC-10834,ELC,Anker,Soundcore Boom 2,ANK-BOOM-2-10834,Standard,Black,#26262A,559,0.5,1,jd,,Shenzhen Huaqiang Mobile Trading,no,"Qalab elektaroonik cusub, tayo la hubiyay."
GRS-ELC-10834,ELC,Anker,Soundcore Boom 2,ANK-BOOM-2-10834,Standard,Silver,#C4C7CC,559,0.5,1,jd,,Shenzhen Huaqiang Mobile Trading,no,"Qalab elektaroonik cusub, tayo la hubiyay."
GRS-ELC-10835,ELC,Anker,Soundcore Life U2,ANK-LIFE-U2-10835,Standard,White,#F3F1EC,661,0.5,1,jd,,Shenzhen Huaqiang Mobile Trading,no,"Qalab elektaroonik cusub, tayo la hubiyay."
GRS-ELC-10835,ELC,Anker,Soundcore Life U2,ANK-LIFE-U2-10835,Standard,Black,#26262A,661,0.5,1,jd,,Shenzhen Huaqiang Mobile Trading,no,"Qalab elektaroonik cusub, tayo la hubiyay."
GRS-ELC-10835,ELC,Anker,Soundcore Life U2,ANK-LIFE-U2-10835,Standard,Silver,#C4C7CC,661,0.5,1,jd,,Shenzhen Huaqiang Mobile Trading,no,"Qalab elektaroonik cusub, tayo la hubiyay."
GRS-ELC-10836,ELC,Xiaomi,TV Box S,XIA-TV-BOX-S-10836,Standard,—,,193,0.8,1,jd,,Shenzhen Huaqiang Mobile Trading,no,"Qalab elektaroonik cusub, tayo la hubiyay."
GRS-ELC-10837,ELC,Xiaomi,TV Stick 4K,XIA-TV-STICK-4K-10837,Standard,—,,233,0.8,1,jd,,Shenzhen Huaqiang Mobile Trading,no,"Qalab elektaroonik cusub, tayo la hubiyay."
GRS-ELC-10838,ELC,Xiaomi,Smart Camera C300,XIA-SMART-CAMERA-C30-10838,Standard,—,,265,0.8,1,jd,,Shenzhen Huaqiang Mobile Trading,no,"Qalab elektaroonik cusub, tayo la hubiyay."
GRS-ELC-10839,ELC,Xiaomi,Smart Camera 2K,XIA-SMART-CAMERA-2K-10839,Standard,—,,284,0.8,1,jd,,Shenzhen Huaqiang Mobile Trading,no,"Qalab elektaroonik cusub, tayo la hubiyay."
GRS-ELC-10840,ELC,Xiaomi,Mi Router AX3000,XIA-MI-ROUTER-AX3000-10840,Standard,—,,341,0.8,1,jd,,Shenzhen Huaqiang Mobile Trading,no,"Qalab elektaroonik cusub, tayo la hubiyay."
GRS-ELC-10841,ELC,Xiaomi,Mi Router 4A,XIA-MI-ROUTER-4A-10841,Standard,—,,352,0.8,1,jd,,Shenzhen Huaqiang Mobile Trading,no,"Qalab elektaroonik cusub, tayo la hubiyay."
GRS-ELC-10842,ELC,Xiaomi,Electric scooter 4 Lite,XIA-ELECTRIC-SCOOTER-10842,Standard,—,,383,0.8,1,jd,,Shenzhen Huaqiang Mobile Trading,no,"Qalab elektaroonik cusub, tayo la hubiyay."
GRS-ELC-10843,ELC,Xiaomi,Air Purifier 4,XIA-AIR-PURIFIER-4-10843,Standard,—,,402,0.8,1,jd,,Shenzhen Huaqiang Mobile Trading,no,"Qalab elektaroonik cusub, tayo la hubiyay."
GRS-ELC-10844,ELC,Generic,Bluetooth speaker / audio — Home theatre 5.1,GEN-HOME-THEATRE-5-1-10844,Standard,—,,88,2,2,1688,,Shenzhen Huaqiang Mobile Trading,no,"Qalab elektaroonik cusub, tayo la hubiyay."
GRS-ELC-10845,ELC,Generic,Bluetooth speaker / audio — Soundbar 2.1,GEN-SOUNDBAR-2-1-10845,Standard,—,,104,2,2,1688,,Shenzhen Huaqiang Mobile Trading,no,"Qalab elektaroonik cusub, tayo la hubiyay."
GRS-ELC-10846,ELC,Generic,Bluetooth speaker / audio — Karaoke speaker,GEN-KARAOKE-SPEAKER-10846,Standard,—,,122,2,2,1688,,Shenzhen Huaqiang Mobile Trading,no,"Qalab elektaroonik cusub, tayo la hubiyay."
GRS-ELC-10847,ELC,Generic,"Bluetooth speaker / audio — PA speaker 12""",GEN-PA-SPEAKER-12-10847,Standard,—,,131,2,2,1688,,Shenzhen Huaqiang Mobile Trading,no,"Qalab elektaroonik cusub, tayo la hubiyay."
GRS-ELC-10848,ELC,Generic,Bluetooth speaker / audio — Microphone wireless pair,GEN-MICROPHONE-WIREL-10848,Standard,—,,151,2,2,1688,,Shenzhen Huaqiang Mobile Trading,no,"Qalab elektaroonik cusub, tayo la hubiyay."
GRS-ELC-10849,ELC,Generic,Bluetooth speaker / audio — Amplifier 2-channel,GEN-AMPLIFIER-2-CHAN-10849,Standard,—,,154,2,2,1688,,Shenzhen Huaqiang Mobile Trading,no,"Qalab elektaroonik cusub, tayo la hubiyay."
GRS-ELC-10850,ELC,Generic,Bluetooth speaker / audio — Mixer 8-channel,GEN-MIXER-8-CHANNEL-10850,Standard,—,,174,2,2,1688,,Shenzhen Huaqiang Mobile Trading,no,"Qalab elektaroonik cusub, tayo la hubiyay."
GRS-ELC-10851,ELC,Generic,Bluetooth speaker / audio — Portable speaker 20W,GEN-PORTABLE-SPEAKER-10851,Standard,—,,190,2,2,1688,,Shenzhen Huaqiang Mobile Trading,no,"Qalab elektaroonik cusub, tayo la hubiyay."
GRS-ELC-10852,ELC,Generic,Camera & security — WiFi camera 2MP,GEN-WIFI-CAMERA-2MP-10852,Standard,—,,158,1,5,1688,,Shenzhen Huaqiang Mobile Trading,no,"Qalab elektaroonik cusub, tayo la hubiyay."
GRS-ELC-10853,ELC,Generic,Camera & security — WiFi camera 4MP solar,GEN-WIFI-CAMERA-4MP--10853,Standard,—,,181,1,5,1688,,Shenzhen Huaqiang Mobile Trading,no,"Qalab elektaroonik cusub, tayo la hubiyay."
GRS-ELC-10854,ELC,Generic,Camera & security — Dash camera,GEN-DASH-CAMERA-10854,Standard,—,,202,1,5,1688,,Shenzhen Huaqiang Mobile Trading,no,"Qalab elektaroonik cusub, tayo la hubiyay."
GRS-ELC-10855,ELC,Generic,Camera & security — Body camera,GEN-BODY-CAMERA-10855,Standard,—,,209,1,5,1688,,Shenzhen Huaqiang Mobile Trading,no,"Qalab elektaroonik cusub, tayo la hubiyay."
GRS-ELC-10856,ELC,Generic,Camera & security — Baby monitor,GEN-BABY-MONITOR-10856,Standard,—,,242,1,5,1688,,Shenzhen Huaqiang Mobile Trading,no,"Qalab elektaroonik cusub, tayo la hubiyay."
GRS-ELC-10857,ELC,Generic,Camera & security — Video doorbell,GEN-VIDEO-DOORBELL-10857,Standard,—,,277,1,5,1688,,Shenzhen Huaqiang Mobile Trading,no,"Qalab elektaroonik cusub, tayo la hubiyay."
GRS-ELC-10858,ELC,Generic,Camera & security — GPS tracker,GEN-GPS-TRACKER-10858,Standard,—,,285,1,5,1688,,Shenzhen Huaqiang Mobile Trading,no,"Qalab elektaroonik cusub, tayo la hubiyay."
GRS-ELC-10859,ELC,Generic,Camera & security — Alarm system kit,GEN-ALARM-SYSTEM-KIT-10859,Standard,—,,320,1,5,1688,,Shenzhen Huaqiang Mobile Trading,no,"Qalab elektaroonik cusub, tayo la hubiyay."
GRS-ELC-10860,ELC,Generic,Batteries & power — AA batteries (pack 40),GEN-AA-BATTERIES-PAC-10860,Standard,—,,60,2,5,1688,,Shenzhen Huaqiang Mobile Trading,no,"Qalab elektaroonik cusub, tayo la hubiyay."
GRS-ELC-10861,ELC,Generic,Batteries & power — AAA batteries (pack 40),GEN-AAA-BATTERIES-PA-10861,Standard,—,,66,2,5,1688,,Shenzhen Huaqiang Mobile Trading,no,"Qalab elektaroonik cusub, tayo la hubiyay."
GRS-ELC-10862,ELC,Generic,Batteries & power — Rechargeable AA (pack 8),GEN-RECHARGEABLE-AA--10862,Standard,—,,84,2,5,1688,,Shenzhen Huaqiang Mobile Trading,no,"Qalab elektaroonik cusub, tayo la hubiyay."
GRS-ELC-10863,ELC,Generic,Batteries & power — Power extension 6-way,GEN-POWER-EXTENSION--10863,Standard,—,,92,2,5,1688,,Shenzhen Huaqiang Mobile Trading,no,"Qalab elektaroonik cusub, tayo la hubiyay."
GRS-ELC-10864,ELC,Generic,Batteries & power — Surge protector,GEN-SURGE-PROTECTOR-10864,Standard,—,,95,2,5,1688,,Shenzhen Huaqiang Mobile Trading,no,"Qalab elektaroonik cusub, tayo la hubiyay."
GRS-ELC-10865,ELC,Generic,Batteries & power — Inverter 1000W,GEN-INVERTER-1000W-10865,Standard,—,,110,2,5,1688,,Shenzhen Huaqiang Mobile Trading,no,"Qalab elektaroonik cusub, tayo la hubiyay."
GRS-ELC-10866,ELC,Generic,Batteries & power — Inverter 3000W,GEN-INVERTER-3000W-10866,Standard,—,,115,2,5,1688,,Shenzhen Huaqiang Mobile Trading,no,"Qalab elektaroonik cusub, tayo la hubiyay."
GRS-ELC-10867,ELC,Generic,Batteries & power — Car jump pack,GEN-CAR-JUMP-PACK-10867,Standard,—,,125,2,5,1688,,Shenzhen Huaqiang Mobile Trading,no,"Qalab elektaroonik cusub, tayo la hubiyay."
GRS-ELC-10868,ELC,Generic,Retail / POS — Barcode scanner,GEN-BARCODE-SCANNER-10868,Standard,—,,352,3,2,1688,,Shenzhen Huaqiang Mobile Trading,no,"Qalab elektaroonik cusub, tayo la hubiyay."
GRS-ELC-10869,ELC,Generic,Retail / POS — Receipt printer 80mm,GEN-RECEIPT-PRINTER--10869,Standard,—,,396,3,2,1688,,Shenzhen Huaqiang Mobile Trading,no,"Qalab elektaroonik cusub, tayo la hubiyay."
GRS-ELC-10870,ELC,Generic,Retail / POS — POS terminal,GEN-POS-TERMINAL-10870,Standard,—,,453,3,2,1688,,Shenzhen Huaqiang Mobile Trading,no,"Qalab elektaroonik cusub, tayo la hubiyay."
GRS-ELC-10871,ELC,Generic,Retail / POS — Cash drawer,GEN-CASH-DRAWER-10871,Standard,—,,511,3,2,1688,,Shenzhen Huaqiang Mobile Trading,no,"Qalab elektaroonik cusub, tayo la hubiyay."
GRS-ELC-10872,ELC,Generic,Retail / POS — Label printer,GEN-LABEL-PRINTER-10872,Standard,—,,585,3,2,1688,,Shenzhen Huaqiang Mobile Trading,no,"Qalab elektaroonik cusub, tayo la hubiyay."
GRS-ELC-10873,ELC,Generic,Retail / POS — Money counter,GEN-MONEY-COUNTER-10873,Standard,—,,612,3,2,1688,,Shenzhen Huaqiang Mobile Trading,no,"Qalab elektaroonik cusub, tayo la hubiyay."
GRS-ELC-10874,ELC,Generic,Retail / POS — Weighing scale 30kg,GEN-WEIGHING-SCALE-3-10874,Standard,—,,661,3,2,1688,,Shenzhen Huaqiang Mobile Trading,no,"Qalab elektaroonik cusub, tayo la hubiyay."
GRS-ELC-10875,ELC,Generic,Retail / POS — Weighing scale 300kg,GEN-WEIGHING-SCALE-3-10875,Standard,—,,763,3,2,1688,,Shenzhen Huaqiang Mobile Trading,no,"Qalab elektaroonik cusub, tayo la hubiyay."
GRS-ELC-10876,ELC,Generic,Retail / POS — Price tag gun,GEN-PRICE-TAG-GUN-10876,Standard,—,,782,3,2,1688,,Shenzhen Huaqiang Mobile Trading,no,"Qalab elektaroonik cusub, tayo la hubiyay."
GRS-ELC-10877,ELC,Generic,Gaming & TV accessories — HDMI splitter,GEN-HDMI-SPLITTER-10877,Standard,—,,105,1,5,1688,,Shenzhen Huaqiang Mobile Trading,no,"Qalab elektaroonik cusub, tayo la hubiyay."
GRS-ELC-10878,ELC,Generic,Gaming & TV accessories — HDMI cable 3m,GEN-HDMI-CABLE-3M-10878,Standard,—,,117,1,5,1688,,Shenzhen Huaqiang Mobile Trading,no,"Qalab elektaroonik cusub, tayo la hubiyay."
GRS-ELC-10879,ELC,Generic,"Gaming & TV accessories — TV bracket 32-55""",GEN-TV-BRACKET-32-55-10879,Standard,—,,136,1,5,1688,,Shenzhen Huaqiang Mobile Trading,no,"Qalab elektaroonik cusub, tayo la hubiyay."
GRS-ELC-10880,ELC,Generic,"Gaming & TV accessories — TV bracket 55-85""",GEN-TV-BRACKET-55-85-10880,Standard,—,,145,1,5,1688,,Shenzhen Huaqiang Mobile Trading,no,"Qalab elektaroonik cusub, tayo la hubiyay."
GRS-ELC-10881,ELC,Generic,Gaming & TV accessories — Universal remote,GEN-UNIVERSAL-REMOTE-10881,Standard,—,,170,1,5,1688,,Shenzhen Huaqiang Mobile Trading,no,"Qalab elektaroonik cusub, tayo la hubiyay."
GRS-ELC-10882,ELC,Generic,Gaming & TV accessories — Gamepad,GEN-GAMEPAD-10882,Standard,—,,171,1,5,1688,,Shenzhen Huaqiang Mobile Trading,no,"Qalab elektaroonik cusub, tayo la hubiyay."
GRS-ELC-10883,ELC,Generic,Gaming & TV accessories — Antenna indoor,GEN-ANTENNA-INDOOR-10883,Standard,—,,188,1,5,1688,,Shenzhen Huaqiang Mobile Trading,no,"Qalab elektaroonik cusub, tayo la hubiyay."
GRS-ELC-10884,ELC,Generic,Gaming & TV accessories — Satellite dish 60cm,GEN-SATELLITE-DISH-6-10884,Standard,—,,202,1,5,1688,,Shenzhen Huaqiang Mobile Trading,no,"Qalab elektaroonik cusub, tayo la hubiyay."
GRS-PHN-10885,PHN,Samsung,Galaxy A04,SAM-A04-10885,4GB · 64GB,Black,#22232A,955,0.6,1,jd,,Shenzhen Huaqiang Mobile Trading,no,"Taleefan / agab taleefan cusub, sanduuqeeda ku jira. Dammaanad iibiye."
GRS-PHN-10885,PHN,Samsung,Galaxy A04,SAM-A04-10885,6GB · 128GB,Black,#22232A,1123,0.6,1,jd,,Shenzhen Huaqiang Mobile Trading,no,"Taleefan / agab taleefan cusub, sanduuqeeda ku jira. Dammaanad iibiye."
GRS-PHN-10885,PHN,Samsung,Galaxy A04,SAM-A04-10885,8GB · 256GB,Black,#22232A,1404,0.6,1,jd,,Shenzhen Huaqiang Mobile Trading,no,"Taleefan / agab taleefan cusub, sanduuqeeda ku jira. Dammaanad iibiye."
GRS-PHN-10886,PHN,Samsung,Galaxy A04s,SAM-A04S-10886,4GB · 64GB,Black,#22232A,1112,0.6,1,jd,,Shenzhen Huaqiang Mobile Trading,no,"Taleefan / agab taleefan cusub, sanduuqeeda ku jira. Dammaanad iibiye."
GRS-PHN-10886,PHN,Samsung,Galaxy A04s,SAM-A04S-10886,6GB · 128GB,Black,#22232A,1308,0.6,1,jd,,Shenzhen Huaqiang Mobile Trading,no,"Taleefan / agab taleefan cusub, sanduuqeeda ku jira. Dammaanad iibiye."
GRS-PHN-10886,PHN,Samsung,Galaxy A04s,SAM-A04S-10886,8GB · 256GB,Black,#22232A,1635,0.6,1,jd,,Shenzhen Huaqiang Mobile Trading,no,"Taleefan / agab taleefan cusub, sanduuqeeda ku jira. Dammaanad iibiye."
GRS-PHN-10887,PHN,Samsung,Galaxy A14,SAM-A14-10887,4GB · 64GB,Black,#22232A,1187,0.6,1,jd,,Shenzhen Huaqiang Mobile Trading,no,"Taleefan / agab taleefan cusub, sanduuqeeda ku jira. Dammaanad iibiye."
GRS-PHN-10887,PHN,Samsung,Galaxy A14,SAM-A14-10887,6GB · 128GB,Black,#22232A,1396,0.6,1,jd,,Shenzhen Huaqiang Mobile Trading,no,"Taleefan / agab taleefan cusub, sanduuqeeda ku jira. Dammaanad iibiye."
GRS-PHN-10887,PHN,Samsung,Galaxy A14,SAM-A14-10887,8GB · 256GB,Black,#22232A,1745,0.6,1,jd,,Shenzhen Huaqiang Mobile Trading,no,"Taleefan / agab taleefan cusub, sanduuqeeda ku jira. Dammaanad iibiye."
GRS-PHN-10888,PHN,Samsung,Galaxy A24,SAM-A24-10888,4GB · 64GB,Black,#22232A,1368,0.6,1,jd,,Shenzhen Huaqiang Mobile Trading,no,"Taleefan / agab taleefan cusub, sanduuqeeda ku jira. Dammaanad iibiye."
GRS-PHN-10888,PHN,Samsung,Galaxy A24,SAM-A24-10888,6GB · 128GB,Black,#22232A,1609,0.6,1,jd,,Shenzhen Huaqiang Mobile Trading,no,"Taleefan / agab taleefan cusub, sanduuqeeda ku jira. Dammaanad iibiye."
GRS-PHN-10888,PHN,Samsung,Galaxy A24,SAM-A24-10888,8GB · 256GB,Black,#22232A,2011,0.6,1,jd,,Shenzhen Huaqiang Mobile Trading,no,"Taleefan / agab taleefan cusub, sanduuqeeda ku jira. Dammaanad iibiye."
GRS-PHN-10889,PHN,Samsung,Galaxy A34,SAM-A34-10889,4GB · 64GB,Black,#22232A,1595,0.6,1,jd,,Shenzhen Huaqiang Mobile Trading,no,"Taleefan / agab taleefan cusub, sanduuqeeda ku jira. Dammaanad iibiye."
GRS-PHN-10889,PHN,Samsung,Galaxy A34,SAM-A34-10889,6GB · 128GB,Black,#22232A,1877,0.6,1,jd,,Shenzhen Huaqiang Mobile Trading,no,"Taleefan / agab taleefan cusub, sanduuqeeda ku jira. Dammaanad iibiye."
GRS-PHN-10889,PHN,Samsung,Galaxy A34,SAM-A34-10889,8GB · 256GB,Black,#22232A,2346,0.6,1,jd,,Shenzhen Huaqiang Mobile Trading,no,"Taleefan / agab taleefan cusub, sanduuqeeda ku jira. Dammaanad iibiye."
GRS-PHN-10890,PHN,Samsung,Galaxy A54,SAM-A54-10890,4GB · 64GB,Black,#22232A,1702,0.6,1,jd,,Shenzhen Huaqiang Mobile Trading,no,"Taleefan / agab taleefan cusub, sanduuqeeda ku jira. Dammaanad iibiye."
GRS-PHN-10890,PHN,Samsung,Galaxy A54,SAM-A54-10890,6GB · 128GB,Black,#22232A,2002,0.6,1,jd,,Shenzhen Huaqiang Mobile Trading,no,"Taleefan / agab taleefan cusub, sanduuqeeda ku jira. Dammaanad iibiye."
GRS-PHN-10890,PHN,Samsung,Galaxy A54,SAM-A54-10890,8GB · 256GB,Black,#22232A,2503,0.6,1,jd,,Shenzhen Huaqiang Mobile Trading,no,"Taleefan / agab taleefan cusub, sanduuqeeda ku jira. Dammaanad iibiye."
GRS-PHN-10891,PHN,Samsung,Galaxy S23,SAM-S23-10891,4GB · 64GB,Black,#22232A,1742,0.6,1,jd,,Shenzhen Huaqiang Mobile Trading,no,"Taleefan / agab taleefan cusub, sanduuqeeda ku jira. Dammaanad iibiye."
GRS-PHN-10891,PHN,Samsung,Galaxy S23,SAM-S23-10891,6GB · 128GB,Black,#22232A,2050,0.6,1,jd,,Shenzhen Huaqiang Mobile Trading,no,"Taleefan / agab taleefan cusub, sanduuqeeda ku jira. Dammaanad iibiye."
GRS-PHN-10891,PHN,Samsung,Galaxy S23,SAM-S23-10891,8GB · 256GB,Black,#22232A,2562,0.6,1,jd,,Shenzhen Huaqiang Mobile Trading,no,"Taleefan / agab taleefan cusub, sanduuqeeda ku jira. Dammaanad iibiye."
GRS-PHN-10892,PHN,Samsung,Galaxy S23 FE,SAM-S23-FE-10892,4GB · 64GB,Black,#22232A,1917,0.6,1,jd,,Shenzhen Huaqiang Mobile Trading,no,"Taleefan / agab taleefan cusub, sanduuqeeda ku jira. Dammaanad iibiye."
GRS-PHN-10892,PHN,Samsung,Galaxy S23 FE,SAM-S23-FE-10892,6GB · 128GB,Black,#22232A,2255,0.6,1,jd,,Shenzhen Huaqiang Mobile Trading,no,"Taleefan / agab taleefan cusub, sanduuqeeda ku jira. Dammaanad iibiye."
GRS-PHN-10892,PHN,Samsung,Galaxy S23 FE,SAM-S23-FE-10892,8GB · 256GB,Black,#22232A,2819,0.6,1,jd,,Shenzhen Huaqiang Mobile Trading,no,"Taleefan / agab taleefan cusub, sanduuqeeda ku jira. Dammaanad iibiye."
GRS-PHN-10893,PHN,Samsung,Galaxy M14,SAM-M14-10893,4GB · 64GB,Black,#22232A,2044,0.6,1,jd,,Shenzhen Huaqiang Mobile Trading,no,"Taleefan / agab taleefan cusub, sanduuqeeda ku jira. Dammaanad iibiye."
GRS-PHN-10893,PHN,Samsung,Galaxy M14,SAM-M14-10893,6GB · 128GB,Black,#22232A,2405,0.6,1,jd,,Shenzhen Huaqiang Mobile Trading,no,"Taleefan / agab taleefan cusub, sanduuqeeda ku jira. Dammaanad iibiye."
GRS-PHN-10893,PHN,Samsung,Galaxy M14,SAM-M14-10893,8GB · 256GB,Black,#22232A,3006,0.6,1,jd,,Shenzhen Huaqiang Mobile Trading,no,"Taleefan / agab taleefan cusub, sanduuqeeda ku jira. Dammaanad iibiye."
GRS-PHN-10894,PHN,Samsung,Galaxy M34,SAM-M34-10894,4GB · 64GB,Black,#22232A,2178,0.6,1,jd,,Shenzhen Huaqiang Mobile Trading,no,"Taleefan / agab taleefan cusub, sanduuqeeda ku jira. Dammaanad iibiye."
GRS-PHN-10894,PHN,Samsung,Galaxy M34,SAM-M34-10894,6GB · 128GB,Black,#22232A,2563,0.6,1,jd,,Shenzhen Huaqiang Mobile Trading,no,"Taleefan / agab taleefan cusub, sanduuqeeda ku jira. Dammaanad iibiye."
GRS-PHN-10894,PHN,Samsung,Galaxy M34,SAM-M34-10894,8GB · 256GB,Black,#22232A,3204,0.6,1,jd,,Shenzhen Huaqiang Mobile Trading,no,"Taleefan / agab taleefan cusub, sanduuqeeda ku jira. Dammaanad iibiye."
GRS-PHN-10895,PHN,Tecno,Spark 10,TEC-SPARK-10-10895,4GB · 64GB,Black,#22232A,546,0.6,1,1688,,Shenzhen Huaqiang Mobile Trading,no,"Taleefan / agab taleefan cusub, sanduuqeeda ku jira. Dammaanad iibiye."
GRS-PHN-10895,PHN,Tecno,Spark 10,TEC-SPARK-10-10895,6GB · 128GB,Black,#22232A,643,0.6,1,1688,,Shenzhen Huaqiang Mobile Trading,no,"Taleefan / agab taleefan cusub, sanduuqeeda ku jira. Dammaanad iibiye."
GRS-PHN-10895,PHN,Tecno,Spark 10,TEC-SPARK-10-10895,8GB · 256GB,Black,#22232A,803,0.6,1,1688,,Shenzhen Huaqiang Mobile Trading,no,"Taleefan / agab taleefan cusub, sanduuqeeda ku jira. Dammaanad iibiye."
GRS-PHN-10896,PHN,Tecno,Spark 10 Pro,TEC-SPARK-10-PRO-10896,4GB · 64GB,Black,#22232A,608,0.6,1,1688,,Shenzhen Huaqiang Mobile Trading,no,"Taleefan / agab taleefan cusub, sanduuqeeda ku jira. Dammaanad iibiye."
GRS-PHN-10896,PHN,Tecno,Spark 10 Pro,TEC-SPARK-10-PRO-10896,6GB · 128GB,Black,#22232A,715,0.6,1,1688,,Shenzhen Huaqiang Mobile Trading,no,"Taleefan / agab taleefan cusub, sanduuqeeda ku jira. Dammaanad iibiye."
GRS-PHN-10896,PHN,Tecno,Spark 10 Pro,TEC-SPARK-10-PRO-10896,8GB · 256GB,Black,#22232A,894,0.6,1,1688,,Shenzhen Huaqiang Mobile Trading,no,"Taleefan / agab taleefan cusub, sanduuqeeda ku jira. Dammaanad iibiye."
GRS-PHN-10897,PHN,Tecno,Spark 10C,TEC-SPARK-10C-10897,4GB · 64GB,Black,#22232A,766,0.6,1,1688,,Shenzhen Huaqiang Mobile Trading,no,"Taleefan / agab taleefan cusub, sanduuqeeda ku jira. Dammaanad iibiye."
GRS-PHN-10897,PHN,Tecno,Spark 10C,TEC-SPARK-10C-10897,6GB · 128GB,Black,#22232A,901,0.6,1,1688,,Shenzhen Huaqiang Mobile Trading,no,"Taleefan / agab taleefan cusub, sanduuqeeda ku jira. Dammaanad iibiye."
GRS-PHN-10897,PHN,Tecno,Spark 10C,TEC-SPARK-10C-10897,8GB · 256GB,Black,#22232A,1127,0.6,1,1688,,Shenzhen Huaqiang Mobile Trading,no,"Taleefan / agab taleefan cusub, sanduuqeeda ku jira. Dammaanad iibiye."
GRS-PHN-10898,PHN,Tecno,Camon 20,TEC-CAMON-20-10898,4GB · 64GB,Black,#22232A,811,0.6,1,1688,,Shenzhen Huaqiang Mobile Trading,no,"Taleefan / agab taleefan cusub, sanduuqeeda ku jira. Dammaanad iibiye."
GRS-PHN-10898,PHN,Tecno,Camon 20,TEC-CAMON-20-10898,6GB · 128GB,Black,#22232A,954,0.6,1,1688,,Shenzhen Huaqiang Mobile Trading,no,"Taleefan / agab taleefan cusub, sanduuqeeda ku jira. Dammaanad iibiye."
GRS-PHN-10898,PHN,Tecno,Camon 20,TEC-CAMON-20-10898,8GB · 256GB,Black,#22232A,1192,0.6,1,1688,,Shenzhen Huaqiang Mobile Trading,no,"Taleefan / agab taleefan cusub, sanduuqeeda ku jira. Dammaanad iibiye."
GRS-PHN-10899,PHN,Tecno,Camon 20 Pro,TEC-CAMON-20-PRO-10899,4GB · 64GB,Black,#22232A,907,0.6,1,1688,,Shenzhen Huaqiang Mobile Trading,no,"Taleefan / agab taleefan cusub, sanduuqeeda ku jira. Dammaanad iibiye."
GRS-PHN-10899,PHN,Tecno,Camon 20 Pro,TEC-CAMON-20-PRO-10899,6GB · 128GB,Black,#22232A,1067,0.6,1,1688,,Shenzhen Huaqiang Mobile Trading,no,"Taleefan / agab taleefan cusub, sanduuqeeda ku jira. Dammaanad iibiye."
GRS-PHN-10899,PHN,Tecno,Camon 20 Pro,TEC-CAMON-20-PRO-10899,8GB · 256GB,Black,#22232A,1334,0.6,1,1688,,Shenzhen Huaqiang Mobile Trading,no,"Taleefan / agab taleefan cusub, sanduuqeeda ku jira. Dammaanad iibiye."
GRS-PHN-10900,PHN,Tecno,Pop 8,TEC-POP-8-10900,4GB · 64GB,Black,#22232A,1012,0.6,1,1688,,Shenzhen Huaqiang Mobile Trading,no,"Taleefan / agab taleefan cusub, sanduuqeeda ku jira. Dammaanad iibiye."
GRS-PHN-10900,PHN,Tecno,Pop 8,TEC-POP-8-10900,6GB · 128GB,Black,#22232A,1191,0.6,1,1688,,Shenzhen Huaqiang Mobile Trading,no,"Taleefan / agab taleefan cusub, sanduuqeeda ku jira. Dammaanad iibiye."
GRS-PHN-10900,PHN,Tecno,Pop 8,TEC-POP-8-10900,8GB · 256GB,Black,#22232A,1488,0.6,1,1688,,Shenzhen Huaqiang Mobile Trading,no,"Taleefan / agab taleefan cusub, sanduuqeeda ku jira. Dammaanad iibiye."
GRS-PHN-10901,PHN,Tecno,Pop 7,TEC-POP-7-10901,4GB · 64GB,Black,#22232A,1118,0.6,1,1688,,Shenzhen Huaqiang Mobile Trading,no,"Taleefan / agab taleefan cusub, sanduuqeeda ku jira. Dammaanad iibiye."
GRS-PHN-10901,PHN,Tecno,Pop 7,TEC-POP-7-10901,6GB · 128GB,Black,#22232A,1315,0.6,1,1688,,Shenzhen Huaqiang Mobile Trading,no,"Taleefan / agab taleefan cusub, sanduuqeeda ku jira. Dammaanad iibiye."
GRS-PHN-10901,PHN,Tecno,Pop 7,TEC-POP-7-10901,8GB · 256GB,Black,#22232A,1643,0.6,1,1688,,Shenzhen Huaqiang Mobile Trading,no,"Taleefan / agab taleefan cusub, sanduuqeeda ku jira. Dammaanad iibiye."
GRS-PHN-10902,PHN,Tecno,Spark Go 2024,TEC-SPARK-GO-2024-10902,4GB · 64GB,Black,#22232A,1216,0.6,1,1688,,Shenzhen Huaqiang Mobile Trading,no,"Taleefan / agab taleefan cusub, sanduuqeeda ku jira. Dammaanad iibiye."
GRS-PHN-10902,PHN,Tecno,Spark Go 2024,TEC-SPARK-GO-2024-10902,6GB · 128GB,Black,#22232A,1431,0.6,1,1688,,Shenzhen Huaqiang Mobile Trading,no,"Taleefan / agab taleefan cusub, sanduuqeeda ku jira. Dammaanad iibiye."
GRS-PHN-10902,PHN,Tecno,Spark Go 2024,TEC-SPARK-GO-2024-10902,8GB · 256GB,Black,#22232A,1789,0.6,1,1688,,Shenzhen Huaqiang Mobile Trading,no,"Taleefan / agab taleefan cusub, sanduuqeeda ku jira. Dammaanad iibiye."
GRS-PHN-10903,PHN,Infinix,Hot 30,INF-HOT-30-10903,4GB · 64GB,Black,#22232A,503,0.6,1,1688,,Shenzhen Huaqiang Mobile Trading,no,"Taleefan / agab taleefan cusub, sanduuqeeda ku jira. Dammaanad iibiye."
GRS-PHN-10903,PHN,Infinix,Hot 30,INF-HOT-30-10903,6GB · 128GB,Black,#22232A,592,0.6,1,1688,,Shenzhen Huaqiang Mobile Trading,no,"Taleefan / agab taleefan cusub, sanduuqeeda ku jira. Dammaanad iibiye."
GRS-PHN-10903,PHN,Infinix,Hot 30,INF-HOT-30-10903,8GB · 256GB,Black,#22232A,740,0.6,1,1688,,Shenzhen Huaqiang Mobile Trading,no,"Taleefan / agab taleefan cusub, sanduuqeeda ku jira. Dammaanad iibiye."
GRS-PHN-10904,PHN,Infinix,Hot 30i,INF-HOT-30I-10904,4GB · 64GB,Black,#22232A,580,0.6,1,1688,,Shenzhen Huaqiang Mobile Trading,no,"Taleefan / agab taleefan cusub, sanduuqeeda ku jira. Dammaanad iibiye."
GRS-PHN-10904,PHN,Infinix,Hot 30i,INF-HOT-30I-10904,6GB · 128GB,Black,#22232A,682,0.6,1,1688,,Shenzhen Huaqiang Mobile Trading,no,"Taleefan / agab taleefan cusub, sanduuqeeda ku jira. Dammaanad iibiye."
GRS-PHN-10904,PHN,Infinix,Hot 30i,INF-HOT-30I-10904,8GB · 256GB,Black,#22232A,852,0.6,1,1688,,Shenzhen Huaqiang Mobile Trading,no,"Taleefan / agab taleefan cusub, sanduuqeeda ku jira. Dammaanad iibiye."
GRS-PHN-10905,PHN,Infinix,Hot 20,INF-HOT-20-10905,4GB · 64GB,Black,#22232A,666,0.6,1,1688,,Shenzhen Huaqiang Mobile Trading,no,"Taleefan / agab taleefan cusub, sanduuqeeda ku jira. Dammaanad iibiye."
GRS-PHN-10905,PHN,Infinix,Hot 20,INF-HOT-20-10905,6GB · 128GB,Black,#22232A,784,0.6,1,1688,,Shenzhen Huaqiang Mobile Trading,no,"Taleefan / agab taleefan cusub, sanduuqeeda ku jira. Dammaanad iibiye."
GRS-PHN-10905,PHN,Infinix,Hot 20,INF-HOT-20-10905,8GB · 256GB,Black,#22232A,980,0.6,1,1688,,Shenzhen Huaqiang Mobile Trading,no,"Taleefan / agab taleefan cusub, sanduuqeeda ku jira. Dammaanad iibiye."
GRS-PHN-10906,PHN,Infinix,Note 30,INF-NOTE-30-10906,4GB · 64GB,Black,#22232A,711,0.6,1,1688,,Shenzhen Huaqiang Mobile Trading,no,"Taleefan / agab taleefan cusub, sanduuqeeda ku jira. Dammaanad iibiye."
GRS-PHN-10906,PHN,Infinix,Note 30,INF-NOTE-30-10906,6GB · 128GB,Black,#22232A,836,0.6,1,1688,,Shenzhen Huaqiang Mobile Trading,no,"Taleefan / agab taleefan cusub, sanduuqeeda ku jira. Dammaanad iibiye."
GRS-PHN-10906,PHN,Infinix,Note 30,INF-NOTE-30-10906,8GB · 256GB,Black,#22232A,1045,0.6,1,1688,,Shenzhen Huaqiang Mobile Trading,no,"Taleefan / agab taleefan cusub, sanduuqeeda ku jira. Dammaanad iibiye."
GRS-PHN-10907,PHN,Infinix,Note 30 Pro,INF-NOTE-30-PRO-10907,4GB · 64GB,Black,#22232A,826,0.6,1,1688,,Shenzhen Huaqiang Mobile Trading,no,"Taleefan / agab taleefan cusub, sanduuqeeda ku jira. Dammaanad iibiye."
GRS-PHN-10907,PHN,Infinix,Note 30 Pro,INF-NOTE-30-PRO-10907,6GB · 128GB,Black,#22232A,972,0.6,1,1688,,Shenzhen Huaqiang Mobile Trading,no,"Taleefan / agab taleefan cusub, sanduuqeeda ku jira. Dammaanad iibiye."
GRS-PHN-10907,PHN,Infinix,Note 30 Pro,INF-NOTE-30-PRO-10907,8GB · 256GB,Black,#22232A,1215,0.6,1,1688,,Shenzhen Huaqiang Mobile Trading,no,"Taleefan / agab taleefan cusub, sanduuqeeda ku jira. Dammaanad iibiye."
GRS-PHN-10908,PHN,Infinix,Smart 7,INF-SMART-7-10908,4GB · 64GB,Black,#22232A,940,0.6,1,1688,,Shenzhen Huaqiang Mobile Trading,no,"Taleefan / agab taleefan cusub, sanduuqeeda ku jira. Dammaanad iibiye."
GRS-PHN-10908,PHN,Infinix,Smart 7,INF-SMART-7-10908,6GB · 128GB,Black,#22232A,1106,0.6,1,1688,,Shenzhen Huaqiang Mobile Trading,no,"Taleefan / agab taleefan cusub, sanduuqeeda ku jira. Dammaanad iibiye."
GRS-PHN-10908,PHN,Infinix,Smart 7,INF-SMART-7-10908,8GB · 256GB,Black,#22232A,1382,0.6,1,1688,,Shenzhen Huaqiang Mobile Trading,no,"Taleefan / agab taleefan cusub, sanduuqeeda ku jira. Dammaanad iibiye."
GRS-PHN-10909,PHN,Infinix,Zero 20,INF-ZERO-20-10909,4GB · 64GB,Black,#22232A,1057,0.6,1,1688,,Shenzhen Huaqiang Mobile Trading,no,"Taleefan / agab taleefan cusub, sanduuqeeda ku jira. Dammaanad iibiye."
GRS-PHN-10909,PHN,Infinix,Zero 20,INF-ZERO-20-10909,6GB · 128GB,Black,#22232A,1244,0.6,1,1688,,Shenzhen Huaqiang Mobile Trading,no,"Taleefan / agab taleefan cusub, sanduuqeeda ku jira. Dammaanad iibiye."
GRS-PHN-10909,PHN,Infinix,Zero 20,INF-ZERO-20-10909,8GB · 256GB,Black,#22232A,1555,0.6,1,1688,,Shenzhen Huaqiang Mobile Trading,no,"Taleefan / agab taleefan cusub, sanduuqeeda ku jira. Dammaanad iibiye."
GRS-PHN-10910,PHN,Infinix,Hot 12,INF-HOT-12-10910,4GB · 64GB,Black,#22232A,1119,0.6,1,1688,,Shenzhen Huaqiang Mobile Trading,no,"Taleefan / agab taleefan cusub, sanduuqeeda ku jira. Dammaanad iibiye."
GRS-PHN-10910,PHN,Infinix,Hot 12,INF-HOT-12-10910,6GB · 128GB,Black,#22232A,1316,0.6,1,1688,,Shenzhen Huaqiang Mobile Trading,no,"Taleefan / agab taleefan cusub, sanduuqeeda ku jira. Dammaanad iibiye."
GRS-PHN-10910,PHN,Infinix,Hot 12,INF-HOT-12-10910,8GB · 256GB,Black,#22232A,1645,0.6,1,1688,,Shenzhen Huaqiang Mobile Trading,no,"Taleefan / agab taleefan cusub, sanduuqeeda ku jira. Dammaanad iibiye."
GRS-PHN-10911,PHN,Apple,iPhone SE 3,APP-SE-3-10911,4GB · 64GB,White,#F3F1EC,3292,0.6,1,jd,,Shenzhen Huaqiang Mobile Trading,no,"Taleefan / agab taleefan cusub, sanduuqeeda ku jira. Dammaanad iibiye."
GRS-PHN-10911,PHN,Apple,iPhone SE 3,APP-SE-3-10911,6GB · 128GB,White,#F3F1EC,3873,0.6,1,jd,,Shenzhen Huaqiang Mobile Trading,no,"Taleefan / agab taleefan cusub, sanduuqeeda ku jira. Dammaanad iibiye."
GRS-PHN-10911,PHN,Apple,iPhone SE 3,APP-SE-3-10911,8GB · 256GB,White,#F3F1EC,4841,0.6,1,jd,,Shenzhen Huaqiang Mobile Trading,no,"Taleefan / agab taleefan cusub, sanduuqeeda ku jira. Dammaanad iibiye."
GRS-PHN-10912,PHN,Apple,iPhone 11,APP-11-10912,4GB · 64GB,White,#F3F1EC,3796,0.6,1,jd,,Shenzhen Huaqiang Mobile Trading,no,"Taleefan / agab taleefan cusub, sanduuqeeda ku jira. Dammaanad iibiye."
GRS-PHN-10912,PHN,Apple,iPhone 11,APP-11-10912,6GB · 128GB,White,#F3F1EC,4465,0.6,1,jd,,Shenzhen Huaqiang Mobile Trading,no,"Taleefan / agab taleefan cusub, sanduuqeeda ku jira. Dammaanad iibiye."
GRS-PHN-10912,PHN,Apple,iPhone 11,APP-11-10912,8GB · 256GB,White,#F3F1EC,5582,0.6,1,jd,,Shenzhen Huaqiang Mobile Trading,no,"Taleefan / agab taleefan cusub, sanduuqeeda ku jira. Dammaanad iibiye."
GRS-PHN-10913,PHN,Apple,iPhone 12,APP-12-10913,4GB · 64GB,White,#F3F1EC,4017,0.6,1,jd,,Shenzhen Huaqiang Mobile Trading,no,"Taleefan / agab taleefan cusub, sanduuqeeda ku jira. Dammaanad iibiye."
GRS-PHN-10913,PHN,Apple,iPhone 12,APP-12-10913,6GB · 128GB,White,#F3F1EC,4726,0.6,1,jd,,Shenzhen Huaqiang Mobile Trading,no,"Taleefan / agab taleefan cusub, sanduuqeeda ku jira. Dammaanad iibiye."
GRS-PHN-10913,PHN,Apple,iPhone 12,APP-12-10913,8GB · 256GB,White,#F3F1EC,5908,0.6,1,jd,,Shenzhen Huaqiang Mobile Trading,no,"Taleefan / agab taleefan cusub, sanduuqeeda ku jira. Dammaanad iibiye."
GRS-PHN-10914,PHN,Apple,iPhone 13,APP-13-10914,4GB · 64GB,White,#F3F1EC,4683,0.6,1,jd,,Shenzhen Huaqiang Mobile Trading,no,"Taleefan / agab taleefan cusub, sanduuqeeda ku jira. Dammaanad iibiye."
GRS-PHN-10914,PHN,Apple,iPhone 13,APP-13-10914,6GB · 128GB,White,#F3F1EC,5510,0.6,1,jd,,Shenzhen Huaqiang Mobile Trading,no,"Taleefan / agab taleefan cusub, sanduuqeeda ku jira. Dammaanad iibiye."
GRS-PHN-10914,PHN,Apple,iPhone 13,APP-13-10914,8GB · 256GB,White,#F3F1EC,6887,0.6,1,jd,,Shenzhen Huaqiang Mobile Trading,no,"Taleefan / agab taleefan cusub, sanduuqeeda ku jira. Dammaanad iibiye."
GRS-PHN-10915,PHN,Apple,iPhone 14,APP-14-10915,4GB · 64GB,White,#F3F1EC,5197,0.6,1,jd,,Shenzhen Huaqiang Mobile Trading,no,"Taleefan / agab taleefan cusub, sanduuqeeda ku jira. Dammaanad iibiye."
GRS-PHN-10915,PHN,Apple,iPhone 14,APP-14-10915,6GB · 128GB,White,#F3F1EC,6114,0.6,1,jd,,Shenzhen Huaqiang Mobile Trading,no,"Taleefan / agab taleefan cusub, sanduuqeeda ku jira. Dammaanad iibiye."
GRS-PHN-10915,PHN,Apple,iPhone 14,APP-14-10915,8GB · 256GB,White,#F3F1EC,7643,0.6,1,jd,,Shenzhen Huaqiang Mobile Trading,no,"Taleefan / agab taleefan cusub, sanduuqeeda ku jira. Dammaanad iibiye."
GRS-PHN-10916,PHN,Apple,iPhone 14 Pro,APP-14-PRO-10916,4GB · 64GB,White,#F3F1EC,5919,0.6,1,jd,,Shenzhen Huaqiang Mobile Trading,no,"Taleefan / agab taleefan cusub, sanduuqeeda ku jira. Dammaanad iibiye."
GRS-PHN-10916,PHN,Apple,iPhone 14 Pro,APP-14-PRO-10916,6GB · 128GB,White,#F3F1EC,6964,0.6,1,jd,,Shenzhen Huaqiang Mobile Trading,no,"Taleefan / agab taleefan cusub, sanduuqeeda ku jira. Dammaanad iibiye."
GRS-PHN-10916,PHN,Apple,iPhone 14 Pro,APP-14-PRO-10916,8GB · 256GB,White,#F3F1EC,8705,0.6,1,jd,,Shenzhen Huaqiang Mobile Trading,no,"Taleefan / agab taleefan cusub, sanduuqeeda ku jira. Dammaanad iibiye."
GRS-PHN-10917,PHN,Apple,iPhone 15,APP-15-10917,4GB · 64GB,White,#F3F1EC,6032,0.6,1,jd,,Shenzhen Huaqiang Mobile Trading,no,"Taleefan / agab taleefan cusub, sanduuqeeda ku jira. Dammaanad iibiye."
GRS-PHN-10917,PHN,Apple,iPhone 15,APP-15-10917,6GB · 128GB,White,#F3F1EC,7096,0.6,1,jd,,Shenzhen Huaqiang Mobile Trading,no,"Taleefan / agab taleefan cusub, sanduuqeeda ku jira. Dammaanad iibiye."
GRS-PHN-10917,PHN,Apple,iPhone 15,APP-15-10917,8GB · 256GB,White,#F3F1EC,8870,0.6,1,jd,,Shenzhen Huaqiang Mobile Trading,no,"Taleefan / agab taleefan cusub, sanduuqeeda ku jira. Dammaanad iibiye."
GRS-PHN-10918,PHN,Apple,iPhone 15 Plus,APP-15-PLUS-10918,4GB · 64GB,White,#F3F1EC,6747,0.6,1,jd,,Shenzhen Huaqiang Mobile Trading,no,"Taleefan / agab taleefan cusub, sanduuqeeda ku jira. Dammaanad iibiye."
GRS-PHN-10918,PHN,Apple,iPhone 15 Plus,APP-15-PLUS-10918,6GB · 128GB,White,#F3F1EC,7938,0.6,1,jd,,Shenzhen Huaqiang Mobile Trading,no,"Taleefan / agab taleefan cusub, sanduuqeeda ku jira. Dammaanad iibiye."
GRS-PHN-10918,PHN,Apple,iPhone 15 Plus,APP-15-PLUS-10918,8GB · 256GB,White,#F3F1EC,9922,0.6,1,jd,,Shenzhen Huaqiang Mobile Trading,no,"Taleefan / agab taleefan cusub, sanduuqeeda ku jira. Dammaanad iibiye."
GRS-PHN-10919,PHN,Apple,iPhone 15 Pro,APP-15-PRO-10919,4GB · 64GB,White,#F3F1EC,7373,0.6,1,jd,,Shenzhen Huaqiang Mobile Trading,no,"Taleefan / agab taleefan cusub, sanduuqeeda ku jira. Dammaanad iibiye."
GRS-PHN-10919,PHN,Apple,iPhone 15 Pro,APP-15-PRO-10919,6GB · 128GB,White,#F3F1EC,8674,0.6,1,jd,,Shenzhen Huaqiang Mobile Trading,no,"Taleefan / agab taleefan cusub, sanduuqeeda ku jira. Dammaanad iibiye."
GRS-PHN-10919,PHN,Apple,iPhone 15 Pro,APP-15-PRO-10919,8GB · 256GB,White,#F3F1EC,10842,0.6,1,jd,,Shenzhen Huaqiang Mobile Trading,no,"Taleefan / agab taleefan cusub, sanduuqeeda ku jira. Dammaanad iibiye."
GRS-PHN-10920,PHN,Apple,iPhone 16,APP-16-10920,4GB · 64GB,White,#F3F1EC,8154,0.6,1,jd,,Shenzhen Huaqiang Mobile Trading,no,"Taleefan / agab taleefan cusub, sanduuqeeda ku jira. Dammaanad iibiye."
GRS-PHN-10920,PHN,Apple,iPhone 16,APP-16-10920,6GB · 128GB,White,#F3F1EC,9593,0.6,1,jd,,Shenzhen Huaqiang Mobile Trading,no,"Taleefan / agab taleefan cusub, sanduuqeeda ku jira. Dammaanad iibiye."
GRS-PHN-10920,PHN,Apple,iPhone 16,APP-16-10920,8GB · 256GB,White,#F3F1EC,11991,0.6,1,jd,,Shenzhen Huaqiang Mobile Trading,no,"Taleefan / agab taleefan cusub, sanduuqeeda ku jira. Dammaanad iibiye."
GRS-CMP-10921,CMP,Apple,MacBook Air 13 M1,APP-AIR-13-M1-10921,8GB · 256GB,White,#F3F1EC,7065,1.6,1,jd,,Dongguan Lianxin Computer Parts,no,"Qalab kombiyuutar / xafiis cusub, dammaanad 12 bil."
GRS-CMP-10921,CMP,Apple,MacBook Air 13 M1,APP-AIR-13-M1-10921,16GB · 512GB,White,#F3F1EC,8832,1.6,1,jd,,Dongguan Lianxin Computer Parts,no,"Qalab kombiyuutar / xafiis cusub, dammaanad 12 bil."
GRS-CMP-10921,CMP,Apple,MacBook Air 13 M1,APP-AIR-13-M1-10921,32GB · 1TB,White,#F3F1EC,12011,1.6,1,jd,,Dongguan Lianxin Computer Parts,no,"Qalab kombiyuutar / xafiis cusub, dammaanad 12 bil."
GRS-CMP-10922,CMP,Apple,MacBook Air 13 M2,APP-AIR-13-M2-10922,8GB · 256GB,White,#F3F1EC,7993,1.6,1,jd,,Dongguan Lianxin Computer Parts,no,"Qalab kombiyuutar / xafiis cusub, dammaanad 12 bil."
GRS-CMP-10922,CMP,Apple,MacBook Air 13 M2,APP-AIR-13-M2-10922,16GB · 512GB,White,#F3F1EC,9992,1.6,1,jd,,Dongguan Lianxin Computer Parts,no,"Qalab kombiyuutar / xafiis cusub, dammaanad 12 bil."
GRS-CMP-10922,CMP,Apple,MacBook Air 13 M2,APP-AIR-13-M2-10922,32GB · 1TB,White,#F3F1EC,13589,1.6,1,jd,,Dongguan Lianxin Computer Parts,no,"Qalab kombiyuutar / xafiis cusub, dammaanad 12 bil."
GRS-CMP-10923,CMP,Apple,MacBook Air 15 M2,APP-AIR-15-M2-10923,8GB · 256GB,White,#F3F1EC,8608,1.6,1,jd,,Dongguan Lianxin Computer Parts,no,"Qalab kombiyuutar / xafiis cusub, dammaanad 12 bil."
GRS-CMP-10923,CMP,Apple,MacBook Air 15 M2,APP-AIR-15-M2-10923,16GB · 512GB,White,#F3F1EC,10760,1.6,1,jd,,Dongguan Lianxin Computer Parts,no,"Qalab kombiyuutar / xafiis cusub, dammaanad 12 bil."
GRS-CMP-10923,CMP,Apple,MacBook Air 15 M2,APP-AIR-15-M2-10923,32GB · 1TB,White,#F3F1EC,14634,1.6,1,jd,,Dongguan Lianxin Computer Parts,no,"Qalab kombiyuutar / xafiis cusub, dammaanad 12 bil."
GRS-CMP-10924,CMP,Apple,MacBook Air 13 M3,APP-AIR-13-M3-10924,8GB · 256GB,White,#F3F1EC,10386,1.6,1,jd,,Dongguan Lianxin Computer Parts,no,"Qalab kombiyuutar / xafiis cusub, dammaanad 12 bil."
GRS-CMP-10924,CMP,Apple,MacBook Air 13 M3,APP-AIR-13-M3-10924,16GB · 512GB,White,#F3F1EC,12982,1.6,1,jd,,Dongguan Lianxin Computer Parts,no,"Qalab kombiyuutar / xafiis cusub, dammaanad 12 bil."
GRS-CMP-10924,CMP,Apple,MacBook Air 13 M3,APP-AIR-13-M3-10924,32GB · 1TB,White,#F3F1EC,17656,1.6,1,jd,,Dongguan Lianxin Computer Parts,no,"Qalab kombiyuutar / xafiis cusub, dammaanad 12 bil."
GRS-CMP-10925,CMP,Apple,MacBook Pro 14 M3,APP-PRO-14-M3-10925,8GB · 256GB,White,#F3F1EC,11691,1.6,1,jd,,Dongguan Lianxin Computer Parts,no,"Qalab kombiyuutar / xafiis cusub, dammaanad 12 bil."
GRS-CMP-10925,CMP,Apple,MacBook Pro 14 M3,APP-PRO-14-M3-10925,16GB · 512GB,White,#F3F1EC,14614,1.6,1,jd,,Dongguan Lianxin Computer Parts,no,"Qalab kombiyuutar / xafiis cusub, dammaanad 12 bil."
GRS-CMP-10925,CMP,Apple,MacBook Pro 14 M3,APP-PRO-14-M3-10925,32GB · 1TB,White,#F3F1EC,19875,1.6,1,jd,,Dongguan Lianxin Computer Parts,no,"Qalab kombiyuutar / xafiis cusub, dammaanad 12 bil."
GRS-CMP-10926,CMP,Generic,Desktop PC Core i3 office,GEN-CORE-I3-OFFICE-10926,8GB · 256GB,—,,2213,8,1,1688,,Dongguan Lianxin Computer Parts,no,"Qalab kombiyuutar / xafiis cusub, dammaanad 12 bil."
GRS-CMP-10926,CMP,Generic,Desktop PC Core i3 office,GEN-CORE-I3-OFFICE-10926,16GB · 512GB,—,,2766,8,1,1688,,Dongguan Lianxin Computer Parts,no,"Qalab kombiyuutar / xafiis cusub, dammaanad 12 bil."
GRS-CMP-10926,CMP,Generic,Desktop PC Core i3 office,GEN-CORE-I3-OFFICE-10926,32GB · 1TB,—,,3762,8,1,1688,,Dongguan Lianxin Computer Parts,no,"Qalab kombiyuutar / xafiis cusub, dammaanad 12 bil."
GRS-CMP-10927,CMP,Generic,Desktop PC Core i5 office,GEN-CORE-I5-OFFICE-10927,8GB · 256GB,—,,2507,8,1,1688,,Dongguan Lianxin Computer Parts,no,"Qalab kombiyuutar / xafiis cusub, dammaanad 12 bil."
GRS-CMP-10927,CMP,Generic,Desktop PC Core i5 office,GEN-CORE-I5-OFFICE-10927,16GB · 512GB,—,,3134,8,1,1688,,Dongguan Lianxin Computer Parts,no,"Qalab kombiyuutar / xafiis cusub, dammaanad 12 bil."
GRS-CMP-10927,CMP,Generic,Desktop PC Core i5 office,GEN-CORE-I5-OFFICE-10927,32GB · 1TB,—,,4262,8,1,1688,,Dongguan Lianxin Computer Parts,no,"Qalab kombiyuutar / xafiis cusub, dammaanad 12 bil."
GRS-CMP-10928,CMP,Generic,Desktop PC Core i7 workstation,GEN-CORE-I7-WORKSTAT-10928,8GB · 256GB,—,,2904,8,1,1688,,Dongguan Lianxin Computer Parts,no,"Qalab kombiyuutar / xafiis cusub, dammaanad 12 bil."
GRS-CMP-10928,CMP,Generic,Desktop PC Core i7 workstation,GEN-CORE-I7-WORKSTAT-10928,16GB · 512GB,—,,3630,8,1,1688,,Dongguan Lianxin Computer Parts,no,"Qalab kombiyuutar / xafiis cusub, dammaanad 12 bil."
GRS-CMP-10928,CMP,Generic,Desktop PC Core i7 workstation,GEN-CORE-I7-WORKSTAT-10928,32GB · 1TB,—,,4937,8,1,1688,,Dongguan Lianxin Computer Parts,no,"Qalab kombiyuutar / xafiis cusub, dammaanad 12 bil."
GRS-CMP-10929,CMP,Generic,Desktop PC Ryzen 5 gaming,GEN-RYZEN-5-GAMING-10929,8GB · 256GB,—,,3116,8,1,1688,,Dongguan Lianxin Computer Parts,no,"Qalab kombiyuutar / xafiis cusub, dammaanad 12 bil."
GRS-CMP-10929,CMP,Generic,Desktop PC Ryzen 5 gaming,GEN-RYZEN-5-GAMING-10929,16GB · 512GB,—,,3895,8,1,1688,,Dongguan Lianxin Computer Parts,no,"Qalab kombiyuutar / xafiis cusub, dammaanad 12 bil."
GRS-CMP-10929,CMP,Generic,Desktop PC Ryzen 5 gaming,GEN-RYZEN-5-GAMING-10929,32GB · 1TB,—,,5297,8,1,1688,,Dongguan Lianxin Computer Parts,no,"Qalab kombiyuutar / xafiis cusub, dammaanad 12 bil."
GRS-CMP-10930,CMP,Generic,Desktop PC Ryzen 7 gaming,GEN-RYZEN-7-GAMING-10930,8GB · 256GB,—,,3700,8,1,1688,,Dongguan Lianxin Computer Parts,no,"Qalab kombiyuutar / xafiis cusub, dammaanad 12 bil."
GRS-CMP-10930,CMP,Generic,Desktop PC Ryzen 7 gaming,GEN-RYZEN-7-GAMING-10930,16GB · 512GB,—,,4626,8,1,1688,,Dongguan Lianxin Computer Parts,no,"Qalab kombiyuutar / xafiis cusub, dammaanad 12 bil."
GRS-CMP-10930,CMP,Generic,Desktop PC Ryzen 7 gaming,GEN-RYZEN-7-GAMING-10930,32GB · 1TB,—,,6291,8,1,1688,,Dongguan Lianxin Computer Parts,no,"Qalab kombiyuutar / xafiis cusub, dammaanad 12 bil."
GRS-CMP-10931,CMP,Generic,"Desktop PC All-in-one 24"" i5",GEN-ALL-IN-ONE-24-I5-10931,8GB · 256GB,—,,4191,8,1,1688,,Dongguan Lianxin Computer Parts,no,"Qalab kombiyuutar / xafiis cusub, dammaanad 12 bil."
GRS-CMP-10931,CMP,Generic,"Desktop PC All-in-one 24"" i5",GEN-ALL-IN-ONE-24-I5-10931,16GB · 512GB,—,,5239,8,1,1688,,Dongguan Lianxin Computer Parts,no,"Qalab kombiyuutar / xafiis cusub, dammaanad 12 bil."
GRS-CMP-10931,CMP,Generic,"Desktop PC All-in-one 24"" i5",GEN-ALL-IN-ONE-24-I5-10931,32GB · 1TB,—,,7125,8,1,1688,,Dongguan Lianxin Computer Parts,no,"Qalab kombiyuutar / xafiis cusub, dammaanad 12 bil."
GRS-APL-10932,APL,Generic,Blender / juicer Blender 1.5L,GEN-BLENDER-1-5L-10932,Standard,—,,120,3,5,1688,,Guangzhou Baiyun Home Appliance,no,"Qalab guri cusub, 220V, koronto yar."
GRS-APL-10933,APL,Generic,Blender / juicer Blender 2L,GEN-BLENDER-2L-10933,Standard,—,,143,3,5,1688,,Guangzhou Baiyun Home Appliance,no,"Qalab guri cusub, 220V, koronto yar."
GRS-APL-10934,APL,Generic,Blender / juicer Juicer 800W,GEN-JUICER-800W-10934,Standard,—,,165,3,5,1688,,Guangzhou Baiyun Home Appliance,no,"Qalab guri cusub, 220V, koronto yar."
GRS-APL-10935,APL,Generic,Blender / juicer Juice extractor slow,GEN-JUICE-EXTRACTOR--10935,Standard,—,,171,3,5,1688,,Guangzhou Baiyun Home Appliance,no,"Qalab guri cusub, 220V, koronto yar."
GRS-APL-10936,APL,Generic,Blender / juicer Hand mixer,GEN-HAND-MIXER-10936,Standard,—,,207,3,5,1688,,Guangzhou Baiyun Home Appliance,no,"Qalab guri cusub, 220V, koronto yar."
GRS-APL-10937,APL,Generic,Blender / juicer Stand mixer 5L,GEN-STAND-MIXER-5L-10937,Standard,—,,219,3,5,1688,,Guangzhou Baiyun Home Appliance,no,"Qalab guri cusub, 220V, koronto yar."
GRS-APL-10938,APL,Generic,Blender / juicer Food chopper,GEN-FOOD-CHOPPER-10938,Standard,—,,227,3,5,1688,,Guangzhou Baiyun Home Appliance,no,"Qalab guri cusub, 220V, koronto yar."
GRS-APL-10939,APL,Generic,Blender / juicer Coffee grinder,GEN-COFFEE-GRINDER-10939,Standard,—,,242,3,5,1688,,Guangzhou Baiyun Home Appliance,no,"Qalab guri cusub, 220V, koronto yar."
GRS-APL-10940,APL,Generic,Rice cooker 1.8L,GEN-1-8L-10940,Standard,—,,107,3,5,1688,,Guangzhou Baiyun Home Appliance,no,"Qalab guri cusub, 220V, koronto yar."
GRS-APL-10941,APL,Generic,Rice cooker 2.8L,GEN-2-8L-10941,Standard,—,,129,3,5,1688,,Guangzhou Baiyun Home Appliance,no,"Qalab guri cusub, 220V, koronto yar."
GRS-APL-10942,APL,Generic,Rice cooker 4L,GEN-4L-10942,Standard,—,,149,3,5,1688,,Guangzhou Baiyun Home Appliance,no,"Qalab guri cusub, 220V, koronto yar."
GRS-APL-10943,APL,Generic,Rice cooker 5L,GEN-5L-10943,Standard,—,,159,3,5,1688,,Guangzhou Baiyun Home Appliance,no,"Qalab guri cusub, 220V, koronto yar."
GRS-APL-10944,APL,Generic,Rice cooker 8L,GEN-8L-10944,Standard,—,,190,3,5,1688,,Guangzhou Baiyun Home Appliance,no,"Qalab guri cusub, 220V, koronto yar."
GRS-APL-10945,APL,Generic,Rice cooker 10L commercial,GEN-10L-COMMERCIAL-10945,Standard,—,,195,3,5,1688,,Guangzhou Baiyun Home Appliance,no,"Qalab guri cusub, 220V, koronto yar."
GRS-APL-10946,APL,Singer,sewing machine Domestic 4423,SIN-DOMESTIC-4423-10946,Standard,—,,498,9,1,1688,,Guangzhou Baiyun Home Appliance,no,"Qalab guri cusub, 220V, koronto yar."
GRS-APL-10947,APL,Singer,sewing machine Domestic 4432,SIN-DOMESTIC-4432-10947,Standard,—,,554,9,1,1688,,Guangzhou Baiyun Home Appliance,no,"Qalab guri cusub, 220V, koronto yar."
GRS-APL-10948,APL,Singer,sewing machine Heavy Duty 4452,SIN-HEAVY-DUTY-4452-10948,Standard,—,,698,9,1,1688,,Guangzhou Baiyun Home Appliance,no,"Qalab guri cusub, 220V, koronto yar."
GRS-APL-10949,APL,Singer,sewing machine Portable,SIN-PORTABLE-10949,Standard,—,,708,9,1,1688,,Guangzhou Baiyun Home Appliance,no,"Qalab guri cusub, 220V, koronto yar."
GRS-APL-10950,APL,Singer,sewing machine Industrial straight stitch,SIN-INDUSTRIAL-STRAI-10950,Standard,—,,860,9,1,1688,,Guangzhou Baiyun Home Appliance,no,"Qalab guri cusub, 220V, koronto yar."
GRS-APL-10951,APL,Singer,sewing machine Industrial overlock,SIN-INDUSTRIAL-OVERL-10951,Standard,—,,905,9,1,1688,,Guangzhou Baiyun Home Appliance,no,"Qalab guri cusub, 220V, koronto yar."
GRS-BLD-10952,BLD,Generic,Farm & irrigation — Drip kit 1 acre,GEN-DRIP-KIT-1-ACRE-10952,Standard,—,,403,12,1,1688,,Dongguan Lianxin Computer Parts,no,"Qalab dhismo, korontada iyo amniga."
GRS-BLD-10953,BLD,Generic,Farm & irrigation — Sprinkler set 20pc,GEN-SPRINKLER-SET-20-10953,Standard,—,,467,12,1,1688,,Dongguan Lianxin Computer Parts,no,"Qalab dhismo, korontada iyo amniga."
GRS-BLD-10954,BLD,Generic,Farm & irrigation — Hose 50m,GEN-HOSE-50M-10954,Standard,—,,513,12,1,1688,,Dongguan Lianxin Computer Parts,no,"Qalab dhismo, korontada iyo amniga."
GRS-BLD-10955,BLD,Generic,Farm & irrigation — Knapsack sprayer 16L,GEN-KNAPSACK-SPRAYER-10955,Standard,—,,621,12,1,1688,,Dongguan Lianxin Computer Parts,no,"Qalab dhismo, korontada iyo amniga."
GRS-BLD-10956,BLD,Generic,"Farm & irrigation — Diesel pump 3""",GEN-DIESEL-PUMP-3-10956,Standard,—,,695,12,1,1688,,Dongguan Lianxin Computer Parts,no,"Qalab dhismo, korontada iyo amniga."
GRS-BLD-10957,BLD,Generic,"Farm & irrigation — Diesel pump 4""",GEN-DIESEL-PUMP-4-10957,Standard,—,,747,12,1,1688,,Dongguan Lianxin Computer Parts,no,"Qalab dhismo, korontada iyo amniga."
GRS-BLD-10958,BLD,Generic,Farm & irrigation — Grain mill 5HP,GEN-GRAIN-MILL-5HP-10958,Standard,—,,794,12,1,1688,,Dongguan Lianxin Computer Parts,no,"Qalab dhismo, korontada iyo amniga."
GRS-BLD-10959,BLD,Generic,Farm & irrigation — Maize sheller,GEN-MAIZE-SHELLER-10959,Standard,—,,810,12,1,1688,,Dongguan Lianxin Computer Parts,no,"Qalab dhismo, korontada iyo amniga."
GRS-BLD-10960,BLD,Generic,Farm & irrigation — Hand tractor 12HP,GEN-HAND-TRACTOR-12H-10960,Standard,—,,948,12,1,1688,,Dongguan Lianxin Computer Parts,no,"Qalab dhismo, korontada iyo amniga."
GRS-BLD-10961,BLD,Generic,Farm & irrigation — Chaff cutter,GEN-CHAFF-CUTTER-10961,Standard,—,,951,12,1,1688,,Dongguan Lianxin Computer Parts,no,"Qalab dhismo, korontada iyo amniga."
GRS-HOM-10962,HOM,Generic,Baby & kids — Baby stroller,GEN-BABY-STROLLER-10962,Standard,—,,73,2,5,1688,,Yiwu Jinlong Household Goods,no,"Alaab wax-karin iyo guri, tayo wanaagsan."
GRS-HOM-10963,HOM,Generic,Baby & kids — Baby cot,GEN-BABY-COT-10963,Standard,—,,79,2,5,1688,,Yiwu Jinlong Household Goods,no,"Alaab wax-karin iyo guri, tayo wanaagsan."
GRS-HOM-10964,HOM,Generic,Baby & kids — Feeding bottles (pack 6),GEN-FEEDING-BOTTLES--10964,Standard,—,,93,2,5,1688,,Yiwu Jinlong Household Goods,no,"Alaab wax-karin iyo guri, tayo wanaagsan."
GRS-HOM-10965,HOM,Generic,Baby & kids — Diapers (carton),GEN-DIAPERS-CARTON-10965,Standard,—,,108,2,5,1688,,Yiwu Jinlong Household Goods,no,"Alaab wax-karin iyo guri, tayo wanaagsan."
GRS-HOM-10966,HOM,Generic,Baby & kids — Baby bath tub,GEN-BABY-BATH-TUB-10966,Standard,—,,110,2,5,1688,,Yiwu Jinlong Household Goods,no,"Alaab wax-karin iyo guri, tayo wanaagsan."
GRS-HOM-10967,HOM,Generic,Baby & kids — High chair,GEN-HIGH-CHAIR-10967,Standard,—,,127,2,5,1688,,Yiwu Jinlong Household Goods,no,"Alaab wax-karin iyo guri, tayo wanaagsan."
GRS-HOM-10968,HOM,Generic,"Baby & kids — Kids bicycle 16""",GEN-KIDS-BICYCLE-16-10968,Standard,—,,130,2,5,1688,,Yiwu Jinlong Household Goods,no,"Alaab wax-karin iyo guri, tayo wanaagsan."
GRS-HOM-10969,HOM,Generic,Baby & kids — School lunch bag,GEN-SCHOOL-LUNCH-BAG-10969,Standard,—,,140,2,5,1688,,Yiwu Jinlong Household Goods,no,"Alaab wax-karin iyo guri, tayo wanaagsan."
GRS-HOM-10970,HOM,Generic,Beauty & care — Hair clipper set,GEN-HAIR-CLIPPER-SET-10970,Standard,—,,38,1,10,1688,,Yiwu Jinlong Household Goods,no,"Alaab wax-karin iyo guri, tayo wanaagsan."
GRS-HOM-10971,HOM,Generic,Beauty & care — Hair dryer 2200W,GEN-HAIR-DRYER-2200W-10971,Standard,—,,49,1,10,1688,,Yiwu Jinlong Household Goods,no,"Alaab wax-karin iyo guri, tayo wanaagsan."
GRS-HOM-10972,HOM,Generic,Beauty & care — Straightener,GEN-STRAIGHTENER-10972,Standard,—,,56,1,10,1688,,Yiwu Jinlong Household Goods,no,"Alaab wax-karin iyo guri, tayo wanaagsan."
GRS-HOM-10973,HOM,Generic,Beauty & care — Perfume oil (dozen),GEN-PERFUME-OIL-DOZE-10973,Standard,—,,60,1,10,1688,,Yiwu Jinlong Household Goods,no,"Alaab wax-karin iyo guri, tayo wanaagsan."
GRS-HOM-10974,HOM,Generic,Beauty & care — Oud incense set,GEN-OUD-INCENSE-SET-10974,Standard,—,,64,1,10,1688,,Yiwu Jinlong Household Goods,no,"Alaab wax-karin iyo guri, tayo wanaagsan."
GRS-HOM-10975,HOM,Generic,Beauty & care — Body lotion (carton),GEN-BODY-LOTION-CART-10975,Standard,—,,73,1,10,1688,,Yiwu Jinlong Household Goods,no,"Alaab wax-karin iyo guri, tayo wanaagsan."
GRS-HOM-10976,HOM,Generic,Beauty & care — Razor set (pack 20),GEN-RAZOR-SET-PACK-2-10976,Standard,—,,81,1,10,1688,,Yiwu Jinlong Household Goods,no,"Alaab wax-karin iyo guri, tayo wanaagsan."
GRS-HOM-10977,HOM,Generic,Beauty & care — Nail care kit,GEN-NAIL-CARE-KIT-10977,Standard,—,,84,1,10,1688,,Yiwu Jinlong Household Goods,no,"Alaab wax-karin iyo guri, tayo wanaagsan."
GRS-HOM-10978,HOM,Generic,Sports & outdoor — Football size 5 (pack 5),GEN-FOOTBALL-SIZE-5--10978,Standard,—,,91,4,5,1688,,Yiwu Jinlong Household Goods,no,"Alaab wax-karin iyo guri, tayo wanaagsan."
GRS-HOM-10979,HOM,Generic,Sports & outdoor — Gym bench,GEN-GYM-BENCH-10979,Standard,—,,108,4,5,1688,,Yiwu Jinlong Household Goods,no,"Alaab wax-karin iyo guri, tayo wanaagsan."
GRS-HOM-10980,HOM,Generic,Sports & outdoor — Dumbbell set 20kg,GEN-DUMBBELL-SET-20K-10980,Standard,—,,112,4,5,1688,,Yiwu Jinlong Household Goods,no,"Alaab wax-karin iyo guri, tayo wanaagsan."
GRS-HOM-10981,HOM,Generic,Sports & outdoor — Skipping rope (pack 10),GEN-SKIPPING-ROPE-PA-10981,Standard,—,,128,4,5,1688,,Yiwu Jinlong Household Goods,no,"Alaab wax-karin iyo guri, tayo wanaagsan."
GRS-HOM-10982,HOM,Generic,Sports & outdoor — Camping tent 4-person,GEN-CAMPING-TENT-4-P-10982,Standard,—,,147,4,5,1688,,Yiwu Jinlong Household Goods,no,"Alaab wax-karin iyo guri, tayo wanaagsan."
GRS-HOM-10983,HOM,Generic,Sports & outdoor — Sleeping bag,GEN-SLEEPING-BAG-10983,Standard,—,,155,4,5,1688,,Yiwu Jinlong Household Goods,no,"Alaab wax-karin iyo guri, tayo wanaagsan."
GRS-HOM-10984,HOM,Generic,Sports & outdoor — Water bottle 1L (pack 10),GEN-WATER-BOTTLE-1L--10984,Standard,—,,174,4,5,1688,,Yiwu Jinlong Household Goods,no,"Alaab wax-karin iyo guri, tayo wanaagsan."
GRS-HOM-10985,HOM,Generic,Sports & outdoor — Cool box 30L,GEN-COOL-BOX-30L-10985,Standard,—,,192,4,5,1688,,Yiwu Jinlong Household Goods,no,"Alaab wax-karin iyo guri, tayo wanaagsan."
GRS-ELC-10986,ELC,Generic,Smart watch — GT Pro,GEN-GT-PRO-10986,Standard,White,#F3F1EC,106,0.2,5,1688,,Shenzhen Huaqiang Mobile Trading,no,"Qalab elektaroonik cusub, tayo la hubiyay."
GRS-ELC-10986,ELC,Generic,Smart watch — GT Pro,GEN-GT-PRO-10986,Standard,Black,#26262A,106,0.2,5,1688,,Shenzhen Huaqiang Mobile Trading,no,"Qalab elektaroonik cusub, tayo la hubiyay."
GRS-ELC-10986,ELC,Generic,Smart watch — GT Pro,GEN-GT-PRO-10986,Standard,Silver,#C4C7CC,106,0.2,5,1688,,Shenzhen Huaqiang Mobile Trading,no,"Qalab elektaroonik cusub, tayo la hubiyay."
GRS-ELC-10987,ELC,Generic,Smart watch — Ultra 2,GEN-ULTRA-2-10987,Standard,White,#F3F1EC,128,0.2,5,1688,,Shenzhen Huaqiang Mobile Trading,no,"Qalab elektaroonik cusub, tayo la hubiyay."
GRS-ELC-10987,ELC,Generic,Smart watch — Ultra 2,GEN-ULTRA-2-10987,Standard,Black,#26262A,128,0.2,5,1688,,Shenzhen Huaqiang Mobile Trading,no,"Qalab elektaroonik cusub, tayo la hubiyay."
GRS-ELC-10987,ELC,Generic,Smart watch — Ultra 2,GEN-ULTRA-2-10987,Standard,Silver,#C4C7CC,128,0.2,5,1688,,Shenzhen Huaqiang Mobile Trading,no,"Qalab elektaroonik cusub, tayo la hubiyay."
GRS-ELC-10988,ELC,Generic,Smart watch — Kids GPS,GEN-KIDS-GPS-10988,Standard,White,#F3F1EC,141,0.2,5,1688,,Shenzhen Huaqiang Mobile Trading,no,"Qalab elektaroonik cusub, tayo la hubiyay."
GRS-ELC-10988,ELC,Generic,Smart watch — Kids GPS,GEN-KIDS-GPS-10988,Standard,Black,#26262A,141,0.2,5,1688,,Shenzhen Huaqiang Mobile Trading,no,"Qalab elektaroonik cusub, tayo la hubiyay."
GRS-ELC-10988,ELC,Generic,Smart watch — Kids GPS,GEN-KIDS-GPS-10988,Standard,Silver,#C4C7CC,141,0.2,5,1688,,Shenzhen Huaqiang Mobile Trading,no,"Qalab elektaroonik cusub, tayo la hubiyay."
GRS-ELC-10989,ELC,Generic,Smart watch — Fitness band,GEN-FITNESS-BAND-10989,Standard,White,#F3F1EC,164,0.2,5,1688,,Shenzhen Huaqiang Mobile Trading,no,"Qalab elektaroonik cusub, tayo la hubiyay."
GRS-ELC-10989,ELC,Generic,Smart watch — Fitness band,GEN-FITNESS-BAND-10989,Standard,Black,#26262A,164,0.2,5,1688,,Shenzhen Huaqiang Mobile Trading,no,"Qalab elektaroonik cusub, tayo la hubiyay."
GRS-ELC-10989,ELC,Generic,Smart watch — Fitness band,GEN-FITNESS-BAND-10989,Standard,Silver,#C4C7CC,164,0.2,5,1688,,Shenzhen Huaqiang Mobile Trading,no,"Qalab elektaroonik cusub, tayo la hubiyay."
GRS-ELC-10990,ELC,Generic,Smart watch — Watch 9,GEN-WATCH-9-10990,Standard,White,#F3F1EC,177,0.2,5,1688,,Shenzhen Huaqiang Mobile Trading,no,"Qalab elektaroonik cusub, tayo la hubiyay."
GRS-ELC-10990,ELC,Generic,Smart watch — Watch 9,GEN-WATCH-9-10990,Standard,Black,#26262A,177,0.2,5,1688,,Shenzhen Huaqiang Mobile Trading,no,"Qalab elektaroonik cusub, tayo la hubiyay."
GRS-ELC-10990,ELC,Generic,Smart watch — Watch 9,GEN-WATCH-9-10990,Standard,Silver,#C4C7CC,177,0.2,5,1688,,Shenzhen Huaqiang Mobile Trading,no,"Qalab elektaroonik cusub, tayo la hubiyay."
GRS-ELC-10991,ELC,Generic,Smart watch — Sport S1,GEN-SPORT-S1-10991,Standard,White,#F3F1EC,201,0.2,5,1688,,Shenzhen Huaqiang Mobile Trading,no,"Qalab elektaroonik cusub, tayo la hubiyay."
GRS-ELC-10991,ELC,Generic,Smart watch — Sport S1,GEN-SPORT-S1-10991,Standard,Black,#26262A,201,0.2,5,1688,,Shenzhen Huaqiang Mobile Trading,no,"Qalab elektaroonik cusub, tayo la hubiyay."
GRS-ELC-10991,ELC,Generic,Smart watch — Sport S1,GEN-SPORT-S1-10991,Standard,Silver,#C4C7CC,201,0.2,5,1688,,Shenzhen Huaqiang Mobile Trading,no,"Qalab elektaroonik cusub, tayo la hubiyay."
GRS-CLO-10992,CLO,Generic,Bags & accessories — Ladies handbag,GEN-LADIES-HANDBAG-10992,Standard,—,,47,0.8,10,1688,,Yiwu Jinlong Household Goods,no,"Dhar iyo kabo cusub, cabbirro kala duwan."
GRS-CLO-10993,CLO,Generic,Bags & accessories — Backpack travel,GEN-BACKPACK-TRAVEL-10993,Standard,—,,59,0.8,10,1688,,Yiwu Jinlong Household Goods,no,"Dhar iyo kabo cusub, cabbirro kala duwan."
GRS-CLO-10994,CLO,Generic,Bags & accessories — Wallet (pack 10),GEN-WALLET-PACK-10-10994,Standard,—,,63,0.8,10,1688,,Yiwu Jinlong Household Goods,no,"Dhar iyo kabo cusub, cabbirro kala duwan."
GRS-CLO-10995,CLO,Generic,Bags & accessories — Belt (pack 10),GEN-BELT-PACK-10-10995,Standard,—,,78,0.8,10,1688,,Yiwu Jinlong Household Goods,no,"Dhar iyo kabo cusub, cabbirro kala duwan."
GRS-CLO-10996,CLO,Generic,Bags & accessories — Sunglasses (pack 10),GEN-SUNGLASSES-PACK--10996,Standard,—,,83,0.8,10,1688,,Yiwu Jinlong Household Goods,no,"Dhar iyo kabo cusub, cabbirro kala duwan."
GRS-CLO-10997,CLO,Generic,Bags & accessories — Watches men (pack 5),GEN-WATCHES-MEN-PACK-10997,Standard,—,,90,0.8,10,1688,,Yiwu Jinlong Household Goods,no,"Dhar iyo kabo cusub, cabbirro kala duwan."
GRS-CLO-10998,CLO,Generic,Bags & accessories — Scarf (pack 10),GEN-SCARF-PACK-10-10998,Standard,—,,97,0.8,10,1688,,Yiwu Jinlong Household Goods,no,"Dhar iyo kabo cusub, cabbirro kala duwan."
GRS-CLO-10999,CLO,Generic,Bags & accessories — Umbrella (pack 5),GEN-UMBRELLA-PACK-5-10999,Standard,—,,108,0.8,10,1688,,Yiwu Jinlong Household Goods,no,"Dhar iyo kabo cusub, cabbirro kala duwan."
